case_id,amount_due,days_overdue,credit_score,dca_id,dca_success_rate,risk_score,priority,status
C1,16795,176,368,DCA_01,0.6255128055965193,0.49825521513329474,MEDIUM,RECOVERED
C2,1860,358,601,DCA_02,0.410045431272148,0.5703036833405819,MEDIUM,RECOVERED
C3,77820,253,452,DCA_02,0.7467490030809201,0.4660248272816886,MEDIUM,RECOVERED
C4,55886,246,836,DCA_01,0.8416400657560064,0.3300199939847027,MEDIUM,RECOVERED
C5,7265,227,334,DCA_01,0.8884298239064774,0.5251459689669276,MEDIUM,RECOVERED
C6,83386,106,314,DCA_02,0.8152666744778816,0.43286283450166274,MEDIUM,IN_PROGRESS
C7,38194,193,405,DCA_01,0.4158881312119391,0.535335711806236,MEDIUM,RECOVERED
C8,88498,316,373,DCA_01,0.7259269840884048,0.5846158924194818,MEDIUM,IN_PROGRESS
C9,45131,302,584,DCA_02,0.6478296231569349,0.49522504526026534,MEDIUM,IN_PROGRESS
C10,61263,36,849,DCA_01,0.8689477466069577,0.16111745667587984,LOW,RECOVERED
C11,17023,204,496,DCA_01,0.8510694323469926,0.4464481438747606,MEDIUM,RECOVERED
C12,42090,267,579,DCA_01,0.8940230871911037,0.44706737576691424,MEDIUM,RECOVERED
C13,68221,268,855,DCA_02,0.8309671121308413,0.3424020508634741,MEDIUM,RECOVERED
C14,65820,170,452,DCA_02,0.6734460669285753,0.4993571607694116,MEDIUM,RECOVERED
C15,1769,39,590,DCA_01,0.7574502577050528,0.33554555771776906,MEDIUM,IN_PROGRESS
C16,60735,139,441,DCA_02,0.88233861818327,0.43011929999530574,MEDIUM,RECOVERED
C17,63955,292,611,DCA_01,0.6890583638832963,0.40879438505142485,MEDIUM,IN_PROGRESS
C18,65925,52,331,DCA_02,0.8199895935061317,0.48293896126350744,MEDIUM,RECOVERED
C19,68969,287,325,DCA_01,0.87110493806103,0.5860925412503457,MEDIUM,RECOVERED
C20,6311,289,554,DCA_02,0.6852688456243969,0.48263654502780007,MEDIUM,RECOVERED
C21,84104,141,355,DCA_01,0.4795771230400885,0.5098813289507564,MEDIUM,IN_PROGRESS
C22,54707,146,592,DCA_02,0.4777816965701072,0.40596734824426484,MEDIUM,RECOVERED
C23,86305,314,529,DCA_02,0.4576585870839799,0.5230390825073441,MEDIUM,IN_PROGRESS
C24,29693,184,352,DCA_02,0.6381615901374702,0.5477412978639995,MEDIUM,RECOVERED
C25,72932,152,400,DCA_01,0.6400707891363772,0.5274183141361735,MEDIUM,RECOVERED
C26,94016,201,766,DCA_02,0.7086855941856018,0.33623705308918017,MEDIUM,RECOVERED
C27,26658,128,566,DCA_01,0.6414364070603733,0.34642186928515273,MEDIUM,RECOVERED
C28,85478,287,301,DCA_01,0.8865275077420125,0.5592439972541778,MEDIUM,IN_PROGRESS
C29,19431,311,321,DCA_02,0.5456554102994765,0.6023742584107243,HIGH,IN_PROGRESS
C30,3747,253,877,DCA_01,0.836908312772327,0.28894048935042427,LOW,RECOVERED
C31,60150,266,511,DCA_01,0.4501652138085973,0.5126497322308483,MEDIUM,RECOVERED
C32,66725,188,535,DCA_02,0.7009588390183653,0.5321853265846219,MEDIUM,RECOVERED
C33,85654,230,828,DCA_01,0.7241626086797668,0.39677920280412193,MEDIUM,IN_PROGRESS
C34,36773,271,687,DCA_02,0.7861150632882254,0.3827123360918745,MEDIUM,RECOVERED
C35,68435,259,313,DCA_02,0.6515111064726004,0.5542193277313634,MEDIUM,IN_PROGRESS
C36,57886,299,818,DCA_02,0.4986131435126513,0.33906662231152596,MEDIUM,IN_PROGRESS
C37,67803,198,521,DCA_02,0.58449880628172,0.4176347512441074,MEDIUM,IN_PROGRESS
C38,32551,323,702,DCA_01,0.5360807582478146,0.4875175242547838,MEDIUM,RECOVERED
C39,12394,56,812,DCA_01,0.6095527578176012,0.2836172500501428,LOW,RECOVERED
C40,70092,319,586,DCA_02,0.6649841538563501,0.52763971607179,MEDIUM,RECOVERED
C41,4890,203,683,DCA_01,0.7125351456886246,0.3500603136228133,MEDIUM,IN_PROGRESS
C42,42606,271,546,DCA_01,0.8225609724583812,0.44652244545445763,MEDIUM,IN_PROGRESS
C43,97276,109,390,DCA_01,0.8550051605301778,0.4913064369337061,MEDIUM,RECOVERED
C44,81038,116,611,DCA_02,0.6312906424506839,0.3394026879890122,MEDIUM,RECOVERED
C45,88313,92,736,DCA_02,0.444335718678127,0.3387781548068244,MEDIUM,RECOVERED
C46,11627,138,342,DCA_02,0.7985325948008604,0.5144401698971721,MEDIUM,IN_PROGRESS
C47,9792,303,373,DCA_02,0.638578862570195,0.6401659993190802,HIGH,IN_PROGRESS
C48,74969,57,860,DCA_02,0.6732233006856305,0.22408218033209903,LOW,IN_PROGRESS
C49,44001,50,615,DCA_02,0.6978970699864693,0.3051363726564005,MEDIUM,RECOVERED
C50,77552,71,443,DCA_01,0.7339338793709951,0.3352480010046056,MEDIUM,RECOVERED
C51,24897,82,628,DCA_01,0.8450504300162539,0.3645718644555551,MEDIUM,RECOVERED
C52,69148,105,508,DCA_01,0.8760730976050956,0.4248703095774974,MEDIUM,IN_PROGRESS
C53,24483,88,398,DCA_02,0.8700846595291434,0.42096572103894114,MEDIUM,RECOVERED
C54,49555,2,413,DCA_02,0.8047318261415173,0.38870243843121055,MEDIUM,RECOVERED
C55,18159,360,474,DCA_01,0.8446211267919015,0.5195298955511584,MEDIUM,RECOVERED
C56,81077,84,570,DCA_02,0.424827384474179,0.3319783977895657,MEDIUM,RECOVERED
C57,36920,43,362,DCA_01,0.8245563332273288,0.4380232927412274,MEDIUM,RECOVERED
C58,93067,154,703,DCA_02,0.4361326184270123,0.3615205215315088,MEDIUM,RECOVERED
C59,68121,327,524,DCA_01,0.7730969537931534,0.5098956455869293,MEDIUM,RECOVERED
C60,70479,94,460,DCA_02,0.4846818107968324,0.3922635401962292,MEDIUM,IN_PROGRESS
C61,90475,298,335,DCA_02,0.5800552229059721,0.6846062721437622,HIGH,IN_PROGRESS
C62,20457,133,680,DCA_01,0.4920918395771306,0.33592114992383504,MEDIUM,IN_PROGRESS
C63,67557,65,617,DCA_02,0.6217308183186387,0.2880652784727279,LOW,RECOVERED
C64,78189,290,755,DCA_02,0.6058737219083101,0.4620570431454619,MEDIUM,RECOVERED
C65,79953,257,568,DCA_02,0.4240314219863719,0.5306175936937811,MEDIUM,RECOVERED
C66,53995,213,643,DCA_01,0.815248972551375,0.423304758015257,MEDIUM,RECOVERED
C67,41757,148,339,DCA_01,0.8270932478972126,0.5826352631985992,MEDIUM,IN_PROGRESS
C68,10692,61,713,DCA_01,0.7937536220024979,0.286267540883938,LOW,RECOVERED
C69,46758,149,679,DCA_02,0.8238033016156345,0.37605160558991435,MEDIUM,IN_PROGRESS
C70,73409,88,521,DCA_01,0.7754395176556463,0.41155312195688454,MEDIUM,RECOVERED
C71,72211,324,580,DCA_01,0.868742222686572,0.5527292395120297,MEDIUM,IN_PROGRESS
C72,66697,278,524,DCA_02,0.6881961250999026,0.517818127897112,MEDIUM,IN_PROGRESS
C73,38065,82,756,DCA_01,0.6913212732930931,0.2805804332038807,LOW,RECOVERED
C74,93093,129,453,DCA_02,0.8299549542125957,0.44802895110625585,MEDIUM,RECOVERED
C75,33606,286,579,DCA_01,0.5747077733592985,0.5360163433350709,MEDIUM,IN_PROGRESS
C76,12534,353,652,DCA_01,0.4250411771012855,0.46343037744379745,MEDIUM,RECOVERED
C77,95663,280,338,DCA_01,0.7749276976990813,0.609688452814822,HIGH,RECOVERED
C78,41397,270,872,DCA_02,0.5272945897051813,0.3266959052901932,MEDIUM,IN_PROGRESS
C79,92387,292,788,DCA_01,0.6371179060149801,0.3936691370754145,MEDIUM,IN_PROGRESS
C80,2016,203,497,DCA_02,0.5202199178372496,0.4883981320104188,MEDIUM,RECOVERED
C81,90789,24,575,DCA_01,0.8135454260140993,0.31613200009328213,MEDIUM,RECOVERED
C82,56591,351,471,DCA_02,0.8791464825397386,0.6150840035144545,HIGH,RECOVERED
C83,90812,311,807,DCA_02,0.4275115518002939,0.3554457185881513,MEDIUM,IN_PROGRESS
C84,24247,208,704,DCA_01,0.5166858157318341,0.32694233027155417,MEDIUM,IN_PROGRESS
C85,25300,280,570,DCA_01,0.4947810619076551,0.39626589880789187,MEDIUM,IN_PROGRESS
C86,75065,205,853,DCA_02,0.7366017563707332,0.2980314619500073,LOW,RECOVERED
C87,83798,152,430,DCA_02,0.614339199887671,0.5548307413241452,MEDIUM,RECOVERED
C88,10268,26,684,DCA_02,0.6281308317571137,0.24496961841167442,LOW,RECOVERED
C89,87807,194,696,DCA_01,0.4785395421901715,0.30135998872936254,MEDIUM,RECOVERED
C90,13185,336,865,DCA_01,0.6073673207648977,0.393563627439354,MEDIUM,RECOVERED
C91,64704,238,595,DCA_01,0.5516141403116912,0.4272707248869726,MEDIUM,RECOVERED
C92,87779,321,682,DCA_01,0.7055954573353393,0.5239175322035791,MEDIUM,IN_PROGRESS
C93,40099,75,811,DCA_02,0.5086191143683807,0.27877591668724744,LOW,RECOVERED
C94,9571,163,694,DCA_02,0.7074056705630237,0.361168709657948,MEDIUM,RECOVERED
C95,39044,299,853,DCA_01,0.5888725959294625,0.39017642311337297,MEDIUM,IN_PROGRESS
C96,52214,29,559,DCA_02,0.5731472810141982,0.35383358261545184,MEDIUM,RECOVERED
C97,62228,165,580,DCA_02,0.5527783170805068,0.4285623750428864,MEDIUM,IN_PROGRESS
C98,49984,337,655,DCA_01,0.736916747012915,0.4546497475178767,MEDIUM,RECOVERED
C99,41774,186,719,DCA_01,0.681209202716488,0.2816500129803726,LOW,IN_PROGRESS
C100,3568,54,491,DCA_02,0.8258608500010709,0.45859903688898906,MEDIUM,RECOVERED
C101,63592,295,727,DCA_01,0.5208050887876949,0.41281836326951393,MEDIUM,RECOVERED
C102,68563,42,647,DCA_02,0.4200597897056228,0.31212982216723295,MEDIUM,RECOVERED
C103,3695,285,728,DCA_02,0.491011740918955,0.36996253056757367,MEDIUM,RECOVERED
C104,49190,138,691,DCA_02,0.5716781821644382,0.3148417761216802,MEDIUM,RECOVERED
C105,6258,187,640,DCA_01,0.4898274951542593,0.4164845708354309,MEDIUM,RECOVERED
C106,88538,204,846,DCA_02,0.44175533875318,0.32255506877007356,MEDIUM,RECOVERED
C107,40504,42,701,DCA_01,0.6226692365847843,0.23219075873606587,LOW,RECOVERED
C108,34159,350,346,DCA_01,0.7384668318762196,0.635144269919224,HIGH,IN_PROGRESS
C109,14986,288,724,DCA_01,0.7757853834769888,0.38657849493586405,MEDIUM,RECOVERED
C110,62858,26,816,DCA_01,0.5993636623593017,0.22018624252435992,LOW,IN_PROGRESS
C111,13666,56,627,DCA_01,0.6390222972735242,0.3912863401831881,MEDIUM,IN_PROGRESS
C112,39660,253,386,DCA_02,0.7777352466874004,0.614577277361259,HIGH,RECOVERED
C113,4561,122,814,DCA_02,0.5763539151541726,0.22564151827809975,LOW,IN_PROGRESS
C114,27854,106,464,DCA_02,0.7923831056339863,0.3900900253677647,MEDIUM,RECOVERED
C115,65505,130,522,DCA_01,0.8836880327994849,0.41633672653185283,MEDIUM,RECOVERED
C116,53251,337,596,DCA_01,0.8402403116706902,0.4991135059940086,MEDIUM,IN_PROGRESS
C117,23662,158,750,DCA_02,0.6267976683435136,0.37483246980011153,MEDIUM,RECOVERED
C118,9392,231,642,DCA_01,0.6897592474444625,0.35783388144192807,MEDIUM,IN_PROGRESS
C119,31535,308,640,DCA_02,0.7582131933280333,0.44297687849806244,MEDIUM,RECOVERED
C120,79603,91,760,DCA_01,0.5746502212180904,0.30575536267178605,MEDIUM,RECOVERED
C121,53256,22,691,DCA_01,0.799619049988143,0.3027297430359761,MEDIUM,RECOVERED
C122,90135,290,836,DCA_02,0.6184584976402655,0.33152691191442674,MEDIUM,RECOVERED
C123,36222,110,850,DCA_02,0.823420779050217,0.2302308263400008,LOW,RECOVERED
C124,78373,49,720,DCA_01,0.5273669474630327,0.29363851432964594,LOW,RECOVERED
C125,80575,129,680,DCA_02,0.4056890281664161,0.2895365294241732,LOW,RECOVERED
C126,97354,73,304,DCA_02,0.7163441979861875,0.46012916490517786,MEDIUM,RECOVERED
C127,85651,340,303,DCA_01,0.6259445587465629,0.626166017114513,HIGH,IN_PROGRESS
C128,64335,53,615,DCA_01,0.4299115585087801,0.284166327742735,LOW,RECOVERED
C129,11965,356,377,DCA_01,0.6438061765365378,0.5978138508937338,MEDIUM,RECOVERED
C130,25538,168,830,DCA_02,0.4842849227107574,0.27735361298267447,LOW,IN_PROGRESS
C131,71592,45,654,DCA_02,0.7148745813405317,0.34553044080587003,MEDIUM,IN_PROGRESS
C132,99018,105,332,DCA_02,0.6225227888224623,0.5658890119058738,MEDIUM,RECOVERED
C133,9110,150,438,DCA_01,0.485562375952476,0.4323866620718183,MEDIUM,IN_PROGRESS
C134,80309,146,571,DCA_01,0.6059694736060415,0.41348043434581716,MEDIUM,IN_PROGRESS
C135,28266,204,495,DCA_01,0.5163544040887345,0.49151274176440074,MEDIUM,IN_PROGRESS
C136,53992,362,426,DCA_02,0.7265483902364573,0.5491795451275024,MEDIUM,IN_PROGRESS
C137,83948,299,648,DCA_02,0.5475716870228652,0.4192937963362524,MEDIUM,RECOVERED
C138,99806,167,343,DCA_01,0.8110086750256515,0.5053020456116113,MEDIUM,IN_PROGRESS
C139,7910,201,543,DCA_02,0.4070816027457561,0.44117718913150816,MEDIUM,RECOVERED
C140,91982,134,308,DCA_01,0.6017089882711475,0.4561846942351774,MEDIUM,RECOVERED
C141,1206,211,378,DCA_01,0.7085402277939856,0.4911128857447674,MEDIUM,IN_PROGRESS
C142,88054,48,489,DCA_01,0.4113041422245815,0.3412550872328548,MEDIUM,RECOVERED
C143,88897,126,385,DCA_02,0.5079209512620273,0.5091423896276022,MEDIUM,IN_PROGRESS
C144,24419,239,784,DCA_01,0.56370997976473,0.271697999866644,LOW,RECOVERED
C145,51636,7,570,DCA_02,0.4109222772911721,0.34122609698153883,MEDIUM,IN_PROGRESS
C146,51015,272,812,DCA_02,0.6733453524253352,0.37329333678102017,MEDIUM,IN_PROGRESS
C147,55268,37,319,DCA_01,0.7154341945422416,0.5013150163620842,MEDIUM,RECOVERED
C148,88939,211,788,DCA_01,0.5137611259065165,0.2955991147567464,LOW,RECOVERED
C149,19141,165,429,DCA_01,0.6717413636641892,0.5559256927900331,MEDIUM,IN_PROGRESS
C150,81356,125,306,DCA_01,0.8995634445787486,0.5686866068407774,MEDIUM,IN_PROGRESS
C151,72910,337,609,DCA_01,0.8434596438736599,0.49638836280565,MEDIUM,RECOVERED
C152,57044,192,772,DCA_01,0.4293304158002449,0.3592010330382829,MEDIUM,IN_PROGRESS
C153,68214,218,401,DCA_01,0.4639412322081626,0.5815227008736426,MEDIUM,RECOVERED
C154,34827,214,637,DCA_01,0.6472016606746636,0.3425221536655827,MEDIUM,RECOVERED
C155,56820,62,618,DCA_01,0.5226005574323576,0.32713033414810744,MEDIUM,IN_PROGRESS
C156,63623,328,812,DCA_01,0.4404846185884155,0.3498312332047083,MEDIUM,RECOVERED
C157,82734,161,324,DCA_01,0.5272772463728594,0.539201396014273,MEDIUM,RECOVERED
C158,76450,66,729,DCA_02,0.4305890488369013,0.33404151387151226,MEDIUM,RECOVERED
C159,94426,286,442,DCA_01,0.6649562210578245,0.5542822410680833,MEDIUM,IN_PROGRESS
C160,23299,239,448,DCA_01,0.6451250518353178,0.47726391872444174,MEDIUM,IN_PROGRESS
C161,44585,20,354,DCA_01,0.4031630767780751,0.38379728948339187,MEDIUM,IN_PROGRESS
C162,65044,188,770,DCA_01,0.6412581978219647,0.3072093070344396,MEDIUM,RECOVERED
C163,43557,82,662,DCA_02,0.6599025736304955,0.33336317201472754,MEDIUM,RECOVERED
C164,50080,363,508,DCA_01,0.7028518705057994,0.5593463623918271,MEDIUM,RECOVERED
C165,3693,202,484,DCA_02,0.8850498622032523,0.4177987560376881,MEDIUM,RECOVERED
C166,96003,132,364,DCA_01,0.8913462135260002,0.5464468833876084,MEDIUM,RECOVERED
C167,96259,37,848,DCA_02,0.6634646553354111,0.21212609245891734,LOW,RECOVERED
C168,70163,132,411,DCA_01,0.8225933488048913,0.4407823504502757,MEDIUM,IN_PROGRESS
C169,26939,77,562,DCA_02,0.4425828849951546,0.3599262602512624,MEDIUM,RECOVERED
C170,49925,89,375,DCA_02,0.6655773112150377,0.5266746850238835,MEDIUM,IN_PROGRESS
C171,43941,253,595,DCA_01,0.7394500296119808,0.5177363340810461,MEDIUM,RECOVERED
C172,22834,344,477,DCA_02,0.6823644097847742,0.6260820222826298,HIGH,IN_PROGRESS
C173,19047,194,300,DCA_01,0.5153604972270925,0.5658764954426021,MEDIUM,RECOVERED
C174,27105,176,447,DCA_01,0.4313289931523055,0.4871585485939034,MEDIUM,IN_PROGRESS
C175,76766,33,428,DCA_01,0.5933346422875948,0.39774444325159397,MEDIUM,IN_PROGRESS
C176,16707,58,812,DCA_02,0.7238212488933794,0.1844317309861011,LOW,RECOVERED
C177,22976,201,801,DCA_02,0.895856536827781,0.26168295564872435,LOW,RECOVERED
C178,45262,28,448,DCA_01,0.5182667256919731,0.4251091884355396,MEDIUM,IN_PROGRESS
C179,24776,35,568,DCA_01,0.8588949548556919,0.35790257104902357,MEDIUM,RECOVERED
C180,31080,125,404,DCA_02,0.434130699762632,0.4461223183926899,MEDIUM,IN_PROGRESS
C181,67842,321,765,DCA_01,0.8654946369619891,0.39248438800567,MEDIUM,RECOVERED
C182,62373,42,580,DCA_02,0.816183383935015,0.3113137354312915,MEDIUM,RECOVERED
C183,7776,85,706,DCA_01,0.410472676365924,0.32846671432837315,MEDIUM,RECOVERED
C184,93787,188,657,DCA_01,0.5490926870443323,0.43908847756682245,MEDIUM,RECOVERED
C185,56016,111,502,DCA_01,0.4254783268392668,0.41143846726726274,MEDIUM,IN_PROGRESS
C186,10474,271,580,DCA_01,0.8977529357647798,0.46986035329610765,MEDIUM,RECOVERED
C187,59053,325,556,DCA_01,0.6139220022918881,0.557615356222342,MEDIUM,IN_PROGRESS
C188,22959,105,393,DCA_02,0.7310867598053188,0.47252315890883756,MEDIUM,RECOVERED
C189,6530,320,623,DCA_01,0.5170952874111934,0.4979108496032243,MEDIUM,RECOVERED
C190,95856,41,661,DCA_01,0.8668681193337759,0.32164490187952444,MEDIUM,RECOVERED
C191,4748,215,650,DCA_02,0.5370870442697359,0.4707742239714283,MEDIUM,RECOVERED
C192,98504,71,361,DCA_01,0.5301073036511492,0.42209744155627327,MEDIUM,RECOVERED
C193,99098,56,486,DCA_01,0.5573000479706764,0.3277471129205394,MEDIUM,RECOVERED
C194,14545,236,879,DCA_02,0.6312445823253532,0.3375104117458547,MEDIUM,IN_PROGRESS
C195,67199,281,841,DCA_01,0.4092663631148555,0.34790079335416524,MEDIUM,IN_PROGRESS
C196,35766,105,603,DCA_01,0.6989187500640422,0.3609715756522337,MEDIUM,IN_PROGRESS
C197,74530,162,735,DCA_02,0.4158328985703691,0.3488283091989658,MEDIUM,RECOVERED
C198,94557,191,512,DCA_02,0.6696012438697966,0.4170933140768206,MEDIUM,RECOVERED
C199,62087,9,705,DCA_02,0.628942451091056,0.276565923910991,LOW,IN_PROGRESS
C200,96839,60,433,DCA_01,0.5212735290682051,0.39824893067129874,MEDIUM,IN_PROGRESS
C201,69840,305,518,DCA_02,0.5648840085854134,0.5223180047614348,MEDIUM,IN_PROGRESS
C202,55384,225,720,DCA_01,0.7528299056223349,0.39362562160070014,MEDIUM,IN_PROGRESS
C203,52005,307,618,DCA_01,0.4047987599356982,0.4822352467030979,MEDIUM,RECOVERED
C204,47576,188,456,DCA_01,0.5583235690128798,0.4845360407343221,MEDIUM,RECOVERED
C205,40353,70,487,DCA_02,0.7401486270824337,0.3595463433164082,MEDIUM,RECOVERED
C206,63003,293,775,DCA_01,0.476136932701275,0.34802453160567404,MEDIUM,RECOVERED
C207,84211,287,461,DCA_01,0.6801928270930517,0.530493675785497,MEDIUM,RECOVERED
C208,53733,169,428,DCA_02,0.4844664642413563,0.4860053280665052,MEDIUM,RECOVERED
C209,66318,62,603,DCA_02,0.4773809384284998,0.29587702078708356,LOW,RECOVERED
C210,90474,349,388,DCA_02,0.7861400478618785,0.6603385358664283,HIGH,IN_PROGRESS
C211,24664,14,461,DCA_01,0.5332626766505688,0.31716586824613535,MEDIUM,RECOVERED
C212,68172,164,335,DCA_01,0.5878845594762637,0.5655584392788613,MEDIUM,RECOVERED
C213,86616,245,526,DCA_02,0.765009032812485,0.48134959192007176,MEDIUM,IN_PROGRESS
C214,94264,335,450,DCA_02,0.4897598002714882,0.6302876326868527,HIGH,RECOVERED
C215,27736,8,892,DCA_01,0.6658685106664288,0.1811328114088976,LOW,IN_PROGRESS
C216,95209,154,346,DCA_02,0.8589098318823316,0.5153993503103649,MEDIUM,IN_PROGRESS
C217,1854,36,530,DCA_02,0.6769134096892444,0.26929814568996857,LOW,RECOVERED
C218,91084,48,838,DCA_02,0.4244228833117147,0.19930690009605412,LOW,IN_PROGRESS
C219,39623,85,464,DCA_02,0.6948486373385554,0.35898002723111844,MEDIUM,RECOVERED
C220,8392,28,886,DCA_01,0.4450766997571989,0.23909532479411777,LOW,IN_PROGRESS
C221,56680,196,873,DCA_02,0.5410622702166415,0.3102214124552215,MEDIUM,IN_PROGRESS
C222,47717,208,365,DCA_01,0.8248375526717557,0.531877247650145,MEDIUM,IN_PROGRESS
C223,88092,204,379,DCA_01,0.405534564034309,0.537845296074692,MEDIUM,IN_PROGRESS
C224,51859,307,439,DCA_02,0.4385066543323108,0.6136438648515441,HIGH,RECOVERED
C225,27309,104,699,DCA_02,0.5816820643401854,0.30097403373060516,MEDIUM,RECOVERED
C226,88455,230,429,DCA_01,0.8996979399496747,0.5849757596774249,MEDIUM,IN_PROGRESS
C227,64734,101,745,DCA_02,0.5459319530359217,0.24603624855259298,LOW,IN_PROGRESS
C228,71467,29,328,DCA_02,0.4786373093680156,0.4407893946471839,MEDIUM,IN_PROGRESS
C229,53662,127,501,DCA_02,0.6747110664241245,0.4435453784912001,MEDIUM,RECOVERED
C230,99506,338,536,DCA_02,0.6596275107852017,0.522860454066459,MEDIUM,IN_PROGRESS
C231,13688,10,898,DCA_01,0.6248097942144188,0.15982241487772397,LOW,RECOVERED
C232,26342,106,638,DCA_01,0.8733268760214744,0.34625000367664305,MEDIUM,RECOVERED
C233,38157,167,698,DCA_02,0.5400746854752594,0.36712369644800413,MEDIUM,IN_PROGRESS
C234,68863,257,738,DCA_01,0.5466621146309831,0.40890256533516656,MEDIUM,IN_PROGRESS
C235,53083,295,588,DCA_02,0.4701284856935421,0.5057204016979407,MEDIUM,IN_PROGRESS
C236,66733,277,551,DCA_02,0.7486440089580877,0.48696310017699285,MEDIUM,RECOVERED
C237,90045,65,399,DCA_02,0.5606847355402691,0.43681008886058703,MEDIUM,IN_PROGRESS
C238,35698,271,884,DCA_01,0.8013701465228262,0.35959384749354584,MEDIUM,IN_PROGRESS
C239,81623,188,721,DCA_02,0.8858789386864601,0.344227419187381,MEDIUM,RECOVERED
C240,23671,317,317,DCA_02,0.421842620995296,0.660423352105235,HIGH,IN_PROGRESS
C241,26184,138,770,DCA_02,0.8965609450290624,0.2937649755171351,LOW,RECOVERED
C242,94384,343,306,DCA_01,0.5270521131785422,0.7056975859757268,HIGH,IN_PROGRESS
C243,43107,105,718,DCA_02,0.6100551786272638,0.2654975350913277,LOW,RECOVERED
C244,87202,34,679,DCA_02,0.7888716772463461,0.28462821164660357,LOW,RECOVERED
C245,52663,110,807,DCA_01,0.7326655710696622,0.23315519714415833,LOW,IN_PROGRESS
C246,16708,33,413,DCA_01,0.7892184604174367,0.3720665401966433,MEDIUM,RECOVERED
C247,92906,354,810,DCA_01,0.6331660078594294,0.40528988749998873,MEDIUM,RECOVERED
C248,50811,231,895,DCA_01,0.8580335392864318,0.2334488977357665,LOW,RECOVERED
C249,3811,317,768,DCA_02,0.7949704027025551,0.47473886054570014,MEDIUM,IN_PROGRESS
C250,57250,266,392,DCA_01,0.5546139877168381,0.5257338997546033,MEDIUM,IN_PROGRESS
C251,73082,182,791,DCA_02,0.87424011067438,0.2697107529483579,LOW,IN_PROGRESS
C252,35754,340,401,DCA_01,0.8805270967131772,0.669980502255341,HIGH,IN_PROGRESS
C253,96742,65,792,DCA_01,0.6075267778783722,0.22059382204464173,LOW,RECOVERED
C254,12411,333,835,DCA_01,0.7259802439937953,0.34881232894567993,MEDIUM,IN_PROGRESS
C255,3911,1,784,DCA_02,0.8073842676069518,0.2110277460633193,LOW,RECOVERED
C256,68270,133,778,DCA_01,0.8086503584357236,0.32960243803742706,MEDIUM,IN_PROGRESS
C257,84763,80,466,DCA_02,0.4070617723453787,0.41697711636712465,MEDIUM,RECOVERED
C258,9680,271,439,DCA_01,0.7145068165232707,0.5865440134256635,MEDIUM,IN_PROGRESS
C259,85896,241,393,DCA_02,0.886849648725303,0.4916049065362761,MEDIUM,RECOVERED
C260,84879,28,480,DCA_01,0.5156735738980855,0.3432013381940736,MEDIUM,IN_PROGRESS
C261,72295,223,875,DCA_02,0.7978044295884693,0.2790131689725198,LOW,RECOVERED
C262,89614,23,303,DCA_01,0.6671238105384912,0.5030545891211503,MEDIUM,IN_PROGRESS
C263,12111,109,688,DCA_01,0.5107351055694558,0.31565407927141975,MEDIUM,RECOVERED
C264,38504,107,571,DCA_01,0.425518987041998,0.3702939381247893,MEDIUM,RECOVERED
C265,2802,145,431,DCA_02,0.7799608555085038,0.495500669362277,MEDIUM,IN_PROGRESS
C266,9155,354,883,DCA_01,0.5582351747624135,0.3268405097511211,MEDIUM,RECOVERED
C267,74656,139,892,DCA_01,0.5877930140325524,0.22520856343395967,LOW,RECOVERED
C268,40384,284,811,DCA_02,0.6426155266245055,0.3429691475843888,MEDIUM,RECOVERED
C269,48254,298,351,DCA_01,0.6535974514856542,0.6219844996207275,HIGH,RECOVERED
C270,22918,99,589,DCA_01,0.5030927884852056,0.4066853918348786,MEDIUM,IN_PROGRESS
C271,86981,317,745,DCA_02,0.7353209950942354,0.338891915747473,MEDIUM,RECOVERED
C272,61713,123,536,DCA_02,0.7462699899779368,0.45538523310808665,MEDIUM,IN_PROGRESS
C273,31306,320,790,DCA_02,0.4711504622496217,0.33460197878211884,MEDIUM,RECOVERED
C274,17646,287,579,DCA_01,0.6664547699562906,0.4485878539122691,MEDIUM,RECOVERED
C275,47843,81,343,DCA_02,0.7046296741136466,0.5492606127636905,MEDIUM,IN_PROGRESS
C276,97601,10,658,DCA_01,0.4931257717001462,0.31647660444863446,MEDIUM,IN_PROGRESS
C277,91735,8,867,DCA_01,0.8472310632646574,0.20583321756206463,LOW,RECOVERED
C278,17371,205,825,DCA_01,0.6414129305876441,0.25279667210435464,LOW,RECOVERED
C279,78371,315,761,DCA_02,0.4575141788330086,0.46639525368853463,MEDIUM,RECOVERED
C280,3049,197,400,DCA_02,0.5671980888105974,0.5148124960921703,MEDIUM,RECOVERED
C281,32616,198,760,DCA_02,0.638480224137327,0.2775160577610535,LOW,RECOVERED
C282,21932,30,567,DCA_01,0.405072076540352,0.34615644676142443,MEDIUM,IN_PROGRESS
C283,30855,20,661,DCA_01,0.415954937848737,0.22178788444188224,LOW,RECOVERED
C284,62434,48,707,DCA_02,0.427760297655309,0.2696730090196545,LOW,RECOVERED
C285,73694,130,336,DCA_02,0.6690676129497166,0.510698853689839,MEDIUM,RECOVERED
C286,44016,293,767,DCA_02,0.5680440981187607,0.4217503307169056,MEDIUM,RECOVERED
C287,8400,132,558,DCA_02,0.8465520240279998,0.41292475927645245,MEDIUM,RECOVERED
C288,43642,356,808,DCA_02,0.6796169361644472,0.4203160461687676,MEDIUM,RECOVERED
C289,16151,54,608,DCA_01,0.7799481644104556,0.31568268125806387,MEDIUM,RECOVERED
C290,52407,281,572,DCA_02,0.7435665883775362,0.4749579822967984,MEDIUM,RECOVERED
C291,67690,265,409,DCA_01,0.6601603636188628,0.5605702942716553,MEDIUM,IN_PROGRESS
C292,5499,215,559,DCA_01,0.7723602198825623,0.3901136860704745,MEDIUM,RECOVERED
C293,7295,290,567,DCA_01,0.6723528514338645,0.4976196423410616,MEDIUM,IN_PROGRESS
C294,60040,43,331,DCA_02,0.5927281525952253,0.5437833300354357,MEDIUM,IN_PROGRESS
C295,13183,74,476,DCA_02,0.6179024162538242,0.4493679355680681,MEDIUM,IN_PROGRESS
C296,30299,350,403,DCA_01,0.8192506697719407,0.6745146075762276,HIGH,IN_PROGRESS
C297,13874,278,535,DCA_02,0.6816367790617734,0.4767367723279635,MEDIUM,RECOVERED
C298,33711,326,392,DCA_01,0.5886480740811578,0.6158398890112315,HIGH,IN_PROGRESS
C299,6539,242,500,DCA_01,0.489871575793124,0.4694633239622955,MEDIUM,IN_PROGRESS
C300,54351,130,896,DCA_01,0.6476789211008527,0.2088814414652339,LOW,RECOVERED
C301,62267,350,334,DCA_02,0.5262020547662374,0.7114369743553778,HIGH,RECOVERED
C302,49354,194,416,DCA_01,0.8777899390641851,0.5638013196537628,MEDIUM,IN_PROGRESS
C303,3557,32,757,DCA_02,0.6454910423255441,0.18395737632110598,LOW,IN_PROGRESS
C304,39360,106,770,DCA_02,0.4044741369446286,0.2686687661373788,LOW,IN_PROGRESS
C305,83018,204,698,DCA_01,0.4464385947472371,0.29606540799891945,LOW,IN_PROGRESS
C306,3200,1,896,DCA_01,0.5421622458552713,0.1340028266867921,LOW,RECOVERED
C307,69497,245,416,DCA_02,0.4460814208491555,0.5501441905667933,MEDIUM,IN_PROGRESS
C308,47975,72,661,DCA_02,0.8469811127477007,0.273272085723542,LOW,RECOVERED
C309,22357,306,503,DCA_02,0.8271757834002654,0.4899223524316427,MEDIUM,IN_PROGRESS
C310,78505,15,445,DCA_02,0.8854307544383784,0.3486282749437569,MEDIUM,RECOVERED
C311,3869,53,743,DCA_02,0.753232807171905,0.25246333179679825,LOW,RECOVERED
C312,62135,8,596,DCA_01,0.722732273106008,0.3328065772636798,MEDIUM,IN_PROGRESS
C313,51108,330,880,DCA_02,0.8617483189478883,0.32935792752368087,MEDIUM,RECOVERED
C314,95179,46,786,DCA_01,0.8731965724031622,0.22116196454405934,LOW,RECOVERED
C315,91272,325,530,DCA_02,0.8387439214418013,0.5157592758539906,MEDIUM,IN_PROGRESS
C316,39467,114,502,DCA_02,0.8307364219099114,0.4417310493765746,MEDIUM,IN_PROGRESS
C317,24328,147,661,DCA_01,0.7358516277218641,0.3093486237809806,MEDIUM,RECOVERED
C318,92412,166,694,DCA_02,0.4008029736198224,0.32638398198298935,MEDIUM,IN_PROGRESS
C319,87831,139,547,DCA_02,0.6147585251648264,0.3570640120620563,MEDIUM,IN_PROGRESS
C320,4987,117,739,DCA_01,0.7178313855896739,0.31362799567968624,MEDIUM,RECOVERED
C321,59871,299,695,DCA_02,0.6735636902223023,0.44045981320375693,MEDIUM,RECOVERED
C322,23399,276,655,DCA_01,0.8105633149454362,0.38038985936894354,MEDIUM,RECOVERED
C323,47214,277,700,DCA_01,0.8094511382570649,0.4666620014974292,MEDIUM,IN_PROGRESS
C324,87416,338,540,DCA_01,0.6993410047308029,0.5323354396907596,MEDIUM,IN_PROGRESS
C325,71271,313,640,DCA_01,0.4109970266295318,0.44278581398298855,MEDIUM,RECOVERED
C326,45064,178,528,DCA_01,0.5846649761673589,0.515675396871649,MEDIUM,IN_PROGRESS
C327,71091,330,842,DCA_02,0.514408292671737,0.35796622042711834,MEDIUM,RECOVERED
C328,41818,354,838,DCA_01,0.5693940543776255,0.3729100377600836,MEDIUM,RECOVERED
C329,46525,154,828,DCA_02,0.708646327258031,0.2471771782684078,LOW,RECOVERED
C330,20830,201,566,DCA_02,0.4332309513413638,0.5198212799750623,MEDIUM,RECOVERED
C331,18429,115,428,DCA_02,0.4111210245244858,0.47085228666902845,MEDIUM,RECOVERED
C332,7893,159,519,DCA_01,0.6184364579901522,0.43084163402248865,MEDIUM,IN_PROGRESS
C333,80909,42,381,DCA_01,0.7967869161238225,0.4233662074635012,MEDIUM,IN_PROGRESS
C334,48333,247,860,DCA_02,0.4153492872992759,0.31687226823288905,MEDIUM,IN_PROGRESS
C335,4436,68,852,DCA_02,0.8245242925465319,0.1747283175165073,LOW,RECOVERED
C336,75290,326,319,DCA_01,0.591939816375004,0.6264776801959236,HIGH,IN_PROGRESS
C337,77213,334,626,DCA_01,0.4591177144727259,0.48552067587562675,MEDIUM,IN_PROGRESS
C338,6895,196,336,DCA_02,0.683748864399051,0.5575466984859938,MEDIUM,RECOVERED
C339,20738,90,681,DCA_01,0.8761802807122047,0.26876949630704483,LOW,RECOVERED
C340,31746,111,338,DCA_01,0.6712564495194075,0.5393955291396306,MEDIUM,IN_PROGRESS
C341,50377,359,408,DCA_02,0.7433173778929858,0.631482670440696,HIGH,RECOVERED
C342,49404,145,728,DCA_01,0.80821064344551,0.31621307737744464,MEDIUM,RECOVERED
C343,55045,275,363,DCA_02,0.79967006112371,0.6091629958162756,HIGH,IN_PROGRESS
C344,98888,179,474,DCA_01,0.4365593642568698,0.4098634825502241,MEDIUM,IN_PROGRESS
C345,40790,241,331,DCA_01,0.7704977066154625,0.6273684083858339,HIGH,RECOVERED
C346,6600,326,830,DCA_01,0.8747247829364373,0.4032969635473608,MEDIUM,IN_PROGRESS
C347,95660,319,405,DCA_01,0.7503261169902886,0.6097162824666205,HIGH,IN_PROGRESS
C348,94179,331,781,DCA_01,0.8182214468552338,0.4424931849813788,MEDIUM,IN_PROGRESS
C349,41764,153,505,DCA_02,0.6427748505055599,0.38119410449031754,MEDIUM,RECOVERED
C350,75543,104,546,DCA_01,0.5595346631864357,0.3772750615484399,MEDIUM,RECOVERED
C351,46714,75,388,DCA_01,0.7381196115454369,0.4563898032371482,MEDIUM,RECOVERED
C352,57835,128,615,DCA_02,0.6460999890597077,0.4062203199031684,MEDIUM,IN_PROGRESS
C353,74744,199,310,DCA_01,0.8476444281572026,0.615224578428434,HIGH,IN_PROGRESS
C354,57491,154,348,DCA_02,0.8871909842969297,0.6055469084448837,HIGH,RECOVERED
C355,19589,56,872,DCA_02,0.8099010337545003,0.23311925141944256,LOW,RECOVERED
C356,44484,278,470,DCA_02,0.896339808742722,0.5387523128396683,MEDIUM,IN_PROGRESS
C357,83989,345,442,DCA_01,0.5741852991971517,0.6316914632777726,HIGH,IN_PROGRESS
C358,37212,19,506,DCA_02,0.8478776893772417,0.34507807333824225,MEDIUM,RECOVERED
C359,44525,159,762,DCA_02,0.5649668143986898,0.37038483528641597,MEDIUM,IN_PROGRESS
C360,48202,26,808,DCA_01,0.4590190376529768,0.25685044668211576,LOW,RECOVERED
C361,33635,169,500,DCA_02,0.7106868476557244,0.3943427390283236,MEDIUM,IN_PROGRESS
C362,64208,23,304,DCA_01,0.6274943171559981,0.48034566757689034,MEDIUM,RECOVERED
C363,34828,47,510,DCA_02,0.860849616715309,0.34388673984836116,MEDIUM,RECOVERED
C364,19711,13,328,DCA_01,0.6460969437890076,0.4330190129275049,MEDIUM,RECOVERED
C365,4420,217,489,DCA_02,0.8638162896571515,0.47989690084485415,MEDIUM,IN_PROGRESS
C366,97752,322,487,DCA_02,0.4393169335975513,0.5948989223794394,MEDIUM,IN_PROGRESS
C367,1301,194,449,DCA_02,0.8152559178731673,0.5085322596077213,MEDIUM,RECOVERED
C368,46236,144,824,DCA_02,0.7795571342321912,0.29313049629565646,LOW,IN_PROGRESS
C369,67235,73,665,DCA_02,0.7599891367392712,0.36875416652347537,MEDIUM,IN_PROGRESS
C370,55240,156,456,DCA_02,0.5775679275343949,0.5518222257637503,MEDIUM,IN_PROGRESS
C371,66726,77,379,DCA_02,0.7918798179987873,0.45510589947932034,MEDIUM,RECOVERED
C372,11492,169,572,DCA_01,0.6416482896223885,0.4049824722513654,MEDIUM,RECOVERED
C373,7102,287,817,DCA_01,0.7576017554423841,0.3094435904814422,MEDIUM,IN_PROGRESS
C374,51336,85,531,DCA_01,0.6761135733925852,0.3298330050242003,MEDIUM,RECOVERED
C375,86314,182,459,DCA_02,0.4787198522667055,0.48575965928624665,MEDIUM,IN_PROGRESS
C376,27641,315,643,DCA_01,0.4322792950866511,0.4544733736471538,MEDIUM,RECOVERED
C377,35584,297,588,DCA_01,0.5830933256017019,0.4642477382822121,MEDIUM,RECOVERED
C378,33745,112,504,DCA_02,0.8663944114729243,0.4367806186403098,MEDIUM,IN_PROGRESS
C379,24093,230,604,DCA_01,0.6648675104107766,0.43456066898731494,MEDIUM,IN_PROGRESS
C380,67105,96,659,DCA_02,0.8010960338084354,0.28606100101936205,LOW,RECOVERED
C381,52885,168,699,DCA_01,0.6879765353244157,0.29099036121080235,LOW,IN_PROGRESS
C382,37631,156,748,DCA_01,0.8789526431367188,0.343707108078366,MEDIUM,RECOVERED
C383,73991,105,405,DCA_01,0.5847277810773004,0.4276269629864562,MEDIUM,IN_PROGRESS
C384,5014,193,381,DCA_01,0.4285252276889865,0.45810990639862537,MEDIUM,IN_PROGRESS
C385,12093,330,641,DCA_01,0.7903341916527924,0.4868277603795449,MEDIUM,RECOVERED
C386,19070,132,720,DCA_01,0.7527282541655458,0.2932470551426596,LOW,RECOVERED
C387,36777,355,348,DCA_02,0.6637671911191731,0.6482844675079653,HIGH,RECOVERED
C388,57958,138,505,DCA_02,0.5631956215951573,0.36331169436947397,MEDIUM,RECOVERED
C389,83074,331,517,DCA_01,0.4941325738447196,0.5550148963817455,MEDIUM,IN_PROGRESS
C390,11729,270,735,DCA_02,0.6411380220881572,0.37556636023305323,MEDIUM,IN_PROGRESS
C391,46017,38,621,DCA_01,0.7331007046452435,0.3337245722779848,MEDIUM,RECOVERED
C392,67320,45,530,DCA_01,0.6894432146850964,0.36690677005299166,MEDIUM,IN_PROGRESS
C393,28751,163,786,DCA_01,0.618745255185804,0.29361724386957044,LOW,RECOVERED
C394,79069,331,728,DCA_01,0.6698472221645975,0.5148450472105623,MEDIUM,IN_PROGRESS
C395,55748,253,583,DCA_02,0.4539774651572992,0.5379765034988444,MEDIUM,RECOVERED
C396,6801,169,785,DCA_02,0.7479200519299607,0.32935099226731845,MEDIUM,RECOVERED
C397,20190,285,575,DCA_02,0.7671280218979668,0.5141274594818116,MEDIUM,IN_PROGRESS
C398,50689,274,732,DCA_01,0.4057263020485453,0.4213295423991198,MEDIUM,RECOVERED
C399,51993,20,484,DCA_02,0.5352597779304344,0.383771250415876,MEDIUM,IN_PROGRESS
C400,30592,239,515,DCA_01,0.4460584300866365,0.4986602052176986,MEDIUM,RECOVERED
C401,11647,270,396,DCA_02,0.8991160659372484,0.5571427374186005,MEDIUM,RECOVERED
C402,9716,310,418,DCA_01,0.6966714168775817,0.5461714778019642,MEDIUM,RECOVERED
C403,89891,31,664,DCA_01,0.6328690471132812,0.29026741739447304,LOW,RECOVERED
C404,88545,314,702,DCA_02,0.6315005094905286,0.4200526196131825,MEDIUM,IN_PROGRESS
C405,90912,104,696,DCA_01,0.8823869596143852,0.29824382939735283,LOW,RECOVERED
C406,71316,170,757,DCA_02,0.7299278190747742,0.2937149148285203,LOW,IN_PROGRESS
C407,3368,186,617,DCA_01,0.4843297791235449,0.3907837912872205,MEDIUM,RECOVERED
C408,78575,128,681,DCA_01,0.6240794139979338,0.39700606060314014,MEDIUM,IN_PROGRESS
C409,7655,210,441,DCA_02,0.7870984204729496,0.414394611485737,MEDIUM,RECOVERED
C410,71031,281,756,DCA_02,0.6116750334293966,0.34873588705796477,MEDIUM,RECOVERED
C411,77429,253,800,DCA_01,0.5547667129434293,0.2961898431081281,LOW,RECOVERED
C412,92083,19,622,DCA_01,0.8956080382901277,0.2970718688669406,LOW,RECOVERED
C413,88922,200,567,DCA_02,0.8678185673061145,0.4813454146286682,MEDIUM,RECOVERED
C414,56766,220,786,DCA_01,0.8707801846619794,0.31969261824485173,MEDIUM,RECOVERED
C415,14403,136,459,DCA_01,0.4658362648363688,0.5211541648954108,MEDIUM,RECOVERED
C416,33097,223,313,DCA_02,0.517127628404581,0.5889792172280885,MEDIUM,IN_PROGRESS
C417,79657,3,454,DCA_02,0.6210334790829205,0.43184014783815927,MEDIUM,RECOVERED
C418,11966,236,400,DCA_02,0.8160646291162792,0.5857486586622473,MEDIUM,RECOVERED
C419,94848,342,871,DCA_01,0.7684137701138116,0.3545766961841319,MEDIUM,RECOVERED
C420,53921,228,342,DCA_01,0.8248336975762146,0.506413440107405,MEDIUM,RECOVERED
C421,50726,142,492,DCA_01,0.8603816455786855,0.4588943826434081,MEDIUM,IN_PROGRESS
C422,51300,9,610,DCA_01,0.7903834215252601,0.29306295212941935,LOW,RECOVERED
C423,23677,190,764,DCA_02,0.5308850050724891,0.2895013240988007,LOW,RECOVERED
C424,56609,350,462,DCA_01,0.5427228411935847,0.5966480776459652,MEDIUM,IN_PROGRESS
C425,97825,165,650,DCA_02,0.5762438408115492,0.3823188737988559,MEDIUM,RECOVERED
C426,57661,139,533,DCA_02,0.5515376834168089,0.4114846741610523,MEDIUM,IN_PROGRESS
C427,32024,276,702,DCA_02,0.5245494748515566,0.45460576352967674,MEDIUM,IN_PROGRESS
C428,71313,291,650,DCA_01,0.7762430299378711,0.4425749016305234,MEDIUM,IN_PROGRESS
C429,54006,53,466,DCA_02,0.4169955254501906,0.3960458461005728,MEDIUM,IN_PROGRESS
C430,96285,175,447,DCA_01,0.7641968690475325,0.4421437652505803,MEDIUM,RECOVERED
C431,16338,110,327,DCA_02,0.811781885757484,0.4545216148811453,MEDIUM,RECOVERED
C432,69027,203,558,DCA_02,0.4330220216724089,0.4681075302010296,MEDIUM,RECOVERED
C433,93772,136,897,DCA_02,0.4309235536004981,0.230758751154166,LOW,RECOVERED
C434,81135,4,741,DCA_02,0.5427319014466505,0.26849287324506965,LOW,IN_PROGRESS
C435,20508,155,826,DCA_02,0.5041534078008326,0.28223144730246796,LOW,RECOVERED
C436,4051,172,510,DCA_01,0.6905668368450967,0.48339633409155214,MEDIUM,IN_PROGRESS
C437,49747,358,842,DCA_01,0.7377257717508168,0.3647500334077921,MEDIUM,RECOVERED
C438,88142,47,744,DCA_02,0.7170709980521623,0.25551828315899505,LOW,IN_PROGRESS
C439,88235,94,752,DCA_02,0.5786736851311114,0.33032896767409337,MEDIUM,IN_PROGRESS
C440,55021,48,703,DCA_01,0.6491989173068181,0.2776445144070877,LOW,RECOVERED
C441,67412,240,365,DCA_01,0.7199954147520595,0.631054798858812,HIGH,IN_PROGRESS
C442,59335,347,704,DCA_01,0.4597131344031852,0.4830563449394343,MEDIUM,IN_PROGRESS
C443,57179,213,874,DCA_01,0.5147559572269471,0.2950551431247097,LOW,RECOVERED
C444,33093,340,734,DCA_02,0.8452480769930915,0.41300073933035575,MEDIUM,RECOVERED
C445,70678,324,527,DCA_01,0.5711631882745571,0.5091822091912357,MEDIUM,RECOVERED
C446,81738,139,775,DCA_02,0.8005781909598526,0.3762986664704846,MEDIUM,IN_PROGRESS
C447,40734,205,767,DCA_02,0.525494876168572,0.41853584414135325,MEDIUM,RECOVERED
C448,73615,73,400,DCA_02,0.4208201757680109,0.4100789712745073,MEDIUM,RECOVERED
C449,74523,4,722,DCA_02,0.6502002962367048,0.3202801221155145,MEDIUM,IN_PROGRESS
C450,95476,76,655,DCA_02,0.8462410217812433,0.27197278489936616,LOW,RECOVERED
C451,18019,329,438,DCA_01,0.809642274571069,0.6351151571520104,HIGH,RECOVERED
C452,84613,77,868,DCA_02,0.5264695844622449,0.17957468948817656,LOW,RECOVERED
C453,92794,304,430,DCA_02,0.8549678872121735,0.5790653969104405,MEDIUM,IN_PROGRESS
C454,87672,256,848,DCA_02,0.6398579474581516,0.34296948127968585,MEDIUM,RECOVERED
C455,74847,102,767,DCA_01,0.424499501894335,0.2548373580680856,LOW,RECOVERED
C456,83750,106,779,DCA_01,0.4139623098838759,0.3364998289392105,MEDIUM,RECOVERED
C457,80634,333,410,DCA_02,0.6425568670016626,0.5776070033465066,MEDIUM,IN_PROGRESS
C458,29251,39,452,DCA_02,0.6731614278569081,0.46158269105406957,MEDIUM,RECOVERED
C459,26945,314,541,DCA_02,0.4399564602912952,0.5514935077542044,MEDIUM,IN_PROGRESS
C460,91852,275,578,DCA_01,0.8611203268625895,0.41750268051132455,MEDIUM,RECOVERED
C461,33217,88,662,DCA_02,0.7591084142454115,0.2710500020234242,LOW,RECOVERED
C462,9308,211,707,DCA_02,0.800641179243371,0.3231858265929036,MEDIUM,RECOVERED
C463,6949,77,474,DCA_02,0.6920116256081759,0.39386972864226844,MEDIUM,IN_PROGRESS
C464,52990,77,900,DCA_02,0.7317720380772573,0.2089658957973871,LOW,RECOVERED
C465,2150,28,434,DCA_02,0.5939301149135602,0.3829381090973476,MEDIUM,IN_PROGRESS
C466,90480,245,805,DCA_01,0.7396485424720467,0.3095282256031976,MEDIUM,RECOVERED
C467,75740,66,593,DCA_02,0.8890914457021347,0.36135142742122395,MEDIUM,RECOVERED
C468,67617,266,794,DCA_02,0.7238579553054845,0.34141035925465124,MEDIUM,RECOVERED
C469,95841,205,718,DCA_02,0.5708168614365849,0.2982102526306992,LOW,RECOVERED
C470,17896,58,505,DCA_02,0.5426195611912339,0.3914692739443889,MEDIUM,RECOVERED
C471,47175,201,617,DCA_02,0.8816729704235315,0.3362310939443697,MEDIUM,RECOVERED
C472,8805,225,372,DCA_01,0.4925011485540325,0.4824586142227273,MEDIUM,IN_PROGRESS
C473,6237,142,558,DCA_02,0.8030983058348099,0.46077443895377634,MEDIUM,RECOVERED
C474,21056,84,657,DCA_01,0.6326311460043794,0.3747598206345625,MEDIUM,RECOVERED
C475,46543,143,447,DCA_02,0.6218798771764003,0.3739783446399473,MEDIUM,IN_PROGRESS
C476,57556,352,524,DCA_02,0.7737688939894245,0.5251910484349924,MEDIUM,RECOVERED
C477,4343,33,404,DCA_01,0.4740192150229717,0.4259201440288828,MEDIUM,RECOVERED
C478,14500,152,855,DCA_02,0.6331479630724602,0.23875446396339894,LOW,RECOVERED
C479,54222,158,655,DCA_02,0.4179168438838742,0.4070848663404455,MEDIUM,RECOVERED
C480,30375,141,837,DCA_02,0.7352034107557347,0.34172261212098454,MEDIUM,RECOVERED
C481,10662,251,560,DCA_02,0.4291886419768332,0.5547777640676687,MEDIUM,RECOVERED
C482,17964,303,870,DCA_01,0.4436443988369435,0.3553394144970361,MEDIUM,RECOVERED
C483,60638,112,872,DCA_02,0.8224131906146016,0.26598258273268427,LOW,RECOVERED
C484,74666,144,369,DCA_01,0.6214775935079639,0.4589240144539707,MEDIUM,RECOVERED
C485,86067,209,746,DCA_01,0.5004878442741213,0.35373565709434296,MEDIUM,RECOVERED
C486,68215,224,746,DCA_01,0.6962922879776899,0.37251742707110846,MEDIUM,RECOVERED
C487,70042,43,556,DCA_02,0.6596416322922658,0.35171206516802145,MEDIUM,RECOVERED
C488,14284,264,830,DCA_02,0.6054541633714291,0.3501336507695767,MEDIUM,RECOVERED
C489,73789,244,418,DCA_01,0.8527085333746738,0.5132804606945255,MEDIUM,RECOVERED
C490,85664,3,365,DCA_01,0.774728999076173,0.37107568180022077,MEDIUM,IN_PROGRESS
C491,94468,125,544,DCA_02,0.4757964356276483,0.3408776706594774,MEDIUM,RECOVERED
C492,62389,268,356,DCA_02,0.6853873249737099,0.5479987263789345,MEDIUM,RECOVERED
C493,10435,84,343,DCA_02,0.4443719503523836,0.3856104871849978,MEDIUM,RECOVERED
C494,55340,16,823,DCA_02,0.5223269852214033,0.23662311973718264,LOW,RECOVERED
C495,45078,334,723,DCA_02,0.8549301733603203,0.4161806521527225,MEDIUM,IN_PROGRESS
C496,79832,59,835,DCA_02,0.6310399628541211,0.23364317522238065,LOW,RECOVERED
C497,52293,177,694,DCA_01,0.8460530508088508,0.3975339293161342,MEDIUM,RECOVERED
C498,96981,63,749,DCA_01,0.4829994827957821,0.32492192265911124,MEDIUM,RECOVERED
C499,79781,49,556,DCA_02,0.5026708737558194,0.329315547443359,MEDIUM,RECOVERED
C500,61403,307,660,DCA_02,0.5764123615335464,0.37185911839599084,MEDIUM,RECOVERED
C501,30124,246,679,DCA_02,0.5831628211297334,0.4036156098098539,MEDIUM,RECOVERED
C502,96435,289,742,DCA_01,0.7726386351153122,0.3247125107115084,MEDIUM,RECOVERED
C503,44919,286,833,DCA_01,0.6997052809841859,0.40331478068955773,MEDIUM,RECOVERED
C504,36247,332,773,DCA_01,0.6766247129733151,0.4863992595225567,MEDIUM,IN_PROGRESS
C505,95758,15,456,DCA_01,0.7011877534140469,0.39924351314470985,MEDIUM,IN_PROGRESS
C506,92747,338,388,DCA_01,0.7660956862617045,0.6190001917919272,HIGH,IN_PROGRESS
C507,63752,255,501,DCA_02,0.8464083193045444,0.5610647622909719,MEDIUM,RECOVERED
C508,57573,92,761,DCA_01,0.6073699782386102,0.3148137487239885,MEDIUM,RECOVERED
C509,60101,279,780,DCA_02,0.8014629714617327,0.36376943220035896,MEDIUM,IN_PROGRESS
C510,27646,206,856,DCA_02,0.6475484415430144,0.2912531040932006,LOW,IN_PROGRESS
C511,24049,94,753,DCA_02,0.7610391212747691,0.28675845719950965,LOW,RECOVERED
C512,80605,225,769,DCA_02,0.8374118940298838,0.3593475289844765,MEDIUM,IN_PROGRESS
C513,99116,301,679,DCA_01,0.4161074111824169,0.5128949110685423,MEDIUM,RECOVERED
C514,98379,318,700,DCA_01,0.6733148776683903,0.4042489234604063,MEDIUM,RECOVERED
C515,69385,199,378,DCA_01,0.8946903132302377,0.49071730145152803,MEDIUM,IN_PROGRESS
C516,41158,271,850,DCA_01,0.6481122072612321,0.32867040129376046,MEDIUM,RECOVERED
C517,66417,234,685,DCA_02,0.8321518413008462,0.3979713763100816,MEDIUM,RECOVERED
C518,24289,46,642,DCA_02,0.4929499262084147,0.318599289858419,MEDIUM,IN_PROGRESS
C519,10823,64,744,DCA_01,0.7021435451231659,0.23169843278408808,LOW,RECOVERED
C520,61160,230,351,DCA_01,0.8351529816172226,0.5230400335332548,MEDIUM,RECOVERED
C521,42975,249,550,DCA_02,0.6157665658093856,0.45161723186749014,MEDIUM,RECOVERED
C522,10540,246,628,DCA_02,0.6433610294525218,0.47265015978575864,MEDIUM,RECOVERED
C523,17364,75,793,DCA_01,0.4410089522245089,0.2045591633187226,LOW,RECOVERED
C524,5611,157,649,DCA_02,0.4210860459753025,0.34146347322183934,MEDIUM,RECOVERED
C525,28663,223,758,DCA_01,0.6343541497914916,0.30257712171397644,MEDIUM,RECOVERED
C526,52991,190,797,DCA_01,0.821737665820567,0.36168451813807534,MEDIUM,IN_PROGRESS
C527,58679,52,424,DCA_01,0.8656621360573575,0.34073522534624967,MEDIUM,RECOVERED
C528,31977,88,503,DCA_02,0.7293265017306378,0.40157271358058677,MEDIUM,RECOVERED
C529,95704,313,320,DCA_01,0.8131992996673088,0.6816855270283204,HIGH,IN_PROGRESS
C530,50115,339,889,DCA_02,0.7674270813292027,0.33919803182424313,MEDIUM,IN_PROGRESS
C531,92007,66,862,DCA_02,0.7507429134502047,0.2841420775455411,LOW,RECOVERED
C532,89223,150,661,DCA_01,0.7845165493933794,0.36581661354101647,MEDIUM,RECOVERED
C533,61890,20,660,DCA_01,0.6526514762054646,0.3021257118223215,MEDIUM,RECOVERED
C534,67387,33,415,DCA_02,0.6289690517484272,0.38819718769361256,MEDIUM,IN_PROGRESS
C535,19071,328,354,DCA_02,0.4795717611209301,0.6843794735099726,HIGH,IN_PROGRESS
C536,60275,281,591,DCA_01,0.821907658354045,0.400066782377802,MEDIUM,IN_PROGRESS
C537,73369,46,350,DCA_02,0.4223069400519523,0.4634897463381351,MEDIUM,IN_PROGRESS
C538,12938,73,553,DCA_02,0.5337220606186646,0.3600057531129811,MEDIUM,RECOVERED
C539,36195,354,791,DCA_02,0.6599580735728645,0.4158746478930345,MEDIUM,IN_PROGRESS
C540,92680,313,872,DCA_01,0.8857990562610248,0.31595752606144634,MEDIUM,RECOVERED
C541,5000,343,524,DCA_01,0.7929864711479486,0.5013572561242994,MEDIUM,RECOVERED
C542,71588,133,768,DCA_02,0.584335612324314,0.34405636392791616,MEDIUM,RECOVERED
C543,94610,55,402,DCA_01,0.7569741952562176,0.4267808086950746,MEDIUM,IN_PROGRESS
C544,98856,61,347,DCA_02,0.8656846940075781,0.5508601688560595,MEDIUM,RECOVERED
C545,39304,345,641,DCA_01,0.669441725768538,0.5005348028237386,MEDIUM,RECOVERED
C546,70449,8,532,DCA_02,0.6309700977504746,0.37556621124236367,MEDIUM,IN_PROGRESS
C547,83986,272,881,DCA_02,0.6764966361371638,0.32453489056615126,MEDIUM,IN_PROGRESS
C548,90643,246,858,DCA_02,0.5557650205769914,0.2856367888989414,LOW,RECOVERED
C549,21764,176,527,DCA_02,0.8536744053420953,0.49961896887216495,MEDIUM,IN_PROGRESS
C550,87027,116,821,DCA_02,0.7986409062307385,0.2678141259834842,LOW,RECOVERED
C551,39494,317,891,DCA_02,0.7527420561766385,0.2964057604592988,LOW,RECOVERED
C552,4373,271,312,DCA_01,0.6945460402813213,0.6407714158767288,HIGH,IN_PROGRESS
C553,13161,193,798,DCA_01,0.8847373892260941,0.2994973889144421,LOW,RECOVERED
C554,98532,150,744,DCA_02,0.5488528647372102,0.24950583469116183,LOW,IN_PROGRESS
C555,93658,131,639,DCA_01,0.5415675824534247,0.30013662731365487,MEDIUM,RECOVERED
C556,28350,102,623,DCA_02,0.5210691664315912,0.31194306024729845,MEDIUM,RECOVERED
C557,94008,310,895,DCA_01,0.7708879943224662,0.3924793552196375,MEDIUM,IN_PROGRESS
C558,95297,270,897,DCA_02,0.7986428199371501,0.3115892924364544,MEDIUM,IN_PROGRESS
C559,26351,292,456,DCA_01,0.698557088083346,0.5275871537262133,MEDIUM,RECOVERED
C560,89668,210,874,DCA_01,0.7259918551690587,0.28657782654116726,LOW,IN_PROGRESS
C561,16305,361,730,DCA_02,0.5744803823031964,0.4633287695166063,MEDIUM,IN_PROGRESS
C562,76353,338,854,DCA_01,0.4198787712364412,0.3825964140283806,MEDIUM,IN_PROGRESS
C563,77797,67,706,DCA_01,0.5268179218206266,0.2828243498927768,LOW,RECOVERED
C564,66953,10,457,DCA_01,0.692151613565213,0.3528896595668286,MEDIUM,RECOVERED
C565,58458,49,484,DCA_01,0.8064663411921944,0.38925656672946296,MEDIUM,RECOVERED
C566,21358,111,790,DCA_01,0.7885974892164986,0.2859632633003434,LOW,IN_PROGRESS
C567,4267,321,835,DCA_01,0.4897436820965906,0.39119051275950534,MEDIUM,IN_PROGRESS
C568,83745,219,656,DCA_02,0.4257231050381141,0.3425103804952305,MEDIUM,IN_PROGRESS
C569,90588,57,661,DCA_02,0.8252800199980207,0.3055098658401991,MEDIUM,RECOVERED
C570,39513,283,523,DCA_02,0.4377946163513258,0.5646918472512261,MEDIUM,IN_PROGRESS
C571,27092,113,503,DCA_02,0.5966556313945333,0.34719187578033706,MEDIUM,RECOVERED
C572,12338,133,307,DCA_01,0.4471128283924578,0.4583911669049101,MEDIUM,IN_PROGRESS
C573,1412,71,771,DCA_02,0.6820243552243034,0.21627291356123912,LOW,IN_PROGRESS
C574,8543,83,471,DCA_01,0.5816682155937581,0.39978873734916043,MEDIUM,RECOVERED
C575,34496,57,395,DCA_01,0.5012468089007562,0.40855481988119124,MEDIUM,RECOVERED
C576,61692,349,605,DCA_02,0.6975838341090206,0.4942296403613312,MEDIUM,IN_PROGRESS
C577,90084,271,557,DCA_02,0.5816958949398447,0.5139314591933062,MEDIUM,IN_PROGRESS
C578,93920,111,773,DCA_02,0.4833941258604007,0.2613450106990304,LOW,IN_PROGRESS
C579,45425,357,599,DCA_01,0.7500432062821315,0.5312095706412091,MEDIUM,RECOVERED
C580,39756,76,764,DCA_01,0.8184041549411882,0.3003568106708854,MEDIUM,RECOVERED
C581,19888,158,627,DCA_01,0.5368712855437476,0.4471454712472507,MEDIUM,IN_PROGRESS
C582,36735,20,409,DCA_01,0.4932125229009201,0.41866865216345783,MEDIUM,RECOVERED
C583,48295,131,428,DCA_02,0.43762593099274,0.37681444382547713,MEDIUM,IN_PROGRESS
C584,84042,329,436,DCA_02,0.6639510625351033,0.6527572899499277,HIGH,IN_PROGRESS
C585,86999,122,838,DCA_01,0.8156468498733347,0.20765036638645273,LOW,RECOVERED
C586,18955,41,463,DCA_02,0.5253949475001605,0.4226168151927091,MEDIUM,IN_PROGRESS
C587,38841,167,648,DCA_02,0.6303188858152136,0.4326944992453621,MEDIUM,RECOVERED
C588,71640,130,762,DCA_02,0.4804017267238899,0.28288823219968584,LOW,IN_PROGRESS
C589,66510,23,803,DCA_01,0.6021004119968139,0.2289446937896431,LOW,RECOVERED
C590,35911,279,450,DCA_02,0.4077225537777376,0.5884709013256149,MEDIUM,RECOVERED
C591,60031,251,545,DCA_02,0.8553645339267264,0.5330061804707247,MEDIUM,IN_PROGRESS
C592,89726,9,409,DCA_02,0.7382859475002843,0.36762266894101714,MEDIUM,RECOVERED
C593,8357,13,884,DCA_02,0.5664068588173858,0.1410594458333656,LOW,RECOVERED
C594,33479,307,574,DCA_02,0.8405991300280116,0.4999157218780935,MEDIUM,RECOVERED
C595,62476,320,366,DCA_02,0.4914648147165221,0.6213659140017924,HIGH,RECOVERED
C596,45811,52,349,DCA_01,0.4393668659278372,0.4194998073517837,MEDIUM,IN_PROGRESS
C597,37208,209,814,DCA_01,0.8713107905729462,0.32347570715861496,MEDIUM,RECOVERED
C598,21150,38,525,DCA_02,0.5545084808679469,0.40002712225108483,MEDIUM,IN_PROGRESS
C599,72180,100,877,DCA_02,0.8679866970542268,0.21854727216753445,LOW,RECOVERED
C600,44286,193,805,DCA_02,0.7188064596364034,0.3398359947587055,MEDIUM,RECOVERED
C601,69450,191,454,DCA_01,0.8900214664077357,0.519679635109955,MEDIUM,RECOVERED
C602,22352,51,779,DCA_02,0.7767146061062102,0.2708743189329532,LOW,RECOVERED
C603,56069,141,410,DCA_01,0.452741933464149,0.4582147294551151,MEDIUM,RECOVERED
C604,15397,168,782,DCA_02,0.8261143334877412,0.3340458748494609,MEDIUM,RECOVERED
C605,42555,311,573,DCA_01,0.4739392612639841,0.5073790703032617,MEDIUM,RECOVERED
C606,47959,109,454,DCA_01,0.746098802887157,0.3812369199979384,MEDIUM,RECOVERED
C607,1728,207,466,DCA_02,0.6502037247116821,0.48232531528694356,MEDIUM,RECOVERED
C608,51517,300,318,DCA_02,0.753862504072242,0.6689581271989045,HIGH,RECOVERED
C609,67234,110,644,DCA_02,0.7824947663340992,0.3418616903552537,MEDIUM,RECOVERED
C610,40954,196,868,DCA_02,0.801832605706658,0.3198975964326277,MEDIUM,RECOVERED
C611,48280,152,593,DCA_02,0.8174900663478575,0.36904524182549114,MEDIUM,RECOVERED
C612,80459,243,761,DCA_02,0.823612260774822,0.28838496177349726,LOW,RECOVERED
C613,17779,128,637,DCA_02,0.6062872132612098,0.34793065064077566,MEDIUM,IN_PROGRESS
C614,64932,105,751,DCA_01,0.8446140360961039,0.2682361305951054,LOW,RECOVERED
C615,73936,10,643,DCA_01,0.7597901267727933,0.2691123879292937,LOW,IN_PROGRESS
C616,25466,356,384,DCA_01,0.8194854657091615,0.6277651750423967,HIGH,IN_PROGRESS
C617,37939,148,688,DCA_01,0.8945956764323,0.34701999364920266,MEDIUM,RECOVERED
C618,70896,364,526,DCA_02,0.4582073710662754,0.5893136230929616,MEDIUM,RECOVERED
C619,36270,140,585,DCA_02,0.5852898488427041,0.4084003649470592,MEDIUM,RECOVERED
C620,60163,190,583,DCA_01,0.8032735103531325,0.4516693980058242,MEDIUM,RECOVERED
C621,83637,94,408,DCA_01,0.443151735698129,0.45614277424368177,MEDIUM,IN_PROGRESS
C622,52934,229,434,DCA_02,0.6703905327362301,0.5350468545865633,MEDIUM,IN_PROGRESS
C623,65895,63,590,DCA_01,0.8291989794640653,0.36008896960149694,MEDIUM,RECOVERED
C624,33307,340,807,DCA_01,0.4094956316040829,0.39005626272291694,MEDIUM,IN_PROGRESS
C625,55098,25,328,DCA_02,0.8697594492795362,0.5108396229691948,MEDIUM,RECOVERED
C626,61921,268,693,DCA_01,0.8890724119523015,0.41141639589991685,MEDIUM,RECOVERED
C627,6486,281,326,DCA_02,0.5611404648541191,0.6479014980266834,HIGH,IN_PROGRESS
C628,9335,11,766,DCA_02,0.7833955956950256,0.2603905935907569,LOW,RECOVERED
C629,87900,320,312,DCA_02,0.4635880513322257,0.6978460550563361,HIGH,IN_PROGRESS
C630,90112,201,853,DCA_02,0.7864321352635875,0.35582244481582037,MEDIUM,IN_PROGRESS
C631,98203,126,744,DCA_02,0.6407608404170027,0.24586651833683204,LOW,RECOVERED
C632,12130,306,523,DCA_01,0.8301365392641061,0.4457636405565739,MEDIUM,IN_PROGRESS
C633,88508,190,762,DCA_02,0.5063032136381005,0.3950753788282513,MEDIUM,IN_PROGRESS
C634,61566,89,320,DCA_02,0.7363289766211197,0.5016895523663918,MEDIUM,RECOVERED
C635,67703,355,686,DCA_01,0.7930595872079254,0.4443616918511879,MEDIUM,RECOVERED
C636,28192,116,625,DCA_02,0.5012461326261639,0.37239342020218114,MEDIUM,RECOVERED
C637,2062,352,766,DCA_02,0.8091436387849107,0.4323660871530992,MEDIUM,IN_PROGRESS
C638,85076,177,821,DCA_01,0.8789927504709346,0.3182926270262838,MEDIUM,RECOVERED
C639,90780,14,524,DCA_01,0.7080392999603156,0.3853809597372586,MEDIUM,RECOVERED
C640,22545,257,774,DCA_01,0.7924252083952752,0.3388230388946324,MEDIUM,IN_PROGRESS
C641,22689,209,757,DCA_01,0.6662919296798229,0.3479728774126094,MEDIUM,IN_PROGRESS
C642,12174,281,512,DCA_01,0.6990516804978154,0.5153295739383856,MEDIUM,IN_PROGRESS
C643,89461,328,780,DCA_01,0.4066762172628396,0.3718468244835301,MEDIUM,RECOVERED
C644,10348,325,479,DCA_01,0.6621436334180135,0.5675879430725531,MEDIUM,IN_PROGRESS
C645,24714,105,837,DCA_01,0.6877818749120201,0.25020617191675565,LOW,RECOVERED
C646,39102,147,826,DCA_02,0.7350237728826933,0.31108482934723347,MEDIUM,RECOVERED
C647,75460,279,321,DCA_01,0.4846953044163443,0.5532996806052533,MEDIUM,RECOVERED
C648,90930,9,644,DCA_02,0.5206871311925463,0.3434720122394178,MEDIUM,IN_PROGRESS
C649,7801,118,876,DCA_01,0.7780023158461313,0.2806690556816652,LOW,RECOVERED
C650,73267,94,320,DCA_01,0.4838194100136828,0.45394048996915004,MEDIUM,RECOVERED
C651,49136,144,707,DCA_01,0.6080130361928786,0.30929128447412646,MEDIUM,RECOVERED
C652,24625,289,786,DCA_01,0.5252451094944478,0.3745914929556582,MEDIUM,RECOVERED
C653,83873,14,827,DCA_01,0.6725920518108767,0.26186946084508744,LOW,RECOVERED
C654,73592,257,715,DCA_01,0.8934354405774719,0.3446330878275513,MEDIUM,IN_PROGRESS
C655,78052,346,571,DCA_01,0.8260189488391467,0.5761977598683712,MEDIUM,RECOVERED
C656,45261,186,504,DCA_02,0.534737169980795,0.4255760354216199,MEDIUM,IN_PROGRESS
C657,2542,345,597,DCA_01,0.5843059052892213,0.5311589239849837,MEDIUM,IN_PROGRESS
C658,22677,207,852,DCA_01,0.8593167912489197,0.32474708465947744,MEDIUM,RECOVERED
C659,47732,346,407,DCA_02,0.8491474861773693,0.6516002964124701,HIGH,RECOVERED
C660,51343,172,451,DCA_02,0.4802640192243266,0.5326339011539423,MEDIUM,RECOVERED
C661,40081,270,312,DCA_01,0.8146355658772668,0.6007565928302419,HIGH,RECOVERED
C662,63856,221,378,DCA_01,0.5488039523937259,0.5365695808342861,MEDIUM,IN_PROGRESS
C663,94105,152,853,DCA_02,0.6719015796591348,0.2884351665237008,LOW,RECOVERED
C664,89858,111,468,DCA_01,0.4025491946450991,0.46529540798781754,MEDIUM,RECOVERED
C665,20065,183,548,DCA_02,0.8992950954480776,0.39848034365054874,MEDIUM,RECOVERED
C666,84460,339,420,DCA_02,0.7805482348242243,0.6275424584252998,HIGH,IN_PROGRESS
C667,89092,72,686,DCA_02,0.5208665299493622,0.3284693104681601,MEDIUM,RECOVERED
C668,55693,283,738,DCA_01,0.7418974470695302,0.41229247597215946,MEDIUM,RECOVERED
C669,27962,74,571,DCA_01,0.54665368141174,0.4224893213510984,MEDIUM,RECOVERED
C670,29295,355,599,DCA_01,0.4447279069930083,0.5404530417589163,MEDIUM,IN_PROGRESS
C671,14807,215,772,DCA_01,0.6126549781835652,0.35407517964633095,MEDIUM,IN_PROGRESS
C672,43348,328,457,DCA_01,0.7068594312218226,0.5319100967622259,MEDIUM,IN_PROGRESS
C673,27432,23,526,DCA_02,0.4448887291055391,0.2763573396818413,LOW,RECOVERED
C674,84285,68,720,DCA_02,0.6592031492644714,0.30287416965465896,MEDIUM,RECOVERED
C675,92792,362,323,DCA_01,0.657432116222755,0.6789567822943878,HIGH,IN_PROGRESS
C676,58854,93,837,DCA_01,0.7143226203068516,0.29724213724224424,LOW,RECOVERED
C677,41262,321,869,DCA_02,0.5223228192652318,0.34489867743290914,MEDIUM,RECOVERED
C678,38080,324,839,DCA_01,0.4103207416229332,0.38267090808343396,MEDIUM,IN_PROGRESS
C679,2324,63,427,DCA_02,0.5624287533628025,0.349446788859603,MEDIUM,IN_PROGRESS
C680,92267,224,393,DCA_02,0.5992905962628484,0.4707609838947594,MEDIUM,IN_PROGRESS
C681,36909,225,720,DCA_02,0.7178705273402133,0.35227827804488965,MEDIUM,RECOVERED
C682,90339,346,571,DCA_02,0.8650859311376258,0.5739777989795134,MEDIUM,IN_PROGRESS
C683,20870,337,783,DCA_01,0.501692761391759,0.42655201769436,MEDIUM,RECOVERED
C684,35578,103,304,DCA_01,0.74366681438417,0.4934340858058319,MEDIUM,RECOVERED
C685,73124,215,456,DCA_01,0.4487004546866349,0.4412411691413253,MEDIUM,RECOVERED
C686,27790,192,351,DCA_01,0.4953108777774085,0.4872311642938122,MEDIUM,IN_PROGRESS
C687,26289,160,542,DCA_01,0.6545672557847958,0.37772716914063065,MEDIUM,IN_PROGRESS
C688,56129,207,719,DCA_02,0.7541887895798864,0.3738002646168268,MEDIUM,IN_PROGRESS
C689,94714,269,724,DCA_01,0.8292842679704694,0.42590599741282664,MEDIUM,IN_PROGRESS
C690,95246,194,379,DCA_02,0.7719517159898491,0.5421129492220244,MEDIUM,IN_PROGRESS
C691,16485,152,653,DCA_01,0.4076763934302592,0.3552455499576077,MEDIUM,RECOVERED
C692,45482,237,592,DCA_02,0.7419656629596786,0.4328671694773889,MEDIUM,IN_PROGRESS
C693,87188,88,415,DCA_02,0.8123288518501534,0.4877014406947374,MEDIUM,RECOVERED
C694,5748,11,828,DCA_02,0.662766738694569,0.2005904831472496,LOW,RECOVERED
C695,87769,187,779,DCA_01,0.8827993454832046,0.31548738941113874,MEDIUM,RECOVERED
C696,10435,214,587,DCA_01,0.4021562112219166,0.49329526802787094,MEDIUM,IN_PROGRESS
C697,4709,15,776,DCA_02,0.809328975312152,0.19644548872753786,LOW,RECOVERED
C698,31355,266,324,DCA_01,0.5674098659595972,0.5954211572976422,MEDIUM,IN_PROGRESS
C699,56771,297,730,DCA_01,0.7252248908689137,0.4577127117324076,MEDIUM,RECOVERED
C700,58799,73,577,DCA_01,0.7467409472092499,0.3188746754581544,MEDIUM,RECOVERED
C701,14116,52,616,DCA_01,0.553124508188631,0.27645891571649006,LOW,RECOVERED
C702,26470,128,657,DCA_02,0.8977122499067538,0.36800609700401676,MEDIUM,RECOVERED
C703,43344,28,575,DCA_02,0.4516250140351866,0.27656745439659214,LOW,RECOVERED
C704,43918,65,643,DCA_01,0.4785145425843267,0.2871719427771522,LOW,RECOVERED
C705,53224,17,730,DCA_02,0.8460958526255311,0.2330513739032034,LOW,IN_PROGRESS
C706,40298,351,858,DCA_01,0.4595899382224359,0.38447567037641484,MEDIUM,IN_PROGRESS
C707,81219,138,862,DCA_01,0.5906431323729844,0.2882020219340802,LOW,RECOVERED
C708,62629,319,738,DCA_01,0.7665711059481007,0.42515859609030693,MEDIUM,RECOVERED
C709,67040,229,761,DCA_02,0.7957459304178691,0.33803399120470845,MEDIUM,IN_PROGRESS
C710,29016,254,569,DCA_01,0.8773345884063962,0.5088282284438507,MEDIUM,IN_PROGRESS
C711,24960,210,730,DCA_01,0.7947869173371,0.3353031684212998,MEDIUM,RECOVERED
C712,34591,294,320,DCA_02,0.8222661920598787,0.6146846065662632,HIGH,IN_PROGRESS
C713,83848,231,442,DCA_01,0.8746880028472054,0.512296029722208,MEDIUM,RECOVERED
C714,68641,241,652,DCA_01,0.6768438461370572,0.4184693957349722,MEDIUM,IN_PROGRESS
C715,37395,70,764,DCA_02,0.5717167300492723,0.22961893213618367,LOW,RECOVERED
C716,23700,104,767,DCA_01,0.7808065723332516,0.24299966686067842,LOW,RECOVERED
C717,35620,204,812,DCA_02,0.4817707932107783,0.2854549323816197,LOW,RECOVERED
C718,21559,53,763,DCA_02,0.4341158350020283,0.22237412550173308,LOW,RECOVERED
C719,94045,330,693,DCA_02,0.7926654325613846,0.4446842431844922,MEDIUM,IN_PROGRESS
C720,94396,54,357,DCA_01,0.875335679031426,0.4833307945976102,MEDIUM,IN_PROGRESS
C721,62642,276,425,DCA_02,0.6212234724831878,0.4942119773383158,MEDIUM,IN_PROGRESS
C722,77539,335,760,DCA_01,0.4805667267240592,0.39202039630679386,MEDIUM,RECOVERED
C723,22732,31,351,DCA_02,0.6485104880434314,0.3496357510010769,MEDIUM,RECOVERED
C724,92362,135,568,DCA_02,0.5966589259767057,0.3450433819515464,MEDIUM,IN_PROGRESS
C725,31354,58,395,DCA_02,0.5862369698792479,0.3775234373517182,MEDIUM,RECOVERED
C726,14843,105,572,DCA_02,0.7140404199886079,0.30700413123806725,MEDIUM,RECOVERED
C727,72726,266,622,DCA_01,0.4873678573551531,0.46297322285081755,MEDIUM,IN_PROGRESS
C728,18640,10,872,DCA_01,0.5902407743486902,0.14376545272397456,LOW,IN_PROGRESS
C729,53528,253,432,DCA_02,0.8343384195533652,0.5172488910300883,MEDIUM,RECOVERED
C730,39413,295,388,DCA_02,0.7648325488085608,0.5134943350040087,MEDIUM,IN_PROGRESS
C731,53638,156,304,DCA_02,0.4277942333943946,0.4898680042149366,MEDIUM,RECOVERED
C732,53736,158,656,DCA_01,0.6569518979812436,0.3912261338444356,MEDIUM,RECOVERED
C733,69866,37,642,DCA_02,0.4456476589534391,0.3789303394483551,MEDIUM,IN_PROGRESS
C734,20087,119,503,DCA_01,0.8787482144742816,0.40846256340727705,MEDIUM,IN_PROGRESS
C735,42430,67,872,DCA_01,0.5223203204415027,0.24251060747858788,LOW,RECOVERED
C736,25504,242,770,DCA_01,0.8663105128567068,0.3335168836966451,MEDIUM,IN_PROGRESS
C737,8114,299,763,DCA_02,0.8170042042457573,0.35187966236877677,MEDIUM,RECOVERED
C738,79859,213,796,DCA_01,0.6756822173486497,0.3925352162889997,MEDIUM,IN_PROGRESS
C739,11975,308,362,DCA_02,0.5681522864214843,0.5654656540749294,MEDIUM,RECOVERED
C740,12023,101,855,DCA_02,0.8289733403453252,0.29814586277573085,LOW,RECOVERED
C741,22447,56,538,DCA_01,0.4763918504682707,0.32730992367877476,MEDIUM,RECOVERED
C742,91469,332,839,DCA_01,0.4899870569495151,0.45882858604182364,MEDIUM,RECOVERED
C743,24959,324,497,DCA_01,0.5123613386834047,0.47407471937131573,MEDIUM,RECOVERED
C744,67203,239,329,DCA_02,0.6988484489230935,0.6497665738090197,HIGH,RECOVERED
C745,30703,231,508,DCA_02,0.5571626122762572,0.4588373233751585,MEDIUM,RECOVERED
C746,10337,362,362,DCA_01,0.8945907197394553,0.6190156962649532,HIGH,RECOVERED
C747,47427,92,356,DCA_02,0.4975565176465822,0.42121153663412725,MEDIUM,IN_PROGRESS
C748,62529,279,732,DCA_02,0.802805048777077,0.3913956310642046,MEDIUM,RECOVERED
C749,85665,109,607,DCA_01,0.4479181092533978,0.3696207180276504,MEDIUM,IN_PROGRESS
C750,32921,317,874,DCA_01,0.5767232811497598,0.32040861437473867,MEDIUM,RECOVERED
C751,34307,168,765,DCA_02,0.521881250103027,0.31333664676378403,MEDIUM,IN_PROGRESS
C752,28355,300,406,DCA_01,0.8884179743151267,0.5997851990298262,MEDIUM,RECOVERED
C753,5835,218,899,DCA_02,0.4128652898887281,0.30759081681680134,MEDIUM,RECOVERED
C754,21159,222,600,DCA_02,0.7608347628502798,0.38655009549067443,MEDIUM,RECOVERED
C755,48605,161,345,DCA_02,0.523861062700449,0.525787953839371,MEDIUM,RECOVERED
C756,39088,16,376,DCA_01,0.8056243312933096,0.3610570128565157,MEDIUM,IN_PROGRESS
C757,79752,278,468,DCA_02,0.555612199792592,0.5093262444512388,MEDIUM,RECOVERED
C758,56284,57,428,DCA_02,0.4936421225057416,0.43870879814147223,MEDIUM,RECOVERED
C759,58043,62,567,DCA_01,0.7465199257116313,0.3883332977969014,MEDIUM,RECOVERED
C760,36547,363,899,DCA_02,0.5287882678539702,0.3998918580585338,MEDIUM,IN_PROGRESS
C761,98007,327,884,DCA_02,0.6427734349892078,0.34875466077908346,MEDIUM,RECOVERED
C762,83844,242,718,DCA_02,0.4657667111570225,0.36642750891512144,MEDIUM,IN_PROGRESS
C763,28532,90,460,DCA_01,0.7622990055215864,0.37147540386484856,MEDIUM,RECOVERED
C764,35349,72,357,DCA_02,0.6034181025269364,0.525223561862892,MEDIUM,IN_PROGRESS
C765,46445,326,683,DCA_01,0.4702898797186305,0.4594911583545118,MEDIUM,IN_PROGRESS
C766,6713,30,809,DCA_02,0.770797523395491,0.21292417350320825,LOW,RECOVERED
C767,57178,359,729,DCA_01,0.4516810960158681,0.40234704122962694,MEDIUM,RECOVERED
C768,50407,288,639,DCA_02,0.6874102112544831,0.4842911122307082,MEDIUM,RECOVERED
C769,71340,86,877,DCA_02,0.7037425848450256,0.22578490210804236,LOW,RECOVERED
C770,51990,234,325,DCA_01,0.8651752501873488,0.507605797257518,MEDIUM,RECOVERED
C771,76672,235,888,DCA_02,0.4754902492726179,0.3502397993296805,MEDIUM,IN_PROGRESS
C772,66545,313,671,DCA_01,0.7266731798651349,0.4455973487219853,MEDIUM,IN_PROGRESS
C773,85791,265,335,DCA_02,0.5903842906976333,0.5790864320944448,MEDIUM,IN_PROGRESS
C774,59141,287,830,DCA_02,0.6004071735131546,0.3586386966042793,MEDIUM,RECOVERED
C775,24793,327,566,DCA_01,0.6509125909719041,0.5589493543462728,MEDIUM,RECOVERED
C776,57570,269,731,DCA_01,0.5168923060245026,0.4061831295810785,MEDIUM,IN_PROGRESS
C777,96084,186,318,DCA_01,0.6305916194762291,0.5952366146567707,MEDIUM,RECOVERED
C778,38892,131,638,DCA_02,0.7434230842004175,0.3921274337576811,MEDIUM,RECOVERED
C779,2015,291,439,DCA_02,0.6285565197742297,0.5636344598182407,MEDIUM,RECOVERED
C780,62813,277,366,DCA_02,0.4212542136655446,0.5401348012399524,MEDIUM,IN_PROGRESS
C781,28712,320,829,DCA_01,0.5289131237724289,0.38711398593138635,MEDIUM,IN_PROGRESS
C782,9415,351,668,DCA_02,0.5757301063765548,0.5097737107903837,MEDIUM,IN_PROGRESS
C783,63292,180,560,DCA_01,0.5773605684448169,0.4470804339041522,MEDIUM,IN_PROGRESS
C784,24833,290,878,DCA_02,0.4405034462596609,0.30586389149893756,MEDIUM,RECOVERED
C785,5158,163,881,DCA_01,0.6247852758086316,0.3131341203908399,MEDIUM,RECOVERED
C786,63680,271,502,DCA_01,0.7459745094942836,0.4821624228041791,MEDIUM,RECOVERED
C787,21309,96,709,DCA_02,0.4243360090243117,0.29850340697264055,LOW,IN_PROGRESS
C788,7970,262,379,DCA_01,0.7754620861866153,0.6127178790767013,HIGH,RECOVERED
C789,73474,353,412,DCA_01,0.8775526014817292,0.5953492920559249,MEDIUM,RECOVERED
C790,87704,288,436,DCA_01,0.4046690781858019,0.5981943034883113,MEDIUM,RECOVERED
C791,47540,83,488,DCA_01,0.4968461579660723,0.3493119120501752,MEDIUM,IN_PROGRESS
C792,21384,225,576,DCA_01,0.6717438911726461,0.43077727603919436,MEDIUM,RECOVERED
C793,19017,223,402,DCA_01,0.5090247432750344,0.5522350217903288,MEDIUM,IN_PROGRESS
C794,76880,118,406,DCA_01,0.782313015838934,0.38174144015375,MEDIUM,RECOVERED
C795,9702,192,874,DCA_01,0.5560671574797216,0.34256687558967036,MEDIUM,RECOVERED
C796,1384,79,472,DCA_02,0.5468126411589591,0.4198638649480727,MEDIUM,RECOVERED
C797,1404,78,630,DCA_01,0.4004619378917209,0.29298511502205193,LOW,IN_PROGRESS
C798,41943,147,490,DCA_01,0.5350630940941379,0.35506488073119213,MEDIUM,RECOVERED
C799,48926,107,524,DCA_01,0.5088352609534295,0.35365051998393027,MEDIUM,RECOVERED
C800,30189,271,622,DCA_01,0.571620483571238,0.43819995505932685,MEDIUM,IN_PROGRESS
C801,13763,244,807,DCA_01,0.4738283265121501,0.2914793446653451,LOW,IN_PROGRESS
C802,19384,73,847,DCA_01,0.6973243332112474,0.2372237564834797,LOW,RECOVERED
C803,61100,357,433,DCA_02,0.5193707717461714,0.63051953406725,HIGH,IN_PROGRESS
C804,99142,354,336,DCA_01,0.815875432374088,0.5957706013416318,MEDIUM,IN_PROGRESS
C805,10860,26,392,DCA_02,0.542278973368806,0.3554425548590838,MEDIUM,RECOVERED
C806,81642,210,374,DCA_01,0.5054347997298302,0.4820283912020993,MEDIUM,IN_PROGRESS
C807,51612,92,482,DCA_02,0.4283756809697174,0.41248237876039917,MEDIUM,IN_PROGRESS
C808,24574,125,758,DCA_01,0.769953345010872,0.28275596407417625,LOW,RECOVERED
C809,24524,73,708,DCA_02,0.654104087518778,0.33158582973133743,MEDIUM,RECOVERED
C810,70172,123,506,DCA_01,0.4568914986902414,0.3466084950085567,MEDIUM,IN_PROGRESS
C811,11916,309,544,DCA_01,0.5106673913087558,0.4796919192507134,MEDIUM,RECOVERED
C812,5809,184,632,DCA_02,0.8993595360299214,0.39162900309484916,MEDIUM,IN_PROGRESS
C813,33201,187,824,DCA_02,0.8030143633917897,0.2806572965420512,LOW,RECOVERED
C814,54330,198,593,DCA_02,0.5749347428837946,0.42338880010439706,MEDIUM,RECOVERED
C815,14456,78,572,DCA_01,0.6712774153076719,0.3606689844316545,MEDIUM,RECOVERED
C816,57397,348,678,DCA_02,0.6080085794502966,0.49854162106147437,MEDIUM,IN_PROGRESS
C817,39765,186,325,DCA_02,0.4181947827004282,0.5840476552064896,MEDIUM,IN_PROGRESS
C818,35816,344,843,DCA_02,0.7893385046064532,0.40608726328083056,MEDIUM,RECOVERED
C819,46106,253,390,DCA_01,0.7584930566116137,0.5615031373584536,MEDIUM,IN_PROGRESS
C820,54932,13,775,DCA_01,0.6044011572479389,0.22865444539024515,LOW,RECOVERED
C821,18100,299,487,DCA_01,0.8229485684403137,0.5692544794013598,MEDIUM,RECOVERED
C822,58091,76,868,DCA_02,0.6673695474446073,0.23279129330425108,LOW,RECOVERED
C823,22949,51,494,DCA_01,0.4326042197059017,0.4379947847770246,MEDIUM,IN_PROGRESS
C824,71080,275,833,DCA_02,0.5297031451234406,0.322421067216637,MEDIUM,RECOVERED
C825,38744,149,384,DCA_01,0.630886418042923,0.44996173282067176,MEDIUM,IN_PROGRESS
C826,46543,219,891,DCA_01,0.4517246193553986,0.31591864710060513,MEDIUM,RECOVERED
C827,93193,122,376,DCA_02,0.6855405964314525,0.44455018513543365,MEDIUM,RECOVERED
C828,37187,211,629,DCA_02,0.4602840808417007,0.4268114455587084,MEDIUM,RECOVERED
C829,8239,280,682,DCA_01,0.5002540927421243,0.44413641055420316,MEDIUM,RECOVERED
C830,15489,26,732,DCA_02,0.8469918306691142,0.21084900412891439,LOW,RECOVERED
C831,59017,173,676,DCA_01,0.899906194020617,0.36489479636359345,MEDIUM,RECOVERED
C832,62877,156,640,DCA_02,0.6751266720233434,0.43416791298076407,MEDIUM,RECOVERED
C833,44125,238,476,DCA_02,0.7098243050658825,0.5079297272730117,MEDIUM,IN_PROGRESS
C834,50922,82,725,DCA_02,0.7987155734632152,0.3243457782528065,MEDIUM,IN_PROGRESS
C835,95074,356,723,DCA_01,0.7480697481020446,0.4498620116269507,MEDIUM,IN_PROGRESS
C836,33049,273,473,DCA_02,0.4912332723273582,0.5339904772909547,MEDIUM,RECOVERED
C837,38131,68,705,DCA_01,0.6058357622692222,0.29243822011124576,LOW,RECOVERED
C838,43944,44,381,DCA_02,0.6675582594542002,0.44914548136967347,MEDIUM,RECOVERED
C839,74963,61,320,DCA_02,0.579855996073354,0.48711769853191333,MEDIUM,RECOVERED
C840,25285,123,697,DCA_02,0.4880530848788975,0.34835819508032984,MEDIUM,RECOVERED
C841,38626,349,629,DCA_02,0.7680566720306865,0.5073054914507047,MEDIUM,IN_PROGRESS
C842,43808,196,524,DCA_02,0.4994232025396789,0.4631847845481597,MEDIUM,IN_PROGRESS
C843,89464,330,701,DCA_02,0.5302429643509021,0.433213649893861,MEDIUM,RECOVERED
C844,54871,323,737,DCA_01,0.5432598075642163,0.41701163817088216,MEDIUM,RECOVERED
C845,20198,111,571,DCA_01,0.4808896152379838,0.44594205401061926,MEDIUM,RECOVERED
C846,20758,258,579,DCA_02,0.8247758114976664,0.3761955816931327,MEDIUM,RECOVERED
C847,16254,89,522,DCA_01,0.705308159432348,0.4145518964532757,MEDIUM,RECOVERED
C848,45238,198,886,DCA_01,0.8173740649960695,0.23589750111813768,LOW,RECOVERED
C849,2252,282,808,DCA_02,0.6468646567545546,0.3994877071539803,MEDIUM,RECOVERED
C850,40764,200,641,DCA_01,0.6597815200603677,0.344773981127918,MEDIUM,IN_PROGRESS
C851,78709,99,341,DCA_01,0.7080723150671822,0.5240195852521864,MEDIUM,RECOVERED
C852,38441,27,475,DCA_01,0.585459771965351,0.38014699864262547,MEDIUM,RECOVERED
C853,93234,89,544,DCA_02,0.6482920474155518,0.37966898235619184,MEDIUM,IN_PROGRESS
C854,54682,146,552,DCA_01,0.673457564533841,0.40717891841982967,MEDIUM,IN_PROGRESS
C855,60494,182,573,DCA_01,0.8767712180886256,0.44964688232199435,MEDIUM,IN_PROGRESS
C856,82317,257,633,DCA_01,0.8414540659122651,0.41738690520974486,MEDIUM,IN_PROGRESS
C857,66215,189,310,DCA_01,0.4646229237372614,0.5003503748277549,MEDIUM,RECOVERED
C858,79587,240,451,DCA_02,0.4206412333962586,0.4821818990987973,MEDIUM,IN_PROGRESS
C859,7949,359,488,DCA_01,0.7401669758790895,0.5560963279534135,MEDIUM,IN_PROGRESS
C860,56393,196,510,DCA_01,0.4245993333224387,0.5180921209847951,MEDIUM,RECOVERED
C861,74553,297,396,DCA_02,0.430175532476329,0.6628011664975486,HIGH,IN_PROGRESS
C862,7941,165,638,DCA_02,0.4796316984220714,0.3783928455724893,MEDIUM,RECOVERED
C863,26934,307,346,DCA_01,0.5758535454333671,0.6154675355999193,HIGH,RECOVERED
C864,24386,271,356,DCA_01,0.6174980559256045,0.5132830072747288,MEDIUM,RECOVERED
C865,62886,8,374,DCA_01,0.6596890173572184,0.3816446399220137,MEDIUM,RECOVERED
C866,76745,38,553,DCA_01,0.896144096486087,0.3397406959903041,MEDIUM,RECOVERED
C867,84251,114,870,DCA_01,0.5926163773560433,0.25447059393322435,LOW,RECOVERED
C868,95456,339,897,DCA_01,0.5213765482598802,0.3498520126700888,MEDIUM,RECOVERED
C869,54413,56,469,DCA_01,0.6876262042923645,0.3829159637713552,MEDIUM,RECOVERED
C870,57800,359,445,DCA_02,0.5075754763035025,0.5402555899469981,MEDIUM,RECOVERED
C871,98239,138,332,DCA_02,0.8702717158959423,0.48005368458857944,MEDIUM,RECOVERED
C872,43318,102,814,DCA_02,0.5296271510227846,0.30343612667827735,MEDIUM,RECOVERED
C873,71173,334,556,DCA_01,0.8949670678266358,0.5281251978363724,MEDIUM,RECOVERED
C874,71390,177,425,DCA_01,0.6093340951904227,0.5420307262397155,MEDIUM,IN_PROGRESS
C875,53329,169,412,DCA_01,0.8063430036818757,0.49867147116455934,MEDIUM,RECOVERED
C876,44088,339,641,DCA_02,0.724140162522885,0.46628740687210346,MEDIUM,RECOVERED
C877,40811,286,347,DCA_02,0.8667470872223679,0.6743225419582435,HIGH,RECOVERED
C878,56479,261,663,DCA_02,0.7127134764543425,0.44842568059981625,MEDIUM,RECOVERED
C879,86392,223,697,DCA_01,0.6906089897209253,0.32491442508205015,MEDIUM,IN_PROGRESS
C880,88369,199,494,DCA_01,0.7264262222842562,0.49884165060480645,MEDIUM,IN_PROGRESS
C881,20963,211,620,DCA_02,0.7932327660722724,0.3485085889212943,MEDIUM,RECOVERED
C882,56123,287,437,DCA_01,0.849420816095404,0.6119366266632015,HIGH,RECOVERED
C883,93705,180,654,DCA_01,0.5334074500482457,0.3854317026804759,MEDIUM,IN_PROGRESS
C884,74477,250,369,DCA_02,0.5004435459400551,0.6278489010570384,HIGH,RECOVERED
C885,15388,231,881,DCA_02,0.4171748478329898,0.26868813522971435,LOW,RECOVERED
C886,6569,23,782,DCA_02,0.5850396015218001,0.20702748756566802,LOW,IN_PROGRESS
C887,70836,48,358,DCA_01,0.8230925114190253,0.4045181179406926,MEDIUM,IN_PROGRESS
C888,37586,109,688,DCA_02,0.4349287143184433,0.3269927311197489,MEDIUM,RECOVERED
C889,13015,296,650,DCA_01,0.6692600382316759,0.45056820055407354,MEDIUM,RECOVERED
C890,46002,6,638,DCA_01,0.7473943181155323,0.24054055797265805,LOW,RECOVERED
C891,7254,38,895,DCA_02,0.8184265165605293,0.2152511540801879,LOW,RECOVERED
C892,18144,169,735,DCA_01,0.6917151609877483,0.32710193494933604,MEDIUM,RECOVERED
C893,25214,356,749,DCA_02,0.4931600050964764,0.4418720452693513,MEDIUM,IN_PROGRESS
C894,81719,283,676,DCA_01,0.8822681291091121,0.4584675442262015,MEDIUM,RECOVERED
C895,72774,203,690,DCA_01,0.4473257552010189,0.31593964257260454,MEDIUM,IN_PROGRESS
C896,7090,325,780,DCA_01,0.7844998058984791,0.440075902553525,MEDIUM,RECOVERED
C897,12637,313,413,DCA_01,0.4432796119216543,0.5857024586033176,MEDIUM,RECOVERED
C898,23415,273,471,DCA_02,0.4717095538405576,0.5530648058266742,MEDIUM,RECOVERED
C899,25071,244,317,DCA_02,0.8491077968474725,0.5831238626216042,MEDIUM,IN_PROGRESS
C900,59243,327,534,DCA_01,0.7765373293008799,0.4920619050599633,MEDIUM,RECOVERED
C901,42240,47,609,DCA_01,0.5827541356159918,0.2627822703264384,LOW,RECOVERED
C902,84807,249,580,DCA_01,0.719362178328102,0.47094097452102646,MEDIUM,RECOVERED
C903,34434,79,495,DCA_01,0.6286236108553471,0.4433953050041719,MEDIUM,RECOVERED
C904,70724,110,414,DCA_02,0.4332688804481568,0.4697946160026739,MEDIUM,IN_PROGRESS
C905,76697,13,696,DCA_01,0.7605638081693479,0.24793405927914902,LOW,RECOVERED
C906,29732,90,862,DCA_01,0.7816278618680768,0.20340236151801872,LOW,RECOVERED
C907,12314,342,717,DCA_01,0.8411706930760082,0.5096325369212372,MEDIUM,RECOVERED
C908,24954,348,583,DCA_02,0.6703186733056401,0.5008971192325198,MEDIUM,IN_PROGRESS
C909,58108,280,884,DCA_02,0.736568975500728,0.37516829531309825,MEDIUM,RECOVERED
C910,88044,221,627,DCA_02,0.619025209187434,0.4023186458476482,MEDIUM,RECOVERED
C911,88505,73,640,DCA_02,0.5594546295539132,0.28616273204954445,LOW,RECOVERED
C912,37668,234,520,DCA_01,0.6058499975940547,0.5025739533269382,MEDIUM,IN_PROGRESS
C913,24061,260,308,DCA_02,0.8558761783322439,0.60364672047115,HIGH,RECOVERED
C914,80252,113,381,DCA_02,0.4820856425220943,0.5131168949431884,MEDIUM,RECOVERED
C915,40749,46,593,DCA_01,0.5242499088102728,0.38564908361836725,MEDIUM,IN_PROGRESS
C916,17907,274,674,DCA_01,0.7030953956888661,0.42058231076341,MEDIUM,RECOVERED
C917,19777,43,833,DCA_01,0.4581406607805931,0.22224308889612443,LOW,RECOVERED
C918,94229,208,714,DCA_01,0.8459322558262136,0.3809398017351675,MEDIUM,IN_PROGRESS
C919,52745,349,398,DCA_02,0.4236181859316313,0.6388721091446218,HIGH,IN_PROGRESS
C920,92865,103,681,DCA_01,0.7776561466324532,0.3698907034877459,MEDIUM,IN_PROGRESS
C921,82818,124,803,DCA_01,0.58686402357465,0.31504679255417256,MEDIUM,RECOVERED
C922,24624,10,746,DCA_02,0.4255827868057306,0.2617120745481677,LOW,RECOVERED
C923,24321,329,643,DCA_01,0.8214639468593686,0.4654570787405973,MEDIUM,RECOVERED
C924,11488,187,724,DCA_02,0.7202301173402277,0.4027990715738784,MEDIUM,IN_PROGRESS
C925,23574,31,605,DCA_02,0.4044293545740692,0.3477390927829951,MEDIUM,RECOVERED
C926,6240,156,447,DCA_01,0.5337664241923066,0.41814612019025443,MEDIUM,IN_PROGRESS
C927,44221,60,753,DCA_01,0.5760228038625121,0.20744419826447957,LOW,RECOVERED
C928,11478,249,332,DCA_01,0.5612890744496356,0.5821361214350991,MEDIUM,RECOVERED
C929,56645,270,800,DCA_02,0.6491710145148211,0.38387095361153456,MEDIUM,IN_PROGRESS
C930,20262,217,618,DCA_01,0.6634014789384228,0.43724518876164264,MEDIUM,RECOVERED
C931,53796,2,492,DCA_01,0.5983770088965792,0.3491693804991235,MEDIUM,RECOVERED
C932,5432,24,479,DCA_02,0.5658851693889284,0.37993450869056267,MEDIUM,RECOVERED
C933,96257,206,817,DCA_01,0.6522046641450276,0.33748257706636586,MEDIUM,RECOVERED
C934,65291,320,690,DCA_01,0.41680770231433,0.37673109262542404,MEDIUM,IN_PROGRESS
C935,80104,199,820,DCA_02,0.7226008800158074,0.27665025660938836,LOW,RECOVERED
C936,60399,356,656,DCA_02,0.7029912584518223,0.5251535643414511,MEDIUM,IN_PROGRESS
C937,80714,114,872,DCA_02,0.5396098998625748,0.20007758098922845,LOW,RECOVERED
C938,51428,280,763,DCA_01,0.4897577235003186,0.39452310335006413,MEDIUM,RECOVERED
C939,88731,155,398,DCA_02,0.4364924863139674,0.5121102564347033,MEDIUM,RECOVERED
C940,1302,165,447,DCA_01,0.6936718756530558,0.4548047898416364,MEDIUM,RECOVERED
C941,83558,222,869,DCA_01,0.684450136292601,0.2657355295182713,LOW,RECOVERED
C942,1055,91,615,DCA_01,0.6666590450552766,0.31584329024564795,MEDIUM,RECOVERED
C943,9717,167,481,DCA_01,0.8928091340935755,0.3775774456582607,MEDIUM,RECOVERED
C944,29699,207,846,DCA_02,0.66577205551076,0.28839480420341757,LOW,RECOVERED
C945,74686,282,602,DCA_01,0.7608953649848454,0.43972825008442895,MEDIUM,RECOVERED
C946,68661,65,857,DCA_01,0.4564591359167993,0.24998290464496442,LOW,RECOVERED
C947,45247,4,898,DCA_01,0.5494853945927818,0.1715329217713204,LOW,RECOVERED
C948,17748,157,303,DCA_02,0.5377233074639859,0.5091691271327714,MEDIUM,RECOVERED
C949,5621,249,406,DCA_02,0.6879877529290042,0.6000187666167931,HIGH,IN_PROGRESS
C950,16034,257,374,DCA_01,0.565406614178537,0.6103257219321869,HIGH,IN_PROGRESS
C951,6126,235,339,DCA_02,0.7205332134350251,0.5587304078130411,MEDIUM,IN_PROGRESS
C952,6122,306,418,DCA_02,0.7450448696008515,0.5447189393324909,MEDIUM,RECOVERED
C953,19030,74,372,DCA_01,0.4168449185887019,0.47341562985166075,MEDIUM,IN_PROGRESS
C954,83838,187,851,DCA_01,0.7198788562197227,0.2820628910498192,LOW,IN_PROGRESS
C955,85717,62,503,DCA_02,0.4583936811394207,0.35454235004003565,MEDIUM,RECOVERED
C956,56658,337,395,DCA_02,0.6325676509277837,0.5816395777833088,MEDIUM,RECOVERED
C957,39638,164,578,DCA_01,0.7632882853844651,0.48994146427967844,MEDIUM,RECOVERED
C958,68067,56,442,DCA_01,0.7516724979725731,0.37621469177786515,MEDIUM,RECOVERED
C959,89869,111,414,DCA_01,0.5499112724987305,0.4365383016300769,MEDIUM,IN_PROGRESS
C960,35674,218,775,DCA_02,0.5361829252304089,0.3379218147401798,MEDIUM,RECOVERED
C961,36854,240,432,DCA_02,0.6201132539278111,0.5941330585778417,MEDIUM,IN_PROGRESS
C962,47271,21,467,DCA_01,0.4943335415088936,0.41459617136668503,MEDIUM,IN_PROGRESS
C963,74688,141,544,DCA_02,0.8873495063542399,0.4003695227595292,MEDIUM,IN_PROGRESS
C964,39518,265,576,DCA_02,0.5724585356569889,0.45954628123649754,MEDIUM,IN_PROGRESS
C965,11267,139,558,DCA_01,0.8614966370060886,0.3237547554610297,MEDIUM,RECOVERED
C966,91825,70,345,DCA_02,0.8541324814799809,0.5151345168591889,MEDIUM,IN_PROGRESS
C967,2062,118,645,DCA_02,0.5824244937811572,0.33114335554778107,MEDIUM,RECOVERED
C968,51448,198,536,DCA_02,0.5270423161364529,0.49320216229842717,MEDIUM,RECOVERED
C969,96462,205,352,DCA_02,0.7854178172631316,0.5007646359788096,MEDIUM,RECOVERED
C970,7229,214,447,DCA_02,0.5146889237818268,0.42596133746947595,MEDIUM,RECOVERED
C971,57793,56,832,DCA_02,0.6606231949812382,0.2552919183257668,LOW,RECOVERED
C972,48915,287,389,DCA_01,0.455344687209945,0.6291429242413837,HIGH,IN_PROGRESS
C973,5632,293,532,DCA_01,0.5929660772747147,0.5749035396508949,MEDIUM,RECOVERED
C974,4596,175,350,DCA_01,0.4390774618275584,0.6023944500694045,HIGH,IN_PROGRESS
C975,7168,347,693,DCA_02,0.5417197963430287,0.4558898514908397,MEDIUM,IN_PROGRESS
C976,8561,128,513,DCA_01,0.7326468690952732,0.4100292119207949,MEDIUM,IN_PROGRESS
C977,74794,325,750,DCA_01,0.8956535782750903,0.4863879343224147,MEDIUM,IN_PROGRESS
C978,83152,292,638,DCA_02,0.5274037982532891,0.4518716574650997,MEDIUM,RECOVERED
C979,27734,288,650,DCA_02,0.6366606452746696,0.4418426320586658,MEDIUM,RECOVERED
C980,7371,226,584,DCA_02,0.6240230573345765,0.4275452151200495,MEDIUM,IN_PROGRESS
C981,27069,64,882,DCA_02,0.4920768171037807,0.2057218300159157,LOW,IN_PROGRESS
C982,80905,48,544,DCA_01,0.7050345180987538,0.3322220626030805,MEDIUM,RECOVERED
C983,13910,202,849,DCA_01,0.7623524734109859,0.2839981329232466,LOW,IN_PROGRESS
C984,74479,337,883,DCA_01,0.4736097417182258,0.4164160973544777,MEDIUM,RECOVERED
C985,78735,60,525,DCA_01,0.7785622862904007,0.4201054161243871,MEDIUM,RECOVERED
C986,82264,257,740,DCA_01,0.7500808178977456,0.3885186914266966,MEDIUM,RECOVERED
C987,24275,65,773,DCA_01,0.4986714404138117,0.22427841847422592,LOW,RECOVERED
C988,73274,239,743,DCA_01,0.7244738125589516,0.41503352367552937,MEDIUM,RECOVERED
C989,82449,289,711,DCA_02,0.5968358396817612,0.45109015093895843,MEDIUM,RECOVERED
C990,61004,38,545,DCA_02,0.7405688762472149,0.31528440038440286,MEDIUM,RECOVERED
C991,63981,25,882,DCA_02,0.6480484261179271,0.18006089685621318,LOW,RECOVERED
C992,85659,59,799,DCA_01,0.4240688376170255,0.26479294033290923,LOW,RECOVERED
C993,55553,357,849,DCA_02,0.7934834940688965,0.32009950491659833,MEDIUM,IN_PROGRESS
C994,49447,297,416,DCA_02,0.6777999623595419,0.5243473146528841,MEDIUM,IN_PROGRESS
C995,35529,158,663,DCA_01,0.7623973114293663,0.34944473461068193,MEDIUM,IN_PROGRESS
C996,76703,57,503,DCA_02,0.4630358874401293,0.4228402513916183,MEDIUM,RECOVERED
C997,77090,48,650,DCA_02,0.7606362363015504,0.30268573957001843,MEDIUM,RECOVERED
C998,18260,328,618,DCA_02,0.606833094258241,0.5201971731658526,MEDIUM,RECOVERED
C999,4812,56,658,DCA_01,0.7996335220128619,0.33399012588322796,MEDIUM,IN_PROGRESS
C1000,29024,65,816,DCA_02,0.6995829376614935,0.271165948268154,LOW,IN_PROGRESS
C1001,59656,268,788,DCA_02,0.5774510626349001,0.30807465289084957,MEDIUM,RECOVERED
C1002,28285,69,406,DCA_02,0.5009584761236398,0.4380900427169525,MEDIUM,RECOVERED
C1003,93436,216,471,DCA_02,0.8079620843196214,0.5340370262557084,MEDIUM,IN_PROGRESS
C1004,2605,89,818,DCA_02,0.6800963317882629,0.2993775072455499,LOW,RECOVERED
C1005,72158,281,827,DCA_02,0.8937340363151324,0.42790371029996654,MEDIUM,IN_PROGRESS
C1006,73303,257,619,DCA_02,0.586744335172716,0.5021555284233475,MEDIUM,IN_PROGRESS
C1007,28139,160,336,DCA_01,0.7428596107928984,0.5133816975133658,MEDIUM,RECOVERED
C1008,78149,234,798,DCA_02,0.7114104358882405,0.3702928004439928,MEDIUM,RECOVERED
C1009,57138,131,564,DCA_02,0.7187908546437244,0.4230016231057909,MEDIUM,RECOVERED
C1010,77125,49,701,DCA_01,0.7684899822678286,0.2745591956153992,LOW,RECOVERED
C1011,14918,147,517,DCA_01,0.469554139991477,0.3496457152138288,MEDIUM,IN_PROGRESS
C1012,86655,316,629,DCA_01,0.6748220219991354,0.4741422294082476,MEDIUM,RECOVERED
C1013,28446,2,485,DCA_02,0.6545648351972115,0.2899962904101846,LOW,RECOVERED
C1014,14046,329,680,DCA_02,0.5712648945452703,0.487567704440506,MEDIUM,IN_PROGRESS
C1015,25818,145,508,DCA_02,0.618075133259618,0.4390493639782602,MEDIUM,RECOVERED
C1016,5324,61,862,DCA_02,0.6594060383256086,0.24113477963101637,LOW,RECOVERED
C1017,77323,273,587,DCA_02,0.5604611574826805,0.5399026479987561,MEDIUM,RECOVERED
C1018,10111,49,387,DCA_02,0.5465794160092738,0.44745385178724917,MEDIUM,RECOVERED
C1019,39110,332,435,DCA_01,0.7691362873332561,0.6122159808388083,HIGH,RECOVERED
C1020,17389,131,457,DCA_01,0.4334590713598714,0.3696109118724282,MEDIUM,RECOVERED
C1021,42427,43,454,DCA_02,0.556481539251891,0.3672795397165056,MEDIUM,RECOVERED
C1022,80579,57,762,DCA_02,0.7268555730668975,0.24986158016370263,LOW,IN_PROGRESS
C1023,29746,50,519,DCA_01,0.5043864841655212,0.303634636310379,MEDIUM,IN_PROGRESS
C1024,88886,178,758,DCA_02,0.6861363176427911,0.3906284078311689,MEDIUM,IN_PROGRESS
C1025,1117,293,466,DCA_01,0.5510820708242745,0.6066625057965083,HIGH,IN_PROGRESS
C1026,85471,46,621,DCA_02,0.8216506366751053,0.3528383026556786,MEDIUM,IN_PROGRESS
C1027,14234,170,861,DCA_02,0.5749946660645675,0.30618944741510923,MEDIUM,RECOVERED
C1028,54441,271,811,DCA_02,0.5147582808654553,0.36681706310282314,MEDIUM,RECOVERED
C1029,1846,336,386,DCA_02,0.6650518885446957,0.5375289365382034,MEDIUM,RECOVERED
C1030,11954,139,844,DCA_01,0.4678302565027797,0.25986305248920893,LOW,RECOVERED
C1031,80239,247,574,DCA_02,0.7987419837025292,0.3987130222629972,MEDIUM,IN_PROGRESS
C1032,47514,148,440,DCA_01,0.7400141256363302,0.48504454849270584,MEDIUM,RECOVERED
C1033,89236,230,652,DCA_01,0.7852544523474579,0.369847994623431,MEDIUM,RECOVERED
C1034,98579,280,304,DCA_02,0.5994390998985624,0.6520838475836404,HIGH,IN_PROGRESS
C1035,7469,125,681,DCA_01,0.8175017069274709,0.28925214166224866,LOW,IN_PROGRESS
C1036,31105,192,633,DCA_02,0.6467740653685767,0.3960078945110084,MEDIUM,RECOVERED
C1037,43101,80,774,DCA_01,0.4473495174601186,0.2981156494800413,LOW,IN_PROGRESS
C1038,65323,94,329,DCA_02,0.5120146244959245,0.4256459670244228,MEDIUM,IN_PROGRESS
C1039,92922,226,646,DCA_01,0.7555264007641097,0.4162178441782508,MEDIUM,IN_PROGRESS
C1040,59067,65,893,DCA_01,0.8482111494042514,0.25813328143858016,LOW,RECOVERED
C1041,50376,88,792,DCA_02,0.4475927962093043,0.2858763478662093,LOW,RECOVERED
C1042,46587,88,794,DCA_02,0.8321073955486059,0.2578221891452669,LOW,RECOVERED
C1043,37976,201,687,DCA_01,0.7995349145892489,0.34863009961600766,MEDIUM,RECOVERED
C1044,68584,214,552,DCA_02,0.5782805299925428,0.5182686633374474,MEDIUM,RECOVERED
C1045,79477,204,329,DCA_02,0.7446384021983282,0.5654010152158855,MEDIUM,RECOVERED
C1046,43533,89,641,DCA_01,0.4934756719007666,0.30628822702050085,MEDIUM,IN_PROGRESS
C1047,2828,61,586,DCA_02,0.8066966499669728,0.3284471443677802,MEDIUM,RECOVERED
C1048,2917,271,696,DCA_02,0.7286695109245054,0.36557566101381067,MEDIUM,IN_PROGRESS
C1049,21618,94,808,DCA_02,0.6194146897335325,0.2534947333886569,LOW,RECOVERED
C1050,33254,307,543,DCA_02,0.8322586577733515,0.48028078789959827,MEDIUM,RECOVERED
C1051,48362,27,520,DCA_02,0.4696172506504508,0.34186273715633286,MEDIUM,IN_PROGRESS
C1052,21128,214,455,DCA_02,0.8228928162181515,0.5113714679599441,MEDIUM,RECOVERED
C1053,60383,74,682,DCA_01,0.4119432032611339,0.31203427974256637,MEDIUM,RECOVERED
C1054,66545,61,619,DCA_01,0.7766002021633982,0.32311123459478996,MEDIUM,RECOVERED
C1055,83180,186,672,DCA_02,0.6866820383726839,0.38580651966930257,MEDIUM,RECOVERED
C1056,88958,31,830,DCA_01,0.7483616366103046,0.17896626342843647,LOW,RECOVERED
C1057,10865,219,514,DCA_02,0.6061722628655328,0.4357312102196079,MEDIUM,RECOVERED
C1058,3219,12,666,DCA_01,0.8322205629460816,0.25387317918886976,LOW,RECOVERED
C1059,40809,302,413,DCA_01,0.5565745120699066,0.5573150405445773,MEDIUM,RECOVERED
C1060,6287,32,499,DCA_01,0.5374776425992638,0.36951926963183623,MEDIUM,RECOVERED
C1061,35387,160,324,DCA_02,0.5508753228739212,0.5117239322947064,MEDIUM,IN_PROGRESS
C1062,9512,237,420,DCA_02,0.7871819214212921,0.5610992046128223,MEDIUM,IN_PROGRESS
C1063,2342,227,302,DCA_02,0.6476458656753562,0.6274581635493408,HIGH,IN_PROGRESS
C1064,64076,181,744,DCA_02,0.6685426629270733,0.336547406547848,MEDIUM,RECOVERED
C1065,20216,317,553,DCA_01,0.8158277092044277,0.5221909415932005,MEDIUM,RECOVERED
C1066,94070,46,319,DCA_02,0.8166827761583059,0.5098086011673661,MEDIUM,RECOVERED
C1067,80767,341,503,DCA_02,0.4808690522842221,0.5984706220971737,MEDIUM,RECOVERED
C1068,98829,80,656,DCA_02,0.6748838364441585,0.34259208014015063,MEDIUM,RECOVERED
C1069,27614,135,427,DCA_02,0.4630091032169016,0.46274804872153796,MEDIUM,RECOVERED
C1070,37258,260,657,DCA_01,0.834264235597379,0.35148448232119156,MEDIUM,RECOVERED
C1071,94789,308,591,DCA_02,0.8185028510487689,0.527921273040109,MEDIUM,RECOVERED
C1072,43078,247,473,DCA_01,0.8246744291105662,0.4710424842785197,MEDIUM,IN_PROGRESS
C1073,84524,159,654,DCA_01,0.7524292501899834,0.3778293737655892,MEDIUM,RECOVERED
C1074,97573,203,336,DCA_02,0.6334386530212281,0.5953230266556964,MEDIUM,IN_PROGRESS
C1075,13219,112,609,DCA_02,0.6023606131722743,0.34965863005721154,MEDIUM,IN_PROGRESS
C1076,1235,292,881,DCA_02,0.597612281956805,0.3585588176813225,MEDIUM,IN_PROGRESS
C1077,43929,310,383,DCA_02,0.4331063943043804,0.5374560055311817,MEDIUM,IN_PROGRESS
C1078,68444,119,809,DCA_01,0.8744351432322555,0.3055193053891503,MEDIUM,RECOVERED
C1079,9567,17,743,DCA_01,0.6251378283617343,0.22755090113842724,LOW,RECOVERED
C1080,71792,331,719,DCA_01,0.8650574496391896,0.4969552926560836,MEDIUM,IN_PROGRESS
C1081,66441,227,504,DCA_02,0.8396287695808634,0.46516294106566003,MEDIUM,IN_PROGRESS
C1082,85555,361,787,DCA_02,0.8143051938960073,0.43543065033841233,MEDIUM,IN_PROGRESS
C1083,74698,117,387,DCA_02,0.6941544424154135,0.4332846796610399,MEDIUM,RECOVERED
C1084,6415,43,551,DCA_02,0.4507779429753203,0.3220923545044039,MEDIUM,IN_PROGRESS
C1085,37159,115,330,DCA_02,0.561955724775768,0.532350781256149,MEDIUM,IN_PROGRESS
C1086,44925,283,720,DCA_01,0.7017931046430361,0.34500511329683126,MEDIUM,RECOVERED
C1087,6951,37,360,DCA_02,0.4067279042073355,0.40905279763993796,MEDIUM,IN_PROGRESS
C1088,88388,302,878,DCA_01,0.4213154568342488,0.35377116891432403,MEDIUM,RECOVERED
C1089,9007,113,525,DCA_02,0.738831691100289,0.4806140073396632,MEDIUM,IN_PROGRESS
C1090,42832,35,634,DCA_01,0.8441014257509232,0.2957959707853848,LOW,IN_PROGRESS
C1091,59596,132,878,DCA_02,0.8275815646616018,0.3199853987185296,MEDIUM,RECOVERED
C1092,31523,336,410,DCA_02,0.484072638238706,0.604018102356144,HIGH,RECOVERED
C1093,89861,336,790,DCA_02,0.8556167262961706,0.38105589436622256,MEDIUM,RECOVERED
C1094,87740,228,571,DCA_01,0.7481511003256354,0.4656624631447239,MEDIUM,IN_PROGRESS
C1095,16524,147,333,DCA_01,0.7581629771628419,0.5295250488626637,MEDIUM,IN_PROGRESS
C1096,20282,122,511,DCA_01,0.5520206003687075,0.4332910879539842,MEDIUM,RECOVERED
C1097,24930,81,599,DCA_02,0.7579983878419092,0.40213099705729427,MEDIUM,IN_PROGRESS
C1098,1077,173,672,DCA_01,0.7548861387919461,0.3988292747135488,MEDIUM,IN_PROGRESS
C1099,21611,154,424,DCA_02,0.69733276280656,0.4317793028141579,MEDIUM,RECOVERED
C1100,17984,150,402,DCA_02,0.5786442016295218,0.5071867557494101,MEDIUM,RECOVERED
C1101,15060,58,419,DCA_02,0.8055072188424804,0.3935906417533942,MEDIUM,RECOVERED
C1102,83985,63,846,DCA_02,0.8687589689901345,0.2977791709958666,LOW,RECOVERED
C1103,85056,156,630,DCA_02,0.8349442125134983,0.38948047195925684,MEDIUM,RECOVERED
C1104,44303,356,608,DCA_02,0.521489597106529,0.505460266406877,MEDIUM,RECOVERED
C1105,60207,322,869,DCA_02,0.622836914524828,0.39897912886936737,MEDIUM,IN_PROGRESS
C1106,76046,168,711,DCA_02,0.5712071761470607,0.33268182705845806,MEDIUM,RECOVERED
C1107,30287,166,698,DCA_01,0.7537397751048067,0.36153676818303393,MEDIUM,RECOVERED
C1108,94709,85,605,DCA_02,0.8157451688355032,0.2905036277614821,LOW,RECOVERED
C1109,40711,137,462,DCA_02,0.5078980662197343,0.41516842902847917,MEDIUM,RECOVERED
C1110,12954,189,364,DCA_02,0.8736377676762792,0.4847531946531216,MEDIUM,IN_PROGRESS
C1111,74340,2,515,DCA_01,0.7386645666497842,0.37867370953652246,MEDIUM,RECOVERED
C1112,73101,106,325,DCA_01,0.5092239357884354,0.5143714350518436,MEDIUM,RECOVERED
C1113,72520,364,883,DCA_01,0.5855473056537134,0.4540883488643219,MEDIUM,RECOVERED
C1114,88062,72,343,DCA_02,0.4523034290282745,0.4388340732268017,MEDIUM,RECOVERED
C1115,19574,126,389,DCA_02,0.6985344925148043,0.3999670477897963,MEDIUM,RECOVERED
C1116,10184,170,432,DCA_01,0.484595761396312,0.47746804762938955,MEDIUM,IN_PROGRESS
C1117,20096,205,460,DCA_01,0.7465449690815207,0.4477250082613643,MEDIUM,RECOVERED
C1118,68728,313,679,DCA_01,0.7686233716123274,0.4320358856183977,MEDIUM,IN_PROGRESS
C1119,35016,337,560,DCA_01,0.6396674091617158,0.5299781386758051,MEDIUM,RECOVERED
C1120,12246,195,682,DCA_01,0.4469083855720926,0.40845027669320577,MEDIUM,RECOVERED
C1121,46558,158,668,DCA_02,0.7054365949857757,0.3522683392479302,MEDIUM,RECOVERED
C1122,19381,141,410,DCA_02,0.5861026260619072,0.4724540488381679,MEDIUM,RECOVERED
C1123,37455,275,376,DCA_01,0.8748237356070232,0.5944695961064506,MEDIUM,RECOVERED
C1124,93263,7,508,DCA_01,0.6566028533510209,0.3265469348913761,MEDIUM,IN_PROGRESS
C1125,5018,54,312,DCA_02,0.436133034432087,0.490208228997595,MEDIUM,RECOVERED
C1126,12302,104,869,DCA_01,0.7180245415985896,0.19126071951672485,LOW,RECOVERED
C1127,68506,342,847,DCA_01,0.7896768512632493,0.3904178709333297,MEDIUM,RECOVERED
C1128,42157,338,324,DCA_01,0.4802514047028012,0.6962933971176262,HIGH,IN_PROGRESS
C1129,55917,61,845,DCA_02,0.6245286821721932,0.17825061167209977,LOW,RECOVERED
C1130,93738,87,439,DCA_02,0.7715984766189108,0.4111900660150729,MEDIUM,RECOVERED
C1131,97646,258,574,DCA_01,0.4102468076944404,0.47498204556704915,MEDIUM,RECOVERED
C1132,84122,178,669,DCA_01,0.4144848980486885,0.3925002140078112,MEDIUM,RECOVERED
C1133,25519,242,521,DCA_02,0.7384560334414307,0.47291463743396944,MEDIUM,IN_PROGRESS
C1134,97809,203,336,DCA_01,0.7625632491625484,0.5820585584966183,MEDIUM,RECOVERED
C1135,88487,31,428,DCA_02,0.8229347186598608,0.36078207368109827,MEDIUM,RECOVERED
C1136,57819,289,615,DCA_02,0.5997999078963137,0.5025374619539967,MEDIUM,RECOVERED
C1137,81910,80,622,DCA_02,0.5948883325227527,0.2891528041234237,LOW,IN_PROGRESS
C1138,72324,11,732,DCA_01,0.6761839863648288,0.2809897371222918,LOW,RECOVERED
C1139,6408,254,517,DCA_02,0.7786634775174657,0.40349899200315476,MEDIUM,RECOVERED
C1140,60379,287,547,DCA_02,0.7204960984691096,0.45724251329767907,MEDIUM,RECOVERED
C1141,26053,176,410,DCA_01,0.5636616519219264,0.4905460285043325,MEDIUM,IN_PROGRESS
C1142,10446,126,446,DCA_02,0.5732736282179224,0.4107785099596212,MEDIUM,RECOVERED
C1143,1922,47,643,DCA_02,0.781502467783553,0.2816855697503353,LOW,IN_PROGRESS
C1144,99723,206,808,DCA_01,0.6673233308808018,0.30677681483229846,MEDIUM,RECOVERED
C1145,52356,107,804,DCA_01,0.4489880877899047,0.3037745031261265,MEDIUM,RECOVERED
C1146,11789,275,851,DCA_01,0.4764974770761449,0.2616181301643915,LOW,IN_PROGRESS
C1147,98720,337,433,DCA_01,0.8255951879691579,0.5453858626532034,MEDIUM,IN_PROGRESS
C1148,67656,123,763,DCA_01,0.899401715849246,0.272737945672203,LOW,RECOVERED
C1149,45028,134,490,DCA_02,0.5678414528706275,0.3667659220700432,MEDIUM,RECOVERED
C1150,65484,107,462,DCA_02,0.5933508307784128,0.43952949310904343,MEDIUM,IN_PROGRESS
C1151,33154,305,755,DCA_02,0.4772440123947931,0.41601286716327923,MEDIUM,IN_PROGRESS
C1152,83870,329,360,DCA_01,0.5178565420302108,0.6805338610763187,HIGH,IN_PROGRESS
C1153,3336,50,304,DCA_02,0.612314922887944,0.4717131213603053,MEDIUM,IN_PROGRESS
C1154,68779,337,336,DCA_02,0.5421948222053813,0.6135070122099795,HIGH,IN_PROGRESS
C1155,20029,95,759,DCA_02,0.7507124272952574,0.293732403590528,LOW,RECOVERED
C1156,60201,268,516,DCA_01,0.6689247207520841,0.5375191828616792,MEDIUM,IN_PROGRESS
C1157,33265,23,438,DCA_01,0.8111485641466218,0.3823003998099953,MEDIUM,RECOVERED
C1158,44872,54,398,DCA_01,0.7622624588595097,0.45607990226964323,MEDIUM,IN_PROGRESS
C1159,47197,254,563,DCA_01,0.4640503059802403,0.5025203476996822,MEDIUM,IN_PROGRESS
C1160,56180,235,898,DCA_01,0.4616944827883594,0.29366122583226906,LOW,RECOVERED
C1161,24710,59,895,DCA_01,0.8478243192537285,0.23693512323269295,LOW,RECOVERED
C1162,30486,164,523,DCA_02,0.8097556197238512,0.4853738729655179,MEDIUM,RECOVERED
C1163,72907,259,310,DCA_02,0.6339586615813544,0.5355115595814341,MEDIUM,RECOVERED
C1164,72895,314,626,DCA_02,0.4651820673869863,0.5005743859396101,MEDIUM,RECOVERED
C1165,65435,216,649,DCA_02,0.8492881453429026,0.4667426137308447,MEDIUM,IN_PROGRESS
C1166,41631,183,678,DCA_01,0.5153502786879651,0.3858548338176324,MEDIUM,IN_PROGRESS
C1167,21103,57,530,DCA_01,0.4177673873148274,0.3561302510582429,MEDIUM,RECOVERED
C1168,65772,145,440,DCA_02,0.8621197624937011,0.42049010522664676,MEDIUM,IN_PROGRESS
C1169,15382,90,348,DCA_02,0.8044678103615056,0.5482814375327012,MEDIUM,RECOVERED
C1170,85291,311,750,DCA_02,0.7467408461592242,0.44662372847947585,MEDIUM,IN_PROGRESS
C1171,4756,45,790,DCA_01,0.4170151786760175,0.22870778550374604,LOW,RECOVERED
C1172,21609,257,504,DCA_02,0.6642155891963546,0.47844993528146174,MEDIUM,IN_PROGRESS
C1173,17478,21,708,DCA_02,0.7268180775418855,0.33039377672907755,MEDIUM,IN_PROGRESS
C1174,40666,21,706,DCA_02,0.7796736203910157,0.31519323717016867,MEDIUM,RECOVERED
C1175,76683,52,350,DCA_01,0.6355369423992618,0.4844670144095413,MEDIUM,IN_PROGRESS
C1176,72315,338,474,DCA_02,0.8766746500407785,0.5681295689296313,MEDIUM,IN_PROGRESS
C1177,78834,171,560,DCA_02,0.5223905304865872,0.37133009125617533,MEDIUM,RECOVERED
C1178,15153,67,779,DCA_01,0.4348674586809112,0.2796729819543665,LOW,RECOVERED
C1179,77325,113,522,DCA_01,0.566383122504325,0.46829707169571944,MEDIUM,IN_PROGRESS
C1180,13999,300,568,DCA_02,0.7309024351533564,0.4640660064842502,MEDIUM,RECOVERED
C1181,56318,160,617,DCA_02,0.768578602138136,0.384629593947577,MEDIUM,IN_PROGRESS
C1182,1814,266,684,DCA_01,0.7692484485574045,0.3805533550535545,MEDIUM,RECOVERED
C1183,77077,320,885,DCA_02,0.455336913811367,0.4030918681253055,MEDIUM,IN_PROGRESS
C1184,91474,232,518,DCA_02,0.842544727314135,0.5499078941700635,MEDIUM,RECOVERED
C1185,3443,325,353,DCA_02,0.5404168514614432,0.5708718200133482,MEDIUM,RECOVERED
C1186,76993,68,499,DCA_02,0.5049555538316133,0.4284057552577244,MEDIUM,RECOVERED
C1187,76916,28,638,DCA_02,0.7072287384688003,0.37519757766236894,MEDIUM,IN_PROGRESS
C1188,74319,116,604,DCA_02,0.5059245372169168,0.3153476430987303,MEDIUM,RECOVERED
C1189,18368,51,544,DCA_01,0.6540192464275121,0.39047726611671874,MEDIUM,RECOVERED
C1190,16328,181,507,DCA_02,0.6035148482726869,0.4909662010923366,MEDIUM,IN_PROGRESS
C1191,57942,260,810,DCA_01,0.5160171313142587,0.3283272450698641,MEDIUM,IN_PROGRESS
C1192,92751,79,558,DCA_02,0.546029816250839,0.38829641972152695,MEDIUM,IN_PROGRESS
C1193,28306,273,679,DCA_01,0.6137036156804315,0.4206629140769811,MEDIUM,IN_PROGRESS
C1194,86451,108,462,DCA_02,0.5730801731575992,0.431511892051441,MEDIUM,RECOVERED
C1195,40915,74,640,DCA_01,0.5907878921857947,0.2651755015493257,LOW,RECOVERED
C1196,38219,175,875,DCA_02,0.7677173107851193,0.220728890174947,LOW,IN_PROGRESS
C1197,81879,184,829,DCA_02,0.4841899563461673,0.3572810826750815,MEDIUM,IN_PROGRESS
C1198,65644,23,333,DCA_01,0.7138092936662123,0.36863690455054665,MEDIUM,RECOVERED
C1199,61279,274,622,DCA_02,0.7390788878239174,0.5098216075053503,MEDIUM,RECOVERED
C1200,54028,129,480,DCA_02,0.8010435230883725,0.40130149082234534,MEDIUM,IN_PROGRESS
C1201,1126,291,646,DCA_02,0.8236635876548295,0.41375783292724455,MEDIUM,IN_PROGRESS
C1202,53329,320,491,DCA_01,0.4793327717335574,0.5334642395703826,MEDIUM,IN_PROGRESS
C1203,28632,186,878,DCA_02,0.4691303805590011,0.33085060993492565,MEDIUM,IN_PROGRESS
C1204,66310,59,545,DCA_02,0.7073855065733046,0.33990547607179855,MEDIUM,RECOVERED
C1205,56176,1,544,DCA_02,0.7784582752914823,0.33904284311488075,MEDIUM,RECOVERED
C1206,87066,131,432,DCA_02,0.5361632151198412,0.4322244528092153,MEDIUM,RECOVERED
C1207,45327,67,496,DCA_02,0.6629236027865565,0.40802167250464894,MEDIUM,RECOVERED
C1208,69904,293,646,DCA_02,0.7861197153058855,0.37035419009287074,MEDIUM,IN_PROGRESS
C1209,4797,285,348,DCA_01,0.7837515541202271,0.6115986860828726,HIGH,IN_PROGRESS
C1210,48882,89,363,DCA_02,0.7269100830568728,0.4809733777271137,MEDIUM,RECOVERED
C1211,14718,100,403,DCA_01,0.4393938479666825,0.49464525663323033,MEDIUM,IN_PROGRESS
C1212,35560,189,512,DCA_02,0.425321930137862,0.46598042915733373,MEDIUM,RECOVERED
C1213,77589,346,816,DCA_01,0.594222655024707,0.384603644396765,MEDIUM,RECOVERED
C1214,23116,241,418,DCA_01,0.4133437132396095,0.48392285133061397,MEDIUM,RECOVERED
C1215,37244,270,541,DCA_01,0.8520721659273762,0.43823770447830857,MEDIUM,RECOVERED
C1216,2645,219,579,DCA_01,0.4100723323773621,0.45606943128020816,MEDIUM,IN_PROGRESS
C1217,48523,176,723,DCA_02,0.4148064310709908,0.34981379179121497,MEDIUM,IN_PROGRESS
C1218,20256,341,662,DCA_02,0.4826636891857301,0.5043687047293989,MEDIUM,IN_PROGRESS
C1219,54173,233,605,DCA_02,0.7135075657927802,0.5022985414558392,MEDIUM,IN_PROGRESS
C1220,38430,151,785,DCA_02,0.6707770702931781,0.27131510399494196,LOW,RECOVERED
C1221,40282,277,613,DCA_01,0.7297435682776756,0.4779844922630814,MEDIUM,IN_PROGRESS
C1222,64374,229,812,DCA_02,0.8467775705540007,0.3106826263419984,MEDIUM,RECOVERED
C1223,69244,171,466,DCA_02,0.6274728254058495,0.48355060080646406,MEDIUM,RECOVERED
C1224,12694,223,693,DCA_01,0.4219379879402492,0.3400594860433185,MEDIUM,IN_PROGRESS
C1225,57264,213,362,DCA_02,0.781748312605729,0.5813561039751982,MEDIUM,IN_PROGRESS
C1226,76060,282,571,DCA_01,0.8059822313868852,0.49983001269870797,MEDIUM,RECOVERED
C1227,98416,41,336,DCA_02,0.4249441799432829,0.482010576142887,MEDIUM,IN_PROGRESS
C1228,58545,122,315,DCA_01,0.5214246468187369,0.570159392281839,MEDIUM,IN_PROGRESS
C1229,40224,227,642,DCA_01,0.785298399665867,0.40911395989628563,MEDIUM,RECOVERED
C1230,98945,294,645,DCA_01,0.5880776192731559,0.4304123182295262,MEDIUM,RECOVERED
C1231,14224,88,838,DCA_01,0.6363256992322095,0.2311058670794266,LOW,IN_PROGRESS
C1232,41738,267,532,DCA_02,0.8115878712391078,0.47392679113047953,MEDIUM,RECOVERED
C1233,26150,29,875,DCA_01,0.4473097692045713,0.17486509368441816,LOW,RECOVERED
C1234,64731,247,715,DCA_01,0.7386421622326522,0.4078737766988424,MEDIUM,RECOVERED
C1235,50688,316,566,DCA_01,0.5074921933754997,0.4906009993967141,MEDIUM,IN_PROGRESS
C1236,74509,244,625,DCA_01,0.4313257155382582,0.3951478628665771,MEDIUM,RECOVERED
C1237,9577,61,742,DCA_01,0.7312489227955308,0.299006228130934,LOW,RECOVERED
C1238,9070,147,859,DCA_02,0.4607061264865612,0.29709547046260887,LOW,IN_PROGRESS
C1239,9666,174,375,DCA_01,0.7735036294012583,0.5547610796416894,MEDIUM,RECOVERED
C1240,58761,278,546,DCA_02,0.5013526956276086,0.522718919214896,MEDIUM,IN_PROGRESS
C1241,37368,334,879,DCA_02,0.424256010178926,0.3795500660132949,MEDIUM,IN_PROGRESS
C1242,7783,142,612,DCA_01,0.4496487324962428,0.35919154515716867,MEDIUM,RECOVERED
C1243,42914,44,875,DCA_01,0.8206351243729535,0.21502562610678178,LOW,RECOVERED
C1244,71507,144,891,DCA_02,0.5854841081701372,0.29521529322565765,LOW,RECOVERED
C1245,80026,353,642,DCA_02,0.551133320683709,0.4668099403944722,MEDIUM,IN_PROGRESS
C1246,68526,333,481,DCA_01,0.6455994098562633,0.5692930284298556,MEDIUM,RECOVERED
C1247,71835,55,698,DCA_01,0.7164662844250422,0.28205861737275095,LOW,RECOVERED
C1248,46765,307,540,DCA_02,0.4185511226565485,0.4319109857677659,MEDIUM,IN_PROGRESS
C1249,20956,358,591,DCA_02,0.8490942567252657,0.5965936212525775,MEDIUM,RECOVERED
C1250,88895,161,353,DCA_01,0.8792406824101986,0.5478441457006578,MEDIUM,RECOVERED
C1251,47240,285,444,DCA_01,0.6086534080774346,0.5129509336153004,MEDIUM,RECOVERED
C1252,38148,325,655,DCA_02,0.6063144512577283,0.5352260031561709,MEDIUM,IN_PROGRESS
C1253,95270,198,897,DCA_02,0.8392799606322358,0.21337038093652305,LOW,RECOVERED
C1254,5757,159,776,DCA_01,0.6146558990687239,0.24977254580563257,LOW,IN_PROGRESS
C1255,20097,80,321,DCA_01,0.8280949674057316,0.44966470450443596,MEDIUM,IN_PROGRESS
C1256,11395,31,630,DCA_01,0.414168472244694,0.2598295934049635,LOW,RECOVERED
C1257,17241,112,591,DCA_02,0.6448253043839824,0.3531928628594533,MEDIUM,RECOVERED
C1258,28696,46,535,DCA_01,0.8762145223861808,0.3190887157301703,MEDIUM,IN_PROGRESS
C1259,71480,353,328,DCA_02,0.5264023293653364,0.6401658759406759,HIGH,IN_PROGRESS
C1260,47163,205,459,DCA_01,0.5330774102262157,0.4810355045087614,MEDIUM,RECOVERED
C1261,20816,52,829,DCA_02,0.7150614943563137,0.20923915904736512,LOW,RECOVERED
C1262,50840,138,849,DCA_02,0.8630954416604836,0.2701168242194897,LOW,RECOVERED
C1263,53853,74,400,DCA_02,0.4993711206448216,0.42684895852916793,MEDIUM,RECOVERED
C1264,25917,41,589,DCA_02,0.8608255129253902,0.38162898243313925,MEDIUM,RECOVERED
C1265,97731,77,676,DCA_02,0.7315018720574403,0.3262292703251062,MEDIUM,RECOVERED
C1266,22566,187,472,DCA_01,0.8965236571305271,0.516809077059972,MEDIUM,IN_PROGRESS
C1267,76452,52,642,DCA_02,0.7682294232263154,0.2814383258913833,LOW,RECOVERED
C1268,63823,87,878,DCA_01,0.7339002703586528,0.26006383605921857,LOW,RECOVERED
C1269,21806,109,490,DCA_02,0.8074515859799831,0.47498333568546125,MEDIUM,IN_PROGRESS
C1270,76520,225,738,DCA_01,0.4875701596451463,0.41742281448768015,MEDIUM,RECOVERED
C1271,2759,248,854,DCA_02,0.8729928065166749,0.38490961379754596,MEDIUM,IN_PROGRESS
C1272,42949,69,642,DCA_01,0.4827977543880313,0.32553688762676225,MEDIUM,RECOVERED
C1273,93374,120,424,DCA_02,0.4128351849482271,0.5292443585780774,MEDIUM,IN_PROGRESS
C1274,3482,67,851,DCA_02,0.7489284205988711,0.25386309342884095,LOW,RECOVERED
C1275,25442,61,659,DCA_01,0.4922977130644168,0.317961533864073,MEDIUM,RECOVERED
C1276,34719,327,802,DCA_01,0.7793765898159424,0.41264169929246064,MEDIUM,IN_PROGRESS
C1277,59066,191,472,DCA_02,0.7975194889911887,0.46713753570946737,MEDIUM,IN_PROGRESS
C1278,94501,189,693,DCA_01,0.5183496203276966,0.38643213587082825,MEDIUM,IN_PROGRESS
C1279,3079,151,760,DCA_02,0.4433601652876057,0.25104391625388633,LOW,RECOVERED
C1280,3717,286,419,DCA_01,0.6504104831394,0.5555381896963252,MEDIUM,IN_PROGRESS
C1281,60676,96,572,DCA_01,0.8451092552841455,0.317600258346018,MEDIUM,IN_PROGRESS
C1282,28952,312,657,DCA_01,0.8236455505146896,0.39351864314958807,MEDIUM,IN_PROGRESS
C1283,87444,309,685,DCA_01,0.4585412282501344,0.4373482681046623,MEDIUM,IN_PROGRESS
C1284,43460,263,618,DCA_01,0.8823916322592643,0.44321023843750484,MEDIUM,RECOVERED
C1285,91397,97,560,DCA_02,0.531974597693684,0.34850557718830866,MEDIUM,RECOVERED
C1286,73847,113,580,DCA_01,0.5746955885115204,0.3160502407676533,MEDIUM,IN_PROGRESS
C1287,94607,125,628,DCA_02,0.4745251215360657,0.41361039881426187,MEDIUM,RECOVERED
C1288,90106,132,423,DCA_02,0.588901482771323,0.5120423431591836,MEDIUM,IN_PROGRESS
C1289,19449,121,775,DCA_01,0.7178205531598401,0.3584568679993103,MEDIUM,RECOVERED
C1290,34536,197,577,DCA_01,0.6530391300589176,0.491112788706498,MEDIUM,RECOVERED
C1291,65077,294,392,DCA_02,0.8137697425313926,0.5966584834801614,MEDIUM,RECOVERED
C1292,39258,122,846,DCA_01,0.7206504056284109,0.2393214943609392,LOW,IN_PROGRESS
C1293,49302,282,427,DCA_02,0.5317722357246522,0.5847000220731162,MEDIUM,RECOVERED
C1294,29865,260,831,DCA_02,0.6787190158084164,0.3770768944477312,MEDIUM,RECOVERED
C1295,7645,39,466,DCA_02,0.4320955629441048,0.31944843601481754,MEDIUM,IN_PROGRESS
C1296,39000,54,535,DCA_01,0.6903952803722306,0.4178187943446351,MEDIUM,IN_PROGRESS
C1297,27737,161,331,DCA_01,0.5948319147702343,0.5322140564682726,MEDIUM,RECOVERED
C1298,12485,289,530,DCA_02,0.4491992460279138,0.47596169166713165,MEDIUM,RECOVERED
C1299,39565,200,490,DCA_02,0.5537319764953909,0.4963573175592698,MEDIUM,RECOVERED
C1300,26522,276,890,DCA_02,0.8490434963004925,0.32921219109839284,MEDIUM,RECOVERED
C1301,66155,16,807,DCA_02,0.6930189737150946,0.23499160241882266,LOW,RECOVERED
C1302,56168,173,756,DCA_01,0.8516324244715257,0.33004585228625816,MEDIUM,IN_PROGRESS
C1303,53487,248,554,DCA_02,0.6054019934872839,0.49753899714605443,MEDIUM,IN_PROGRESS
C1304,13342,218,578,DCA_02,0.8894542996950441,0.49926388898481877,MEDIUM,RECOVERED
C1305,41806,87,355,DCA_01,0.5800095267490952,0.4667666807033407,MEDIUM,RECOVERED
C1306,49770,82,405,DCA_01,0.7784023075727546,0.4445268633673305,MEDIUM,RECOVERED
C1307,79623,62,880,DCA_01,0.5527015417400285,0.2319389742792458,LOW,RECOVERED
C1308,76629,287,491,DCA_02,0.4529952742249793,0.5433015637027543,MEDIUM,IN_PROGRESS
C1309,53603,42,577,DCA_01,0.8165282983678103,0.3899240283792884,MEDIUM,RECOVERED
C1310,82974,12,843,DCA_02,0.7812907634350799,0.23963925655525065,LOW,IN_PROGRESS
C1311,27399,321,474,DCA_01,0.8103145169091517,0.5578230131171149,MEDIUM,RECOVERED
C1312,86382,234,384,DCA_02,0.549847265842806,0.5672674858064641,MEDIUM,IN_PROGRESS
C1313,82244,329,515,DCA_01,0.7518308128004851,0.6150041556050929,HIGH,IN_PROGRESS
C1314,77534,131,313,DCA_02,0.5099614238742824,0.471110506055076,MEDIUM,IN_PROGRESS
C1315,56106,115,336,DCA_01,0.4056557681307423,0.4480266456197006,MEDIUM,IN_PROGRESS
C1316,31678,218,326,DCA_01,0.833244387817834,0.528383602743306,MEDIUM,RECOVERED
C1317,77218,137,875,DCA_01,0.6617627435279965,0.24594206835118793,LOW,RECOVERED
C1318,64230,106,369,DCA_01,0.8918266687410442,0.5209884730761029,MEDIUM,RECOVERED
C1319,75055,179,453,DCA_02,0.5925178474518734,0.515845982965401,MEDIUM,RECOVERED
C1320,57373,16,737,DCA_02,0.8784365034947352,0.31773346029479044,MEDIUM,IN_PROGRESS
C1321,32480,242,570,DCA_02,0.7075286317362797,0.425511152391037,MEDIUM,RECOVERED
C1322,86230,334,840,DCA_02,0.6561025359184317,0.4075968815742068,MEDIUM,RECOVERED
C1323,69836,226,373,DCA_02,0.5514048015898737,0.5108257315233078,MEDIUM,RECOVERED
C1324,73258,242,870,DCA_01,0.8126381706363704,0.28657367154492497,LOW,RECOVERED
C1325,40986,141,448,DCA_01,0.8143973731855616,0.49975240945916344,MEDIUM,IN_PROGRESS
C1326,25160,199,805,DCA_01,0.6084647661017557,0.3537154564878412,MEDIUM,RECOVERED
C1327,86595,112,309,DCA_01,0.7636465709719892,0.44947677828225285,MEDIUM,RECOVERED
C1328,80111,127,801,DCA_02,0.623618967889136,0.2298380822898871,LOW,RECOVERED
C1329,65929,21,361,DCA_02,0.7698296472333381,0.37301328585147886,MEDIUM,IN_PROGRESS
C1330,74506,147,687,DCA_02,0.8970950783593126,0.37203058608524264,MEDIUM,RECOVERED
C1331,35911,89,531,DCA_01,0.5312481568820558,0.378335305880933,MEDIUM,RECOVERED
C1332,88127,303,883,DCA_02,0.7170262285898655,0.37371787723764893,MEDIUM,RECOVERED
C1333,32821,203,827,DCA_02,0.5899389825532817,0.31290924594051883,MEDIUM,RECOVERED
C1334,76039,85,849,DCA_02,0.6741857818242516,0.2173765887989091,LOW,RECOVERED
C1335,61535,167,744,DCA_02,0.8370736401483312,0.32747021902318896,MEDIUM,RECOVERED
C1336,85458,72,620,DCA_01,0.5737879347223274,0.32328196332657333,MEDIUM,IN_PROGRESS
C1337,13175,298,382,DCA_02,0.4361941510706182,0.5996230931654534,MEDIUM,IN_PROGRESS
C1338,55771,9,733,DCA_01,0.7994685926214795,0.22976846929488925,LOW,IN_PROGRESS
C1339,87925,281,316,DCA_02,0.6775124276016173,0.6134452696390673,HIGH,IN_PROGRESS
C1340,67358,258,668,DCA_02,0.6247004735710335,0.47595113406796463,MEDIUM,RECOVERED
C1341,18327,275,881,DCA_01,0.4916665234479638,0.38232799588127064,MEDIUM,RECOVERED
C1342,48057,238,882,DCA_01,0.4464263658522923,0.2688047918897535,LOW,IN_PROGRESS
C1343,7150,20,554,DCA_02,0.5393677798122769,0.3255580562087953,MEDIUM,RECOVERED
C1344,5425,233,755,DCA_01,0.7594521316737761,0.3437203271406527,MEDIUM,IN_PROGRESS
C1345,17032,221,860,DCA_02,0.6058854643200818,0.2824617508798486,LOW,RECOVERED
C1346,3198,326,832,DCA_02,0.6851137936928107,0.31328776467768193,MEDIUM,IN_PROGRESS
C1347,61500,17,691,DCA_01,0.4410227768314904,0.21981433631109581,LOW,RECOVERED
C1348,54394,89,619,DCA_02,0.46162152176471,0.30926455110890305,MEDIUM,IN_PROGRESS
C1349,21079,196,519,DCA_01,0.4056529154467947,0.44434391507480253,MEDIUM,IN_PROGRESS
C1350,37220,350,713,DCA_01,0.7366422252745326,0.4994169639730017,MEDIUM,RECOVERED
C1351,42874,84,331,DCA_01,0.53222726124421,0.4795991665260426,MEDIUM,RECOVERED
C1352,14859,87,315,DCA_01,0.883463292916581,0.4739576195986178,MEDIUM,RECOVERED
C1353,51460,307,708,DCA_02,0.5542279051635978,0.3973621258652634,MEDIUM,RECOVERED
C1354,32419,338,472,DCA_01,0.5818090194330057,0.5637255941017556,MEDIUM,RECOVERED
C1355,9705,154,478,DCA_01,0.6347449157238548,0.4569371001324043,MEDIUM,RECOVERED
C1356,43880,228,872,DCA_01,0.5595703743960965,0.3012777999442159,MEDIUM,RECOVERED
C1357,24236,264,796,DCA_02,0.8087216109385812,0.41819576063202624,MEDIUM,RECOVERED
C1358,88955,223,403,DCA_02,0.8381034049989913,0.5624342432303496,MEDIUM,RECOVERED
C1359,86514,121,616,DCA_01,0.4055180396041548,0.4259061758274916,MEDIUM,RECOVERED
C1360,16358,173,887,DCA_01,0.7273308142806914,0.25932645429146106,LOW,RECOVERED
C1361,95914,4,480,DCA_02,0.7430441399494911,0.3466444012945147,MEDIUM,IN_PROGRESS
C1362,77918,342,431,DCA_02,0.8807124382990406,0.5583335556519308,MEDIUM,RECOVERED
C1363,15596,128,454,DCA_02,0.5851995986339934,0.42137273205888925,MEDIUM,IN_PROGRESS
C1364,34572,110,658,DCA_01,0.4976399841738461,0.3396043779322575,MEDIUM,RECOVERED
C1365,79757,355,534,DCA_02,0.6602905347710919,0.5702814423529647,MEDIUM,IN_PROGRESS
C1366,2279,37,464,DCA_01,0.6237778422891951,0.32803313520996,MEDIUM,IN_PROGRESS
C1367,64197,71,726,DCA_01,0.7958657328020289,0.32575491604831097,MEDIUM,RECOVERED
C1368,63516,289,787,DCA_02,0.8519877206177702,0.3824836337705264,MEDIUM,IN_PROGRESS
C1369,8083,31,512,DCA_02,0.443354013818215,0.2847591652441832,LOW,RECOVERED
C1370,18771,268,456,DCA_02,0.8232897393244544,0.5253241595667255,MEDIUM,RECOVERED
C1371,30975,11,374,DCA_01,0.8544854391107459,0.42898905777458907,MEDIUM,IN_PROGRESS
C1372,46648,344,734,DCA_02,0.8620679391321787,0.40953007536202723,MEDIUM,RECOVERED
C1373,49285,328,477,DCA_02,0.7821549294256025,0.5427286143616821,MEDIUM,RECOVERED
C1374,20063,32,611,DCA_02,0.771041280452039,0.3166903665428067,MEDIUM,RECOVERED
C1375,68642,57,426,DCA_02,0.4074483875012115,0.4045460994336272,MEDIUM,IN_PROGRESS
C1376,91093,166,676,DCA_02,0.8600958112449142,0.31994030958889585,MEDIUM,RECOVERED
C1377,87143,188,644,DCA_01,0.5757526069043883,0.3485758516803812,MEDIUM,RECOVERED
C1378,38599,342,524,DCA_02,0.4205609483086961,0.6238899807399184,HIGH,IN_PROGRESS
C1379,52920,19,316,DCA_02,0.606489655053259,0.45508706619855277,MEDIUM,RECOVERED
C1380,29529,116,796,DCA_02,0.7664263166352747,0.27145239579964486,LOW,RECOVERED
C1381,36954,184,772,DCA_01,0.6209776008125482,0.3276949863654288,MEDIUM,RECOVERED
C1382,28856,270,610,DCA_01,0.7790055447360829,0.4222292469856752,MEDIUM,IN_PROGRESS
C1383,3573,33,436,DCA_02,0.6547047134556179,0.4121438359476528,MEDIUM,IN_PROGRESS
C1384,79344,10,774,DCA_01,0.549713574063476,0.23805549811085225,LOW,RECOVERED
C1385,36367,80,516,DCA_01,0.5014561720767663,0.33292066088998495,MEDIUM,RECOVERED
C1386,61774,192,495,DCA_01,0.6105516476768462,0.46804380201635387,MEDIUM,IN_PROGRESS
C1387,24752,320,500,DCA_02,0.4179017258569676,0.5254766257519308,MEDIUM,RECOVERED
C1388,56029,190,665,DCA_02,0.6112719524992036,0.41854263871813047,MEDIUM,IN_PROGRESS
C1389,18685,68,827,DCA_02,0.4343100483823122,0.24055792687714161,LOW,IN_PROGRESS
C1390,52693,348,699,DCA_02,0.8385023538703994,0.47454415279414563,MEDIUM,RECOVERED
C1391,56961,125,824,DCA_02,0.6877405159237563,0.25112517937159684,LOW,RECOVERED
C1392,77908,336,889,DCA_01,0.7230214814651299,0.33198837466675846,MEDIUM,RECOVERED
C1393,75532,59,513,DCA_01,0.5444319952218052,0.4486620663402503,MEDIUM,IN_PROGRESS
C1394,82994,97,640,DCA_01,0.5129105382497728,0.4083307560603213,MEDIUM,RECOVERED
C1395,57133,275,628,DCA_01,0.7539526245867033,0.4953067829586285,MEDIUM,RECOVERED
C1396,98425,149,418,DCA_02,0.7357827415109122,0.47651898228525313,MEDIUM,RECOVERED
C1397,62268,278,724,DCA_02,0.4613392281769825,0.40699644434500226,MEDIUM,RECOVERED
C1398,93201,265,672,DCA_01,0.5193206915508355,0.41774061385830796,MEDIUM,IN_PROGRESS
C1399,39243,9,478,DCA_02,0.8732878932351051,0.35600338513564667,MEDIUM,RECOVERED
C1400,58384,283,731,DCA_02,0.5520887127657739,0.38397523115488463,MEDIUM,IN_PROGRESS
C1401,32653,273,701,DCA_02,0.4129157551596908,0.48601463670338607,MEDIUM,RECOVERED
C1402,27657,301,693,DCA_02,0.4318910254130409,0.36812997218579546,MEDIUM,IN_PROGRESS
C1403,40952,8,865,DCA_01,0.7877473984749668,0.20033841307914468,LOW,RECOVERED
C1404,23180,208,378,DCA_01,0.7785778422827525,0.5317984243958398,MEDIUM,IN_PROGRESS
C1405,98432,125,723,DCA_02,0.5909136347169324,0.29958770115978506,LOW,IN_PROGRESS
C1406,79411,123,417,DCA_02,0.4766003882222198,0.49093131994197514,MEDIUM,RECOVERED
C1407,2622,33,667,DCA_02,0.6490526084591235,0.2646444724368935,LOW,RECOVERED
C1408,49756,1,405,DCA_02,0.5659443276102327,0.47557981297764673,MEDIUM,IN_PROGRESS
C1409,41809,204,404,DCA_02,0.586984173948588,0.48946918992760147,MEDIUM,RECOVERED
C1410,17725,6,602,DCA_02,0.5304926770439816,0.29687193386059463,LOW,IN_PROGRESS
C1411,62396,297,447,DCA_01,0.4314289563547292,0.5445792302160868,MEDIUM,RECOVERED
C1412,52226,5,449,DCA_02,0.7955796384211002,0.3015267741299972,MEDIUM,RECOVERED
C1413,82182,80,555,DCA_02,0.7091104124149263,0.3744406804778533,MEDIUM,IN_PROGRESS
C1414,83565,274,381,DCA_02,0.8173175618847941,0.6559221225904939,HIGH,IN_PROGRESS
C1415,30402,177,315,DCA_02,0.6516009886917963,0.4943148468820442,MEDIUM,RECOVERED
C1416,5263,338,492,DCA_01,0.8924933195525517,0.4918235276440234,MEDIUM,RECOVERED
C1417,97523,321,373,DCA_01,0.8812624547023027,0.5958899078864947,MEDIUM,IN_PROGRESS
C1418,47828,339,576,DCA_01,0.5358917435482711,0.4964919638099804,MEDIUM,IN_PROGRESS
C1419,48924,136,360,DCA_01,0.5934884617672955,0.5124566637474929,MEDIUM,IN_PROGRESS
C1420,75182,25,835,DCA_01,0.7763547064853797,0.2457696898809304,LOW,RECOVERED
C1421,94065,325,834,DCA_01,0.7883017309888879,0.40360438302796675,MEDIUM,RECOVERED
C1422,60052,183,642,DCA_02,0.8553495681201118,0.36350864794180926,MEDIUM,RECOVERED
C1423,12664,168,694,DCA_02,0.7263169168011268,0.30819863538208914,MEDIUM,RECOVERED
C1424,36737,338,557,DCA_01,0.6375604884566035,0.45258386014737084,MEDIUM,RECOVERED
C1425,90563,178,497,DCA_01,0.5888257748273263,0.5279892064408818,MEDIUM,IN_PROGRESS
C1426,30373,95,352,DCA_02,0.6095892756985112,0.5214690091175873,MEDIUM,RECOVERED
C1427,37397,33,570,DCA_01,0.8252025755286712,0.3348949683004855,MEDIUM,RECOVERED
C1428,87145,111,500,DCA_02,0.8900044218036973,0.4220577200814767,MEDIUM,RECOVERED
C1429,39709,146,695,DCA_02,0.4259545924599825,0.34750388866826787,MEDIUM,RECOVERED
C1430,62120,231,677,DCA_02,0.6901223315202203,0.348341933705813,MEDIUM,RECOVERED
C1431,20250,272,834,DCA_01,0.6600269860305042,0.3803432196843104,MEDIUM,IN_PROGRESS
C1432,22172,336,387,DCA_02,0.5880711374240252,0.642853853062165,HIGH,IN_PROGRESS
C1433,12555,38,697,DCA_01,0.8257882215130872,0.21434206386601307,LOW,RECOVERED
C1434,88410,135,481,DCA_01,0.6878715084474605,0.4108049370821385,MEDIUM,IN_PROGRESS
C1435,79617,334,582,DCA_01,0.5565580311167639,0.4727268334834821,MEDIUM,IN_PROGRESS
C1436,54276,235,832,DCA_01,0.6220520191685501,0.37470898096671756,MEDIUM,RECOVERED
C1437,58492,319,860,DCA_01,0.5784017786919442,0.35854130598648914,MEDIUM,IN_PROGRESS
C1438,54002,345,489,DCA_01,0.6150428038580559,0.5713237242089615,MEDIUM,IN_PROGRESS
C1439,90599,160,504,DCA_02,0.4356328951719773,0.4918634689060496,MEDIUM,IN_PROGRESS
C1440,73355,38,343,DCA_02,0.4559579081084609,0.44506803389626926,MEDIUM,IN_PROGRESS
C1441,92248,150,599,DCA_02,0.711845841651805,0.45332812256187494,MEDIUM,IN_PROGRESS
C1442,25762,308,578,DCA_02,0.7420341886982192,0.4978875426207344,MEDIUM,IN_PROGRESS
C1443,12046,29,684,DCA_02,0.7183102076334822,0.28825063755718683,LOW,RECOVERED
C1444,97999,144,610,DCA_02,0.7815376986986029,0.4104727522196068,MEDIUM,RECOVERED
C1445,29769,76,827,DCA_02,0.8717670107388703,0.24115576737862954,LOW,IN_PROGRESS
C1446,54302,145,573,DCA_01,0.8303091534463276,0.37526673571851255,MEDIUM,RECOVERED
C1447,24150,229,781,DCA_01,0.6092547896856217,0.31989285181307814,MEDIUM,IN_PROGRESS
C1448,69247,64,750,DCA_02,0.5087715684606378,0.27089750528092327,LOW,RECOVERED
C1449,5853,347,831,DCA_02,0.5559261058006257,0.34865271027691,MEDIUM,RECOVERED
C1450,95613,345,830,DCA_01,0.6938707439726461,0.46233168969154537,MEDIUM,RECOVERED
C1451,90399,269,824,DCA_01,0.8281041672287834,0.3638170950725317,MEDIUM,RECOVERED
C1452,22792,328,316,DCA_02,0.7508620617537736,0.6260822586106118,HIGH,IN_PROGRESS
C1453,60129,184,329,DCA_01,0.6715065523845338,0.5615473279588532,MEDIUM,IN_PROGRESS
C1454,75478,261,769,DCA_01,0.7009391797800173,0.43675806421331087,MEDIUM,RECOVERED
C1455,68298,268,603,DCA_02,0.6641306068641522,0.47135133970579857,MEDIUM,RECOVERED
C1456,32987,169,854,DCA_01,0.8858137556648149,0.3097419337486548,MEDIUM,RECOVERED
C1457,16850,259,392,DCA_01,0.8080457261277803,0.49420149472798025,MEDIUM,RECOVERED
C1458,13112,227,877,DCA_01,0.7906386077005744,0.314020494824643,MEDIUM,RECOVERED
C1459,25058,33,883,DCA_01,0.658664493431866,0.20630476843963808,LOW,RECOVERED
C1460,46420,214,461,DCA_02,0.5659047287847707,0.5636199061742799,MEDIUM,IN_PROGRESS
C1461,39890,50,627,DCA_01,0.4097570471688803,0.24146980479004443,LOW,IN_PROGRESS
C1462,67017,210,553,DCA_02,0.4217150121798599,0.4316627023016466,MEDIUM,RECOVERED
C1463,48304,29,739,DCA_01,0.4151189625812224,0.2706363560533236,LOW,RECOVERED
C1464,33921,39,870,DCA_02,0.8902383833888627,0.2148859408040945,LOW,IN_PROGRESS
C1465,2524,347,843,DCA_02,0.4572411692339452,0.31263603759453507,MEDIUM,RECOVERED
C1466,16048,100,419,DCA_02,0.471059426487904,0.41831712699148615,MEDIUM,RECOVERED
C1467,36111,173,813,DCA_01,0.64207499372905,0.2928856341902022,LOW,RECOVERED
C1468,38904,17,848,DCA_02,0.6407005834465795,0.2139515107708262,LOW,RECOVERED
C1469,55912,56,396,DCA_01,0.8599868836425346,0.4103633935815938,MEDIUM,IN_PROGRESS
C1470,35008,226,669,DCA_02,0.4367663658364615,0.44157432360233073,MEDIUM,IN_PROGRESS
C1471,1060,46,716,DCA_01,0.8786195825783494,0.27142157868094363,LOW,IN_PROGRESS
C1472,75666,67,556,DCA_01,0.5081951191705045,0.3109784889050423,MEDIUM,RECOVERED
C1473,84559,197,427,DCA_01,0.8850769046524165,0.5433698587554845,MEDIUM,IN_PROGRESS
C1474,56337,142,658,DCA_02,0.6706620494013079,0.3244551078106671,MEDIUM,RECOVERED
C1475,14350,323,455,DCA_01,0.7260063729655151,0.5772388142656257,MEDIUM,IN_PROGRESS
C1476,25354,23,356,DCA_02,0.5578643863303236,0.41304611178796147,MEDIUM,RECOVERED
C1477,46186,94,881,DCA_01,0.7059119755497976,0.26085000896968036,LOW,RECOVERED
C1478,29145,242,855,DCA_01,0.7554148899496989,0.35548160562607367,MEDIUM,IN_PROGRESS
C1479,35020,237,375,DCA_02,0.4051850836461528,0.6125426535618734,HIGH,IN_PROGRESS
C1480,87123,54,457,DCA_02,0.417114212590852,0.4091905973563247,MEDIUM,RECOVERED
C1481,76186,138,384,DCA_01,0.8932385059691497,0.4689610720455082,MEDIUM,IN_PROGRESS
C1482,86469,333,621,DCA_02,0.6287785524464078,0.4898060884798473,MEDIUM,IN_PROGRESS
C1483,21581,272,608,DCA_02,0.8679087627182773,0.42337733666471056,MEDIUM,RECOVERED
C1484,89929,41,829,DCA_01,0.7649488084083343,0.2058692124757271,LOW,RECOVERED
C1485,24051,98,583,DCA_01,0.5864841539836927,0.36557339602978167,MEDIUM,RECOVERED
C1486,52474,183,341,DCA_02,0.4754210023292649,0.49745123702900984,MEDIUM,RECOVERED
C1487,92748,128,433,DCA_01,0.889075866525106,0.43090559733422507,MEDIUM,RECOVERED
C1488,70626,229,703,DCA_02,0.6922481285491936,0.4179194334259331,MEDIUM,IN_PROGRESS
C1489,7960,317,792,DCA_02,0.49617831168425,0.40923750626972855,MEDIUM,RECOVERED
C1490,36772,86,521,DCA_01,0.7408264901473736,0.32168441792285973,MEDIUM,RECOVERED
C1491,22520,256,528,DCA_02,0.4460242549151689,0.4966418029070465,MEDIUM,IN_PROGRESS
C1492,50481,209,751,DCA_01,0.8340186398700797,0.2899745944344593,LOW,RECOVERED
C1493,37408,215,605,DCA_01,0.4450686736276695,0.37018452685377523,MEDIUM,IN_PROGRESS
C1494,95006,100,418,DCA_01,0.5180971791455845,0.5399676946753909,MEDIUM,RECOVERED
C1495,58134,49,623,DCA_01,0.4457154027136877,0.32131490230851745,MEDIUM,RECOVERED
C1496,21491,201,458,DCA_02,0.4518936084247329,0.4875298870515181,MEDIUM,RECOVERED
C1497,2341,258,538,DCA_02,0.6619170768295913,0.527299663577904,MEDIUM,IN_PROGRESS
C1498,45623,178,695,DCA_02,0.7434949012796961,0.33372838005263583,MEDIUM,IN_PROGRESS
C1499,91327,245,619,DCA_02,0.7942408916729768,0.45360661093131927,MEDIUM,RECOVERED
C1500,1338,123,488,DCA_01,0.7475276448010467,0.4734592885869643,MEDIUM,RECOVERED
C1501,72431,342,608,DCA_01,0.5817449060180355,0.5282038213804596,MEDIUM,IN_PROGRESS
C1502,13254,171,548,DCA_01,0.6786438935235266,0.41869161963480117,MEDIUM,RECOVERED
C1503,52860,333,837,DCA_01,0.8638320372141153,0.4337137185437404,MEDIUM,RECOVERED
C1504,12344,136,805,DCA_02,0.5937883078770279,0.24328365507991168,LOW,IN_PROGRESS
C1505,2750,59,693,DCA_01,0.5262021845140619,0.27389034799530787,LOW,RECOVERED
C1506,55756,193,705,DCA_02,0.6596596777804602,0.37968722451847814,MEDIUM,IN_PROGRESS
C1507,68957,268,480,DCA_02,0.548667605921049,0.5709806343720312,MEDIUM,IN_PROGRESS
C1508,59053,260,320,DCA_01,0.530908525980938,0.5806718011557572,MEDIUM,IN_PROGRESS
C1509,71855,95,882,DCA_02,0.7894016506266316,0.22498719828812141,LOW,RECOVERED
C1510,16896,125,893,DCA_02,0.845417928698768,0.23433889020928256,LOW,RECOVERED
C1511,56761,41,454,DCA_01,0.6511583413744759,0.4330956370210177,MEDIUM,RECOVERED
C1512,63552,254,858,DCA_01,0.7898914409836792,0.34089612307054384,MEDIUM,RECOVERED
C1513,78454,7,493,DCA_02,0.4935447130986206,0.3564553327887775,MEDIUM,IN_PROGRESS
C1514,91600,216,523,DCA_01,0.6738215065179239,0.4935077136842949,MEDIUM,IN_PROGRESS
C1515,28935,69,698,DCA_01,0.718099971352833,0.28685823931204,LOW,IN_PROGRESS
C1516,38641,69,579,DCA_01,0.645332083908386,0.3056376775828207,MEDIUM,RECOVERED
C1517,30711,81,309,DCA_01,0.4584401081740981,0.4574932090569118,MEDIUM,IN_PROGRESS
C1518,71342,30,675,DCA_01,0.7670501159095386,0.2484595863562158,LOW,IN_PROGRESS
C1519,13182,73,771,DCA_02,0.8195390885947497,0.2914042605131162,LOW,RECOVERED
C1520,88833,262,451,DCA_02,0.7176131274907295,0.5328598313364241,MEDIUM,IN_PROGRESS
C1521,57276,89,423,DCA_01,0.4845805008084137,0.4081414123107989,MEDIUM,RECOVERED
C1522,20541,208,852,DCA_02,0.4372762199242715,0.2797718387270549,LOW,RECOVERED
C1523,95457,213,723,DCA_02,0.5508019540872395,0.31846263983724754,MEDIUM,IN_PROGRESS
C1524,83310,322,822,DCA_01,0.4184950559252097,0.4266297215143713,MEDIUM,IN_PROGRESS
C1525,45813,266,812,DCA_02,0.8196095052264669,0.3917305500455234,MEDIUM,RECOVERED
C1526,38198,293,470,DCA_01,0.7515302200351046,0.5638576790559893,MEDIUM,IN_PROGRESS
C1527,9820,207,864,DCA_01,0.6818443305003147,0.32681884567826314,MEDIUM,IN_PROGRESS
C1528,25070,333,424,DCA_02,0.8448162517418659,0.5481117904249249,MEDIUM,RECOVERED
C1529,70768,77,474,DCA_01,0.4550467498850356,0.396365099567197,MEDIUM,IN_PROGRESS
C1530,12122,288,803,DCA_01,0.7572298749380166,0.3237474213131316,MEDIUM,IN_PROGRESS
C1531,81559,47,684,DCA_02,0.4733161034665875,0.3075736369392781,MEDIUM,RECOVERED
C1532,74543,110,870,DCA_01,0.4304627133843424,0.2364807485337912,LOW,IN_PROGRESS
C1533,84441,200,405,DCA_01,0.4664522536856827,0.47866994497901794,MEDIUM,IN_PROGRESS
C1534,42786,210,827,DCA_02,0.875470045354309,0.31341253987068185,MEDIUM,RECOVERED
C1535,95934,154,337,DCA_02,0.6202166923290195,0.551668873475115,MEDIUM,IN_PROGRESS
C1536,7737,10,694,DCA_01,0.4244978481114176,0.3105458497336465,MEDIUM,IN_PROGRESS
C1537,37062,353,776,DCA_01,0.6918173241274168,0.3594406156464707,MEDIUM,RECOVERED
C1538,55237,157,766,DCA_01,0.4998570330662822,0.30375611325691976,MEDIUM,RECOVERED
C1539,52571,261,804,DCA_01,0.4034182051298834,0.42632983102377797,MEDIUM,IN_PROGRESS
C1540,26510,77,614,DCA_02,0.7791928972220048,0.4123202232309561,MEDIUM,RECOVERED
C1541,20426,257,584,DCA_01,0.4774315394599321,0.46723939239093626,MEDIUM,IN_PROGRESS
C1542,38265,131,763,DCA_02,0.871243236179938,0.30387575499600783,MEDIUM,RECOVERED
C1543,18850,67,563,DCA_02,0.6963999343932864,0.3482952216183747,MEDIUM,RECOVERED
C1544,67150,228,728,DCA_01,0.4434979112703201,0.3830693722860081,MEDIUM,RECOVERED
C1545,88312,163,664,DCA_02,0.5089122143360814,0.3659432738418612,MEDIUM,RECOVERED
C1546,90613,15,480,DCA_02,0.705422318629922,0.2880006540144102,LOW,IN_PROGRESS
C1547,75910,232,543,DCA_02,0.5690563640242385,0.43696549457231615,MEDIUM,IN_PROGRESS
C1548,53375,195,612,DCA_01,0.6660715255245465,0.36604347571222917,MEDIUM,RECOVERED
C1549,36435,349,375,DCA_01,0.7997560232981851,0.6875674553231564,HIGH,IN_PROGRESS
C1550,97443,30,561,DCA_02,0.7963007541187765,0.3386151471139922,MEDIUM,RECOVERED
C1551,58132,359,530,DCA_01,0.7489934019915314,0.5250073326483919,MEDIUM,RECOVERED
C1552,79945,338,679,DCA_02,0.8430271530649931,0.46499154466661385,MEDIUM,IN_PROGRESS
C1553,83050,331,608,DCA_01,0.4996803457889481,0.41619973291296,MEDIUM,IN_PROGRESS
C1554,96402,316,687,DCA_02,0.4886207442755071,0.48370838713167996,MEDIUM,IN_PROGRESS
C1555,3983,296,624,DCA_02,0.7996747581267153,0.46450043559291865,MEDIUM,RECOVERED
C1556,98241,330,755,DCA_02,0.5604446731139079,0.4361253087993452,MEDIUM,IN_PROGRESS
C1557,21662,220,811,DCA_02,0.656091206556224,0.26794382986964826,LOW,RECOVERED
C1558,24510,147,642,DCA_02,0.7719760743597728,0.3910108696285046,MEDIUM,RECOVERED
C1559,79187,259,815,DCA_02,0.5979661796471739,0.4329618118869556,MEDIUM,IN_PROGRESS
C1560,41998,292,741,DCA_01,0.4650811500971067,0.4442470897909341,MEDIUM,RECOVERED
C1561,57846,299,848,DCA_01,0.7397286008936459,0.3620896934257255,MEDIUM,RECOVERED
C1562,95071,143,882,DCA_01,0.8085796934239787,0.2319924036806299,LOW,RECOVERED
C1563,7640,235,561,DCA_02,0.4063986417904346,0.4689783107227322,MEDIUM,IN_PROGRESS
C1564,45547,115,762,DCA_02,0.6812760580988724,0.2600181714481966,LOW,RECOVERED
C1565,55620,90,526,DCA_02,0.6347025461987819,0.4499479346147932,MEDIUM,IN_PROGRESS
C1566,16317,208,822,DCA_01,0.5297980032636455,0.29208260143500464,LOW,RECOVERED
C1567,8564,164,488,DCA_01,0.4805142835599641,0.42840088670166265,MEDIUM,RECOVERED
C1568,28345,84,508,DCA_02,0.4940186556455551,0.3877166556244869,MEDIUM,RECOVERED
C1569,95223,77,312,DCA_01,0.7624865921123556,0.4905200630188443,MEDIUM,RECOVERED
C1570,80273,161,461,DCA_02,0.6680975670718099,0.392762703579574,MEDIUM,IN_PROGRESS
C1571,75859,5,871,DCA_02,0.8905771906674729,0.2068925375645806,LOW,RECOVERED
C1572,81765,78,792,DCA_01,0.5216153991260768,0.21888513242278285,LOW,RECOVERED
C1573,75038,91,734,DCA_01,0.8784520883938733,0.23018352551386267,LOW,RECOVERED
C1574,53393,87,304,DCA_02,0.6575547796691867,0.48529617778643197,MEDIUM,RECOVERED
C1575,67081,270,501,DCA_01,0.4730131888244988,0.4834594885958209,MEDIUM,RECOVERED
C1576,30430,104,715,DCA_01,0.4740895213496466,0.2945193794021176,LOW,RECOVERED
C1577,76532,339,311,DCA_01,0.7042839952450789,0.659050045800639,HIGH,IN_PROGRESS
C1578,28788,175,696,DCA_02,0.8157113733159462,0.43345844789628885,MEDIUM,RECOVERED
C1579,96505,54,640,DCA_01,0.7738557626267573,0.3309501749800251,MEDIUM,RECOVERED
C1580,49543,211,672,DCA_01,0.7278136713178,0.36355668427675336,MEDIUM,RECOVERED
C1581,14919,95,677,DCA_01,0.4860540312441194,0.3229696275499879,MEDIUM,RECOVERED
C1582,70346,223,524,DCA_02,0.4541700028854695,0.47302258140184994,MEDIUM,IN_PROGRESS
C1583,97122,9,481,DCA_02,0.4001240118542388,0.29531330636221975,LOW,RECOVERED
C1584,40974,53,596,DCA_01,0.4508969306169681,0.30107251075566366,MEDIUM,IN_PROGRESS
C1585,17371,77,606,DCA_01,0.783183303741692,0.2874927852655471,LOW,RECOVERED
C1586,46084,206,730,DCA_01,0.8476242079945189,0.38261862275416825,MEDIUM,IN_PROGRESS
C1587,30629,316,417,DCA_01,0.5201752294277093,0.6503303785048409,HIGH,RECOVERED
C1588,52184,302,651,DCA_02,0.797447120225043,0.5116887189815396,MEDIUM,RECOVERED
C1589,62916,310,887,DCA_01,0.4994243828039905,0.2879904436403192,LOW,IN_PROGRESS
C1590,74972,330,345,DCA_02,0.5246358416791008,0.6600616693997867,HIGH,RECOVERED
C1591,63187,112,526,DCA_01,0.5120790471961014,0.33818685999720044,MEDIUM,RECOVERED
C1592,13984,351,655,DCA_02,0.4258649545245856,0.5273931502136326,MEDIUM,IN_PROGRESS
C1593,34039,165,593,DCA_02,0.4970306340500824,0.4393195681974713,MEDIUM,RECOVERED
C1594,86431,279,539,DCA_02,0.5867716723036547,0.4712003138693658,MEDIUM,RECOVERED
C1595,84691,27,647,DCA_02,0.6027348576941451,0.3313331783237766,MEDIUM,IN_PROGRESS
C1596,59606,70,440,DCA_01,0.5547332069465812,0.3983351472289244,MEDIUM,IN_PROGRESS
C1597,11616,218,503,DCA_02,0.6573626428219335,0.5622995011039018,MEDIUM,RECOVERED
C1598,51072,189,568,DCA_01,0.5889991162499117,0.4586133075778247,MEDIUM,RECOVERED
C1599,25574,333,612,DCA_01,0.8851823230870427,0.5605692189242679,MEDIUM,IN_PROGRESS
C1600,4430,306,717,DCA_02,0.8036752271656324,0.3571990255429305,MEDIUM,RECOVERED
C1601,13676,124,436,DCA_02,0.8654886729714609,0.4817167523221856,MEDIUM,IN_PROGRESS
C1602,11816,19,650,DCA_02,0.6787134731063516,0.28833501155446595,LOW,RECOVERED
C1603,33733,257,460,DCA_01,0.7391698143606538,0.45915328519730303,MEDIUM,IN_PROGRESS
C1604,86680,296,472,DCA_02,0.4833381875505972,0.5543542317921488,MEDIUM,RECOVERED
C1605,3050,22,429,DCA_02,0.7763928786185663,0.3438980717601179,MEDIUM,RECOVERED
C1606,34933,40,378,DCA_01,0.5179855555826367,0.4571057548118076,MEDIUM,RECOVERED
C1607,25951,38,868,DCA_01,0.4729164638670881,0.21964923243027945,LOW,RECOVERED
C1608,33413,48,356,DCA_02,0.4209296743695807,0.47600023206336173,MEDIUM,IN_PROGRESS
C1609,35801,183,699,DCA_01,0.6361151248009826,0.3324823626425427,MEDIUM,IN_PROGRESS
C1610,56619,75,662,DCA_02,0.5433946298146752,0.3499459625753615,MEDIUM,RECOVERED
C1611,33913,209,634,DCA_01,0.8933635863180943,0.4774762907013016,MEDIUM,IN_PROGRESS
C1612,41600,183,433,DCA_02,0.5249171510079065,0.49102036030275364,MEDIUM,IN_PROGRESS
C1613,58775,107,313,DCA_01,0.833271640159327,0.5106440788945397,MEDIUM,RECOVERED
C1614,91816,188,582,DCA_02,0.5582193845656639,0.3904739596882547,MEDIUM,IN_PROGRESS
C1615,91093,264,720,DCA_02,0.7745634261562062,0.42450788778509996,MEDIUM,RECOVERED
C1616,36400,86,426,DCA_01,0.7299206550348527,0.4106515038065307,MEDIUM,RECOVERED
C1617,5494,324,517,DCA_02,0.6808917773308412,0.5061807418892365,MEDIUM,IN_PROGRESS
C1618,81688,331,788,DCA_02,0.6084124717270507,0.39542130632911276,MEDIUM,IN_PROGRESS
C1619,90431,137,559,DCA_01,0.7355525064222965,0.4428758994271098,MEDIUM,RECOVERED
C1620,75691,346,517,DCA_02,0.6036391751084293,0.5917267279610244,MEDIUM,IN_PROGRESS
C1621,98419,336,788,DCA_01,0.6740501171636599,0.43365773562447996,MEDIUM,RECOVERED
C1622,44001,95,742,DCA_01,0.6949008684179845,0.2591818884793756,LOW,RECOVERED
C1623,68364,326,398,DCA_01,0.5336776100185621,0.6204053949994293,HIGH,IN_PROGRESS
C1624,46028,245,481,DCA_02,0.569868238652695,0.5166821883615069,MEDIUM,IN_PROGRESS
C1625,98659,90,468,DCA_02,0.4090250317789016,0.35712773885307714,MEDIUM,RECOVERED
C1626,38573,59,532,DCA_01,0.8260794966973921,0.3481292359363849,MEDIUM,RECOVERED
C1627,1806,28,392,DCA_02,0.7779915721503174,0.35650416979776256,MEDIUM,IN_PROGRESS
C1628,57638,72,771,DCA_01,0.4917652266514612,0.2596597174972134,LOW,IN_PROGRESS
C1629,30757,270,815,DCA_02,0.5810242250042794,0.3541591502036965,MEDIUM,RECOVERED
C1630,35636,24,384,DCA_01,0.6105347415045143,0.3894186808813147,MEDIUM,RECOVERED
C1631,81097,112,818,DCA_02,0.5671893460000441,0.2998237747665278,LOW,RECOVERED
C1632,49280,300,680,DCA_02,0.7991214033030449,0.43184033387369436,MEDIUM,RECOVERED
C1633,25262,56,706,DCA_02,0.7627103530577426,0.35298083466555663,MEDIUM,IN_PROGRESS
C1634,81435,223,531,DCA_02,0.7835793650705978,0.5379320263947677,MEDIUM,RECOVERED
C1635,63211,120,550,DCA_02,0.8520650254671767,0.46673769958643885,MEDIUM,RECOVERED
C1636,55842,179,384,DCA_01,0.6975756279501897,0.5496122811776184,MEDIUM,IN_PROGRESS
C1637,57979,288,618,DCA_01,0.7072671645140272,0.5191444438991495,MEDIUM,IN_PROGRESS
C1638,82470,281,492,DCA_01,0.7609670598236165,0.6163309198098305,HIGH,IN_PROGRESS
C1639,39197,189,900,DCA_02,0.7406162973253386,0.22605317941919567,LOW,RECOVERED
C1640,42844,66,599,DCA_01,0.834906509199481,0.3310724757326339,MEDIUM,RECOVERED
C1641,65754,298,657,DCA_02,0.7850991029222725,0.4636703816857567,MEDIUM,RECOVERED
C1642,35157,249,856,DCA_01,0.4602293082394043,0.38972304877161223,MEDIUM,IN_PROGRESS
C1643,78129,76,752,DCA_02,0.8641793077238934,0.25827864064532535,LOW,RECOVERED
C1644,41042,137,862,DCA_01,0.7415496451506012,0.2664361773847397,LOW,RECOVERED
C1645,62665,164,805,DCA_02,0.4635729629131769,0.2803826803850338,LOW,RECOVERED
C1646,83856,233,364,DCA_01,0.7859868678579663,0.6499342877188278,HIGH,RECOVERED
C1647,28376,255,865,DCA_01,0.5792062648696024,0.32811713146732524,MEDIUM,RECOVERED
C1648,56554,294,521,DCA_01,0.8029889560182516,0.46525103292978653,MEDIUM,RECOVERED
C1649,15199,170,765,DCA_02,0.8777029714951086,0.34150108498553544,MEDIUM,RECOVERED
C1650,82412,317,371,DCA_01,0.5276210180544649,0.6459815360576845,HIGH,IN_PROGRESS
C1651,51948,174,773,DCA_01,0.8287055230424547,0.3529908714617003,MEDIUM,RECOVERED
C1652,74781,345,318,DCA_02,0.7867806850719693,0.6588214237525014,HIGH,RECOVERED
C1653,73750,18,821,DCA_01,0.7355924501002336,0.20141820667852806,LOW,RECOVERED
C1654,67262,70,714,DCA_02,0.5924602722804568,0.30362816151514505,MEDIUM,RECOVERED
C1655,47600,338,663,DCA_02,0.45493104772223,0.5203041129399462,MEDIUM,IN_PROGRESS
C1656,77898,116,827,DCA_02,0.6419484139599635,0.25748409344165,LOW,RECOVERED
C1657,63483,80,379,DCA_02,0.4528333148887453,0.5114084451691545,MEDIUM,RECOVERED
C1658,19297,15,489,DCA_01,0.6500736134391626,0.29598020783501044,LOW,IN_PROGRESS
C1659,31448,176,447,DCA_01,0.8101466353877849,0.4820707271401159,MEDIUM,RECOVERED
C1660,27172,269,742,DCA_02,0.8988190672004817,0.4705703294595507,MEDIUM,IN_PROGRESS
C1661,43874,119,564,DCA_02,0.4990043557465545,0.4463347095396132,MEDIUM,RECOVERED
C1662,8657,299,808,DCA_01,0.5039290211735112,0.3609011414796699,MEDIUM,IN_PROGRESS
C1663,85386,188,600,DCA_01,0.8054416659595346,0.49958032304284905,MEDIUM,RECOVERED
C1664,26425,57,765,DCA_01,0.634529316148605,0.2793585754929532,LOW,RECOVERED
C1665,27685,199,664,DCA_01,0.857902298015941,0.37850554600002595,MEDIUM,RECOVERED
C1666,25578,17,698,DCA_01,0.7844981187906073,0.23740710401341436,LOW,RECOVERED
C1667,29831,288,792,DCA_01,0.7682138823650961,0.3601262848115313,MEDIUM,IN_PROGRESS
C1668,8906,55,841,DCA_02,0.4509768543273284,0.22813309421032568,LOW,RECOVERED
C1669,62413,269,779,DCA_01,0.417937782587045,0.4344622027308118,MEDIUM,IN_PROGRESS
C1670,55028,303,467,DCA_02,0.5583814098299307,0.629370628589027,HIGH,RECOVERED
C1671,8287,87,390,DCA_01,0.5086491804244768,0.47084977814032947,MEDIUM,RECOVERED
C1672,34660,318,599,DCA_02,0.7561544429642566,0.5136520241393333,MEDIUM,IN_PROGRESS
C1673,76758,29,473,DCA_02,0.6253668620830253,0.34590008122272475,MEDIUM,IN_PROGRESS
C1674,61504,22,672,DCA_01,0.6615731873144595,0.3241127198654825,MEDIUM,RECOVERED
C1675,60720,321,323,DCA_01,0.8068707414359495,0.6992609760191526,HIGH,RECOVERED
C1676,35701,285,500,DCA_01,0.6392523408828548,0.5465596176646192,MEDIUM,IN_PROGRESS
C1677,84300,48,306,DCA_01,0.6724631604026996,0.45075205234395865,MEDIUM,IN_PROGRESS
C1678,18674,5,305,DCA_01,0.821160133204011,0.3871539912600622,MEDIUM,RECOVERED
C1679,84560,250,460,DCA_02,0.6156679046537564,0.5582671906357539,MEDIUM,RECOVERED
C1680,24874,163,896,DCA_02,0.4415633539567995,0.2698723228961395,LOW,RECOVERED
C1681,44642,202,547,DCA_01,0.6608526047964913,0.43371417439596127,MEDIUM,IN_PROGRESS
C1682,98820,101,465,DCA_01,0.6896808421164238,0.5155717561384956,MEDIUM,RECOVERED
C1683,66160,71,727,DCA_01,0.6558984021564965,0.21547317180379733,LOW,RECOVERED
C1684,18602,163,444,DCA_01,0.5290247586090587,0.43693352066247926,MEDIUM,IN_PROGRESS
C1685,89801,173,810,DCA_01,0.5118450341260641,0.30462677979499364,MEDIUM,RECOVERED
C1686,26931,141,842,DCA_01,0.5848781859659208,0.33946601740436866,MEDIUM,IN_PROGRESS
C1687,95377,138,808,DCA_01,0.4831143692518399,0.3224731498760086,MEDIUM,RECOVERED
C1688,30192,66,519,DCA_01,0.7330118396369174,0.292714607818818,LOW,IN_PROGRESS
C1689,47542,198,875,DCA_01,0.7073374506398222,0.26801417865262955,LOW,RECOVERED
C1690,43520,328,375,DCA_02,0.7161978078393918,0.66639872765986,HIGH,IN_PROGRESS
C1691,65772,228,618,DCA_01,0.5123987465699706,0.3641244649888298,MEDIUM,RECOVERED
C1692,59762,281,337,DCA_02,0.5232645071019421,0.5855615727907444,MEDIUM,RECOVERED
C1693,51106,172,865,DCA_01,0.793695129559375,0.23209068766306185,LOW,IN_PROGRESS
C1694,82121,316,813,DCA_01,0.7450558862792577,0.3763901687878842,MEDIUM,IN_PROGRESS
C1695,26559,40,545,DCA_01,0.8375899245837706,0.3692080965232689,MEDIUM,IN_PROGRESS
C1696,34742,7,439,DCA_01,0.6017528588883977,0.3834739550837729,MEDIUM,IN_PROGRESS
C1697,70669,174,557,DCA_02,0.6736639160488764,0.4775394170888684,MEDIUM,IN_PROGRESS
C1698,81199,151,680,DCA_01,0.7693888529652068,0.4325653364277017,MEDIUM,IN_PROGRESS
C1699,22754,211,777,DCA_01,0.8870774845162783,0.2590036421643567,LOW,RECOVERED
C1700,4972,302,484,DCA_02,0.8948159064228478,0.5466137365583115,MEDIUM,IN_PROGRESS
C1701,71831,86,602,DCA_01,0.8995877062391402,0.3777643358126713,MEDIUM,RECOVERED
C1702,42873,253,793,DCA_02,0.8452632415324033,0.4036515577792841,MEDIUM,IN_PROGRESS
C1703,95661,21,463,DCA_02,0.719825409568539,0.3492983633803153,MEDIUM,RECOVERED
C1704,10903,257,502,DCA_01,0.4034854753947264,0.5344881133639835,MEDIUM,IN_PROGRESS
C1705,4020,33,707,DCA_01,0.7497718816388781,0.25692184145302777,LOW,RECOVERED
C1706,42755,260,509,DCA_02,0.5192997580684706,0.4694806061397081,MEDIUM,IN_PROGRESS
C1707,86956,234,400,DCA_02,0.4285835736551219,0.5576374256308184,MEDIUM,IN_PROGRESS
C1708,87988,3,745,DCA_02,0.7485922144725681,0.18214547299100325,LOW,RECOVERED
C1709,46648,347,860,DCA_02,0.7780054635880966,0.34878935766786867,MEDIUM,RECOVERED
C1710,10516,308,667,DCA_02,0.7297165600838749,0.41709051186412116,MEDIUM,IN_PROGRESS
C1711,3396,227,538,DCA_01,0.5825848919081282,0.4728889511711556,MEDIUM,RECOVERED
C1712,85082,284,590,DCA_02,0.6555020620395617,0.46808785889946014,MEDIUM,RECOVERED
C1713,20129,70,671,DCA_01,0.8674738134978737,0.31897954042469223,MEDIUM,RECOVERED
C1714,2591,313,730,DCA_02,0.7648054829884712,0.3550577446720199,MEDIUM,RECOVERED
C1715,12303,364,579,DCA_01,0.6523421167496679,0.44380476902569066,MEDIUM,IN_PROGRESS
C1716,31561,254,766,DCA_01,0.696724575975536,0.36136107258286065,MEDIUM,RECOVERED
C1717,72719,144,615,DCA_02,0.8638417991731782,0.4192332266487101,MEDIUM,RECOVERED
C1718,93108,24,376,DCA_02,0.5968912611348387,0.40192450601598484,MEDIUM,RECOVERED
C1719,87231,234,450,DCA_02,0.4509218577430451,0.5366461090216292,MEDIUM,IN_PROGRESS
C1720,8314,333,695,DCA_01,0.5629131208515357,0.4930262377446517,MEDIUM,RECOVERED
C1721,20623,175,795,DCA_02,0.6076001073681432,0.258866091627281,LOW,RECOVERED
C1722,68675,332,596,DCA_02,0.5364819349302441,0.453194229128265,MEDIUM,IN_PROGRESS
C1723,97826,325,706,DCA_02,0.6644862026250251,0.4581384630986336,MEDIUM,IN_PROGRESS
C1724,66082,357,586,DCA_02,0.5524289375730387,0.5377101948102039,MEDIUM,RECOVERED
C1725,84624,159,792,DCA_01,0.4515897926911913,0.33969797338854624,MEDIUM,IN_PROGRESS
C1726,34130,348,835,DCA_01,0.4940342568030254,0.43243298107171024,MEDIUM,RECOVERED
C1727,52756,348,755,DCA_02,0.8590780417115695,0.4189464627788668,MEDIUM,RECOVERED
C1728,98624,286,791,DCA_01,0.7147978145504301,0.42362626437079787,MEDIUM,RECOVERED
C1729,27292,18,308,DCA_01,0.5571543563815252,0.40329953559039355,MEDIUM,IN_PROGRESS
C1730,87206,44,431,DCA_02,0.5834589562502199,0.37529122779624313,MEDIUM,IN_PROGRESS
C1731,70274,155,376,DCA_02,0.6466915857045126,0.5303646636928261,MEDIUM,RECOVERED
C1732,3469,355,430,DCA_02,0.7365650167813526,0.5607796455895661,MEDIUM,RECOVERED
C1733,54947,231,711,DCA_02,0.691089944921885,0.3016857639792415,MEDIUM,RECOVERED
C1734,23534,316,389,DCA_01,0.8663490622814707,0.6287625006981191,HIGH,IN_PROGRESS
C1735,64620,225,797,DCA_01,0.7128744132861548,0.3288555177708131,MEDIUM,IN_PROGRESS
C1736,49874,217,653,DCA_02,0.8553959898024708,0.3600385309248523,MEDIUM,IN_PROGRESS
C1737,50708,56,570,DCA_01,0.4027150795822827,0.3125954924910527,MEDIUM,RECOVERED
C1738,75553,31,691,DCA_01,0.8452797359609732,0.3130631922414301,MEDIUM,RECOVERED
C1739,69344,357,731,DCA_02,0.7607292939830221,0.42838634761487526,MEDIUM,RECOVERED
C1740,50138,59,771,DCA_01,0.486096727056043,0.22195309667698304,LOW,RECOVERED
C1741,55302,353,607,DCA_01,0.5315190096225255,0.5359246218755143,MEDIUM,RECOVERED
C1742,48638,235,807,DCA_01,0.6714049995819408,0.3973098394990535,MEDIUM,RECOVERED
C1743,79249,107,354,DCA_02,0.4624690776752714,0.45852666689698685,MEDIUM,RECOVERED
C1744,3719,191,336,DCA_02,0.7926841345560229,0.5439498107832705,MEDIUM,RECOVERED
C1745,23890,18,354,DCA_01,0.7955869331112133,0.39305971130924533,MEDIUM,RECOVERED
C1746,78236,226,823,DCA_02,0.5504744943275408,0.3362847852529328,MEDIUM,IN_PROGRESS
C1747,37509,167,762,DCA_02,0.434908502486398,0.31944884608523394,MEDIUM,IN_PROGRESS
C1748,43534,71,777,DCA_02,0.8944237296167873,0.25978758009504754,LOW,RECOVERED
C1749,93241,362,510,DCA_02,0.5253644396221624,0.5348574143725473,MEDIUM,RECOVERED
C1750,19787,54,525,DCA_01,0.4337793256586725,0.3886004101752233,MEDIUM,RECOVERED
C1751,49845,245,306,DCA_02,0.564982479691778,0.5144223967075287,MEDIUM,IN_PROGRESS
C1752,58932,350,839,DCA_02,0.8845016310871465,0.38150508642890224,MEDIUM,IN_PROGRESS
C1753,93124,76,511,DCA_01,0.7964638063759975,0.3892636181076806,MEDIUM,IN_PROGRESS
C1754,92659,35,488,DCA_01,0.6401665399050718,0.3755857372535175,MEDIUM,IN_PROGRESS
C1755,34062,267,374,DCA_02,0.5526652108628402,0.5540275527174705,MEDIUM,RECOVERED
C1756,76713,317,413,DCA_02,0.6116530492737344,0.5652877678551211,MEDIUM,IN_PROGRESS
C1757,88263,300,450,DCA_01,0.4086828041153211,0.5801195861320072,MEDIUM,IN_PROGRESS
C1758,96756,121,735,DCA_01,0.759185240720668,0.305994464403448,MEDIUM,RECOVERED
C1759,61461,324,383,DCA_02,0.4498221357759216,0.5487299326251291,MEDIUM,IN_PROGRESS
C1760,76418,25,511,DCA_01,0.6595187884371536,0.375741839932235,MEDIUM,RECOVERED
C1761,67672,160,760,DCA_01,0.6829225264312848,0.3426695957357395,MEDIUM,IN_PROGRESS
C1762,35832,84,476,DCA_02,0.4008448871511469,0.3653032142684931,MEDIUM,RECOVERED
C1763,32966,114,611,DCA_01,0.8899393129887156,0.36159378331886505,MEDIUM,RECOVERED
C1764,73545,223,458,DCA_01,0.5510695188444433,0.5743250731081213,MEDIUM,IN_PROGRESS
C1765,13987,166,485,DCA_01,0.4386121254960579,0.4062763344857886,MEDIUM,RECOVERED
C1766,38311,191,770,DCA_01,0.8271942791297451,0.31534834908643006,MEDIUM,RECOVERED
C1767,32575,175,608,DCA_02,0.4759763020256726,0.42845959648414156,MEDIUM,RECOVERED
C1768,64852,1,545,DCA_02,0.4124775681122443,0.3632464702263001,MEDIUM,RECOVERED
C1769,2007,229,683,DCA_02,0.6473453397964486,0.38901975840221403,MEDIUM,IN_PROGRESS
C1770,71981,86,341,DCA_02,0.4649584928987867,0.4620105418679278,MEDIUM,IN_PROGRESS
C1771,77242,62,584,DCA_01,0.8912115331769404,0.340959219461469,MEDIUM,IN_PROGRESS
C1772,48517,320,599,DCA_01,0.4052054933062579,0.4323318912765821,MEDIUM,RECOVERED
C1773,30257,206,735,DCA_01,0.425598672094316,0.33398217367705973,MEDIUM,RECOVERED
C1774,88272,105,668,DCA_01,0.8166419831994844,0.3212372051383696,MEDIUM,IN_PROGRESS
C1775,43207,318,785,DCA_02,0.519875848019013,0.41930669426711165,MEDIUM,RECOVERED
C1776,14281,291,735,DCA_01,0.8557983766919721,0.4119542061726553,MEDIUM,IN_PROGRESS
C1777,62246,250,727,DCA_01,0.5555685267374799,0.4092496228998882,MEDIUM,IN_PROGRESS
C1778,2435,13,480,DCA_02,0.4348913256802029,0.36541378647673284,MEDIUM,IN_PROGRESS
C1779,99875,163,639,DCA_01,0.4052958995207678,0.38003642714477326,MEDIUM,IN_PROGRESS
C1780,92357,43,790,DCA_02,0.541283638528588,0.2214348052134253,LOW,RECOVERED
C1781,27660,111,794,DCA_01,0.6368652877479497,0.24503666814571223,LOW,RECOVERED
C1782,6084,205,462,DCA_02,0.400508055463035,0.5416545266525179,MEDIUM,IN_PROGRESS
C1783,83197,256,857,DCA_01,0.6905536012719471,0.31786111585780474,MEDIUM,IN_PROGRESS
C1784,14507,307,755,DCA_01,0.5668307793373659,0.401984233590174,MEDIUM,RECOVERED
C1785,73595,144,391,DCA_01,0.5950767646812057,0.5462850727143587,MEDIUM,RECOVERED
C1786,84807,146,404,DCA_02,0.5307054740990533,0.4022860564266262,MEDIUM,RECOVERED
C1787,46539,301,738,DCA_01,0.6645226027205314,0.40096211420075756,MEDIUM,IN_PROGRESS
C1788,8491,164,797,DCA_01,0.5150613109840719,0.2706903136953863,LOW,RECOVERED
C1789,51192,169,627,DCA_01,0.4674110430782353,0.36095606686164305,MEDIUM,RECOVERED
C1790,81395,298,840,DCA_02,0.8453235410240225,0.38179887687414515,MEDIUM,IN_PROGRESS
C1791,64888,233,808,DCA_02,0.5952774915152763,0.35478551780371836,MEDIUM,RECOVERED
C1792,74609,271,550,DCA_02,0.4384651751104959,0.5277180582325058,MEDIUM,IN_PROGRESS
C1793,10077,60,490,DCA_01,0.5151613772831658,0.3995490808440535,MEDIUM,IN_PROGRESS
C1794,21953,296,346,DCA_01,0.5549714741004084,0.6490281653502017,HIGH,IN_PROGRESS
C1795,77919,235,550,DCA_01,0.7848231546742703,0.43471532502555066,MEDIUM,RECOVERED
C1796,68889,165,363,DCA_02,0.4111277472646746,0.5103502791919623,MEDIUM,RECOVERED
C1797,24821,194,619,DCA_02,0.6391247442390572,0.4095184615241404,MEDIUM,IN_PROGRESS
C1798,38567,234,823,DCA_01,0.603846242678359,0.33817124013554656,MEDIUM,RECOVERED
C1799,25860,183,591,DCA_02,0.8842002008174622,0.4050219224435314,MEDIUM,IN_PROGRESS
C1800,22195,333,328,DCA_02,0.4900375061483057,0.5989025456736137,MEDIUM,IN_PROGRESS
C1801,78475,232,736,DCA_01,0.7139353730818594,0.3927618880355557,MEDIUM,RECOVERED
C1802,91874,361,896,DCA_01,0.5010984425463648,0.3974461429718229,MEDIUM,RECOVERED
C1803,88266,107,885,DCA_01,0.6742110270859205,0.2153214678366352,LOW,RECOVERED
C1804,22427,223,346,DCA_02,0.6775316162568946,0.5073280065084769,MEDIUM,RECOVERED
C1805,28083,80,716,DCA_01,0.4376733649292261,0.22891631111298572,LOW,IN_PROGRESS
C1806,88046,234,892,DCA_01,0.6282256470986158,0.2630175223743918,LOW,RECOVERED
C1807,58372,184,750,DCA_02,0.6305780539799816,0.38256337074892777,MEDIUM,IN_PROGRESS
C1808,45064,185,854,DCA_01,0.5595683370710733,0.35185853434018277,MEDIUM,RECOVERED
C1809,8813,134,373,DCA_01,0.5385792768438272,0.4635198926308167,MEDIUM,RECOVERED
C1810,32598,220,352,DCA_01,0.5121489870581024,0.4925659368118366,MEDIUM,RECOVERED
C1811,94106,288,532,DCA_02,0.4029705359373349,0.4501465166869846,MEDIUM,IN_PROGRESS
C1812,28082,364,499,DCA_01,0.4009081422444867,0.616708579697768,HIGH,RECOVERED
C1813,30241,202,848,DCA_01,0.6948936053952972,0.2799029131687102,LOW,IN_PROGRESS
C1814,97214,146,396,DCA_01,0.5457319555703437,0.4621513365662283,MEDIUM,IN_PROGRESS
C1815,45569,324,348,DCA_01,0.4839443278916002,0.5442406421278451,MEDIUM,IN_PROGRESS
C1816,12745,127,821,DCA_02,0.7423676027561499,0.2025531840392364,LOW,RECOVERED
C1817,27029,135,339,DCA_02,0.6644522847397227,0.4438350281474821,MEDIUM,RECOVERED
C1818,14025,114,452,DCA_02,0.8574791384406256,0.3919426559457724,MEDIUM,RECOVERED
C1819,15288,264,405,DCA_02,0.8155084685360016,0.5776334668810659,MEDIUM,RECOVERED
C1820,90186,64,852,DCA_02,0.7633645955499835,0.2793562332241094,LOW,RECOVERED
C1821,7540,135,510,DCA_01,0.4632909785925072,0.504028784348941,MEDIUM,IN_PROGRESS
C1822,98768,41,501,DCA_02,0.7330443694793813,0.4357453288376065,MEDIUM,RECOVERED
C1823,82958,296,732,DCA_02,0.7469632214688149,0.42700630938536954,MEDIUM,RECOVERED
C1824,69878,3,864,DCA_01,0.7816662949873554,0.2413523990779729,LOW,IN_PROGRESS
C1825,42846,194,446,DCA_01,0.5315663618787047,0.506594820566793,MEDIUM,RECOVERED
C1826,76932,110,798,DCA_02,0.7201487518318757,0.28276306648067806,LOW,RECOVERED
C1827,18482,221,581,DCA_01,0.7091392291412699,0.4286327953022383,MEDIUM,IN_PROGRESS
C1828,24411,4,609,DCA_02,0.5926550249057463,0.3585623728645997,MEDIUM,RECOVERED
C1829,51975,244,350,DCA_02,0.7317534901844039,0.535709488211974,MEDIUM,RECOVERED
C1830,61545,166,794,DCA_02,0.4433477806581825,0.25164480048835014,LOW,IN_PROGRESS
C1831,79797,26,708,DCA_01,0.7217525105609942,0.273729409514075,LOW,RECOVERED
C1832,53307,17,572,DCA_01,0.7030077921063332,0.37880504243775637,MEDIUM,RECOVERED
C1833,4093,216,757,DCA_02,0.5053122036270439,0.34523836306392064,MEDIUM,IN_PROGRESS
C1834,78258,92,419,DCA_01,0.8091068097599345,0.5100288457289592,MEDIUM,RECOVERED
C1835,23042,31,345,DCA_02,0.8372070001313516,0.4791723980623309,MEDIUM,RECOVERED
C1836,53930,205,542,DCA_02,0.5052419736268298,0.48542154962691564,MEDIUM,IN_PROGRESS
C1837,45413,207,610,DCA_02,0.4379805421186017,0.3743582461350994,MEDIUM,IN_PROGRESS
C1838,94623,107,861,DCA_02,0.7017877317707748,0.25659352190274853,LOW,IN_PROGRESS
C1839,98883,146,630,DCA_01,0.6399587634916489,0.3623567971580627,MEDIUM,RECOVERED
C1840,34756,101,310,DCA_02,0.6137971146310288,0.49291993486115115,MEDIUM,RECOVERED
C1841,54268,318,723,DCA_02,0.7805041650218486,0.4259547262936607,MEDIUM,RECOVERED
C1842,40214,241,347,DCA_02,0.8848313197544575,0.5825576837139391,MEDIUM,RECOVERED
C1843,82871,247,676,DCA_02,0.6388318596880984,0.4340957364606651,MEDIUM,IN_PROGRESS
C1844,29602,163,867,DCA_02,0.4030775393873875,0.29362923318683143,LOW,RECOVERED
C1845,54331,173,307,DCA_01,0.6981335672691891,0.5949630138716262,MEDIUM,RECOVERED
C1846,49901,35,825,DCA_01,0.7269829360649197,0.23829572723079695,LOW,RECOVERED
C1847,64416,284,669,DCA_01,0.8140091529976632,0.44428452043272715,MEDIUM,RECOVERED
C1848,33196,359,739,DCA_02,0.4997034905480587,0.39429632437945117,MEDIUM,RECOVERED
C1849,6626,358,865,DCA_01,0.6621638167594655,0.37737830030431097,MEDIUM,IN_PROGRESS
C1850,8424,21,783,DCA_02,0.6235657501946827,0.2373824443604856,LOW,RECOVERED
C1851,13857,308,572,DCA_01,0.7322202305813155,0.5512405411505603,MEDIUM,RECOVERED
C1852,20982,163,430,DCA_02,0.4319715318515824,0.4693987398869093,MEDIUM,RECOVERED
C1853,77961,97,820,DCA_01,0.8420064658497624,0.2560973306985329,LOW,RECOVERED
C1854,2980,307,413,DCA_01,0.6555787021191393,0.6203284195231648,HIGH,IN_PROGRESS
C1855,49290,339,831,DCA_02,0.838522722484995,0.32561641597114943,MEDIUM,RECOVERED
C1856,27431,55,798,DCA_02,0.5701185659315691,0.24729410758528636,LOW,RECOVERED
C1857,85976,333,638,DCA_01,0.7267611073203137,0.5547540613093127,MEDIUM,IN_PROGRESS
C1858,83711,127,320,DCA_02,0.8783625746547055,0.443260706904288,MEDIUM,RECOVERED
C1859,27385,193,332,DCA_01,0.8716895953548898,0.5612170777167234,MEDIUM,RECOVERED
C1860,39158,243,432,DCA_01,0.8720513773856086,0.47625255834693225,MEDIUM,RECOVERED
C1861,24019,349,325,DCA_02,0.4214734202584658,0.6568064781814082,HIGH,IN_PROGRESS
C1862,19639,88,663,DCA_02,0.6015080004872614,0.3140154505833236,MEDIUM,RECOVERED
C1863,86530,336,900,DCA_01,0.4303906287238828,0.4196907041718496,MEDIUM,IN_PROGRESS
C1864,22563,215,391,DCA_01,0.5547385066375412,0.512894834268214,MEDIUM,RECOVERED
C1865,40341,92,844,DCA_02,0.4872890475469145,0.31171828625463305,MEDIUM,RECOVERED
C1866,6776,303,537,DCA_02,0.7100687120559478,0.4991100847292924,MEDIUM,IN_PROGRESS
C1867,37444,235,317,DCA_01,0.7903730756326981,0.6479072542175752,HIGH,RECOVERED
C1868,69916,184,573,DCA_02,0.6566734826317007,0.4985088338974015,MEDIUM,RECOVERED
C1869,9711,38,588,DCA_01,0.7977365366489413,0.2812334324441318,LOW,RECOVERED
C1870,75318,139,326,DCA_02,0.4064066483031156,0.45826549776773307,MEDIUM,IN_PROGRESS
C1871,83970,195,733,DCA_01,0.8102381823295979,0.35741882273613523,MEDIUM,RECOVERED
C1872,86553,15,407,DCA_01,0.4891801123444033,0.3622052888816806,MEDIUM,RECOVERED
C1873,31707,257,623,DCA_01,0.6304679507023869,0.5272954366171372,MEDIUM,IN_PROGRESS
C1874,40110,135,830,DCA_01,0.6212928079515843,0.30296190057134387,MEDIUM,RECOVERED
C1875,62788,1,403,DCA_01,0.8365777645824235,0.32961742409005423,MEDIUM,RECOVERED
C1876,83879,49,631,DCA_01,0.8829895736419838,0.2742789660844166,LOW,RECOVERED
C1877,39827,96,661,DCA_01,0.5275604832687661,0.31045495371327947,MEDIUM,RECOVERED
C1878,6655,201,588,DCA_02,0.4337065862966005,0.35595178342740375,MEDIUM,RECOVERED
C1879,45859,26,743,DCA_02,0.7252608912274232,0.2429742295349857,LOW,RECOVERED
C1880,54625,343,336,DCA_02,0.6514202933766042,0.6350096155371853,HIGH,RECOVERED
C1881,53098,235,647,DCA_02,0.6828525709553472,0.42824150997313015,MEDIUM,IN_PROGRESS
C1882,16251,349,342,DCA_02,0.4231351063849999,0.6249177069640641,HIGH,IN_PROGRESS
C1883,1526,244,425,DCA_02,0.787654910808973,0.4859999538599411,MEDIUM,IN_PROGRESS
C1884,69760,358,308,DCA_02,0.5161767075436489,0.6227360049984979,HIGH,IN_PROGRESS
C1885,48837,327,825,DCA_01,0.5674683904556386,0.3139137319993315,MEDIUM,IN_PROGRESS
C1886,12536,351,430,DCA_01,0.5141768562746869,0.591800901721287,MEDIUM,IN_PROGRESS
C1887,29541,51,624,DCA_01,0.8729722802960259,0.3108652778761457,MEDIUM,IN_PROGRESS
C1888,80083,81,483,DCA_02,0.4843609082702926,0.4285359609755838,MEDIUM,IN_PROGRESS
C1889,52027,36,581,DCA_01,0.7661595020090848,0.34185442705287716,MEDIUM,IN_PROGRESS
C1890,35531,67,352,DCA_01,0.5228736469692683,0.5002253698923573,MEDIUM,RECOVERED
C1891,9712,129,852,DCA_02,0.6124598095541547,0.27139850499729445,LOW,IN_PROGRESS
C1892,66455,155,832,DCA_01,0.8980309385860614,0.30037519252569933,MEDIUM,RECOVERED
C1893,75744,245,676,DCA_01,0.4502883721210786,0.38839183983186276,MEDIUM,RECOVERED
C1894,6109,111,594,DCA_02,0.840679615543287,0.3287444427008147,MEDIUM,IN_PROGRESS
C1895,50268,168,507,DCA_01,0.8730249481344394,0.3789636295819889,MEDIUM,IN_PROGRESS
C1896,55615,142,776,DCA_01,0.7491136474646396,0.30332066892374054,MEDIUM,RECOVERED
C1897,83503,356,368,DCA_02,0.4049810948676617,0.6419275837535633,HIGH,IN_PROGRESS
C1898,30759,197,736,DCA_01,0.8103992920158902,0.3270058027270637,MEDIUM,IN_PROGRESS
C1899,86708,109,600,DCA_01,0.8411359638053905,0.3452754513353459,MEDIUM,IN_PROGRESS
C1900,61112,79,326,DCA_01,0.890467078443967,0.43621338683688304,MEDIUM,RECOVERED
C1901,27589,161,852,DCA_02,0.819657873875048,0.2740844453790735,LOW,IN_PROGRESS
C1902,31015,19,405,DCA_01,0.6227934836532606,0.4171853021525028,MEDIUM,IN_PROGRESS
C1903,30009,127,885,DCA_01,0.7443248383469648,0.23979666677957967,LOW,RECOVERED
C1904,84309,205,871,DCA_02,0.64256425597867,0.24912452638227434,LOW,RECOVERED
C1905,63046,29,310,DCA_02,0.5765091747613565,0.4152051682547929,MEDIUM,IN_PROGRESS
C1906,27143,207,515,DCA_01,0.7132132465753607,0.5163105590642116,MEDIUM,RECOVERED
C1907,7154,280,620,DCA_02,0.7849162198208879,0.400548398355438,MEDIUM,IN_PROGRESS
C1908,22804,151,759,DCA_02,0.7179503933390966,0.261203870859239,LOW,RECOVERED
C1909,42688,240,825,DCA_02,0.8132891838231058,0.32187914518375693,MEDIUM,IN_PROGRESS
C1910,65288,266,878,DCA_02,0.4881874873000367,0.319502965522114,MEDIUM,IN_PROGRESS
C1911,52195,182,459,DCA_01,0.5868472758015797,0.4926509785116242,MEDIUM,IN_PROGRESS
C1912,21581,105,763,DCA_02,0.5562929063671149,0.25269048621282153,LOW,RECOVERED
C1913,53648,236,821,DCA_02,0.4970635698338992,0.39204131109510476,MEDIUM,IN_PROGRESS
C1914,31087,173,572,DCA_02,0.6215871637426755,0.3609287476692412,MEDIUM,RECOVERED
C1915,50930,158,540,DCA_01,0.8739364364323334,0.36880765021329864,MEDIUM,RECOVERED
C1916,33981,172,466,DCA_01,0.6690041458535811,0.44747411454217156,MEDIUM,IN_PROGRESS
C1917,70298,311,868,DCA_01,0.5432024383518226,0.2975029006994935,LOW,RECOVERED
C1918,47167,157,626,DCA_01,0.5770303091515188,0.3944087634963144,MEDIUM,RECOVERED
C1919,76304,258,828,DCA_02,0.7065378558585639,0.370102739145974,MEDIUM,RECOVERED
C1920,44408,164,572,DCA_02,0.5763733709065402,0.42633136016943185,MEDIUM,IN_PROGRESS
C1921,40499,147,675,DCA_01,0.6691733614603346,0.4169327458460622,MEDIUM,RECOVERED
C1922,53269,154,674,DCA_01,0.5370799467264137,0.37437080873141093,MEDIUM,IN_PROGRESS
C1923,39559,38,633,DCA_02,0.5729656354500929,0.3380760029826282,MEDIUM,RECOVERED
C1924,75319,131,302,DCA_02,0.7528639294181799,0.4871831759111116,MEDIUM,IN_PROGRESS
C1925,96317,358,542,DCA_02,0.6923091758219437,0.5793329974642185,MEDIUM,IN_PROGRESS
C1926,97347,255,350,DCA_02,0.4467434316566898,0.6092315837218875,HIGH,IN_PROGRESS
C1927,49787,208,649,DCA_01,0.8865912592530198,0.4068833510381279,MEDIUM,IN_PROGRESS
C1928,36488,95,473,DCA_02,0.4246684614794426,0.44383730371138996,MEDIUM,RECOVERED
C1929,75441,348,415,DCA_01,0.4414697861408319,0.6357355225799131,HIGH,IN_PROGRESS
C1930,75663,327,660,DCA_01,0.750693024370567,0.5036606030043741,MEDIUM,IN_PROGRESS
C1931,23431,171,654,DCA_01,0.7540090697154116,0.3891671501850851,MEDIUM,RECOVERED
C1932,62681,250,375,DCA_01,0.4094677666133859,0.5385289123256234,MEDIUM,IN_PROGRESS
C1933,64483,190,380,DCA_02,0.721376949731799,0.4969739551882715,MEDIUM,IN_PROGRESS
C1934,50153,199,528,DCA_02,0.4166300073882282,0.4773223424102421,MEDIUM,IN_PROGRESS
C1935,7368,221,371,DCA_01,0.8803849969450135,0.5376171173332012,MEDIUM,IN_PROGRESS
C1936,28424,24,702,DCA_02,0.7480712969164678,0.31757231573285627,MEDIUM,RECOVERED
C1937,46004,244,517,DCA_02,0.4932890506604757,0.48756230124068467,MEDIUM,RECOVERED
C1938,84869,324,751,DCA_01,0.4790523940802095,0.4031462819848951,MEDIUM,RECOVERED
C1939,89652,128,666,DCA_02,0.6848311513602046,0.3047934195196156,MEDIUM,IN_PROGRESS
C1940,57985,93,889,DCA_02,0.7167593628182996,0.22593991197085506,LOW,RECOVERED
C1941,51069,300,859,DCA_02,0.8156188149358694,0.3563047650251201,MEDIUM,IN_PROGRESS
C1942,53326,133,611,DCA_01,0.8516605746067809,0.36677970185280084,MEDIUM,RECOVERED
C1943,82061,55,597,DCA_02,0.5962667220291034,0.31528816932553017,MEDIUM,RECOVERED
C1944,24398,158,323,DCA_02,0.8220424211857448,0.6062431789987484,HIGH,RECOVERED
C1945,99393,29,409,DCA_01,0.6711900176583669,0.4312858016687191,MEDIUM,IN_PROGRESS
C1946,51861,211,351,DCA_02,0.6352910703010098,0.5328828337312801,MEDIUM,RECOVERED
C1947,76897,154,589,DCA_02,0.749485323028894,0.40495822888969735,MEDIUM,RECOVERED
C1948,82905,293,743,DCA_02,0.4515974806723269,0.36592638938019484,MEDIUM,RECOVERED
C1949,69577,222,766,DCA_01,0.5326932528662562,0.29336708487247165,LOW,RECOVERED
C1950,66641,115,558,DCA_01,0.8083813427056942,0.38877325707119614,MEDIUM,IN_PROGRESS
C1951,10078,158,623,DCA_02,0.6520394191687044,0.34391143907289623,MEDIUM,RECOVERED
C1952,26003,259,637,DCA_02,0.854021718241047,0.4853870421343157,MEDIUM,IN_PROGRESS
C1953,63768,251,855,DCA_01,0.4443518669414554,0.2873296787870183,LOW,IN_PROGRESS
C1954,52047,122,721,DCA_02,0.5567064054900226,0.30380885740315355,MEDIUM,IN_PROGRESS
C1955,72626,299,558,DCA_01,0.5777749464020183,0.49558690523323323,MEDIUM,IN_PROGRESS
C1956,58660,263,364,DCA_01,0.6113601613615771,0.6554475580436973,HIGH,IN_PROGRESS
C1957,50786,49,462,DCA_02,0.8934100257821243,0.37749314500979525,MEDIUM,RECOVERED
C1958,2925,329,463,DCA_02,0.5553313570341009,0.6127958537519609,HIGH,IN_PROGRESS
C1959,84976,297,338,DCA_01,0.6593412264827168,0.6285977461578265,HIGH,RECOVERED
C1960,27015,362,619,DCA_01,0.6680356619355009,0.4458036153636259,MEDIUM,IN_PROGRESS
C1961,34320,77,659,DCA_02,0.7853989693036834,0.25774128911793026,LOW,RECOVERED
C1962,65881,127,568,DCA_01,0.658934497042904,0.3883048151259533,MEDIUM,RECOVERED
C1963,91827,197,623,DCA_01,0.7028687003102554,0.42643054668703384,MEDIUM,RECOVERED
C1964,27289,221,625,DCA_02,0.7766640253804558,0.46881857262080207,MEDIUM,IN_PROGRESS
C1965,4389,91,886,DCA_01,0.4505660023399727,0.2541493140096849,LOW,RECOVERED
C1966,26683,8,556,DCA_01,0.8817360617624848,0.26220297007558657,LOW,RECOVERED
C1967,14629,32,499,DCA_02,0.8231520880397241,0.3677851750218578,MEDIUM,RECOVERED
C1968,62550,320,737,DCA_02,0.5943863068115536,0.4328412234547492,MEDIUM,RECOVERED
C1969,25826,269,403,DCA_01,0.7642087945368716,0.5961485092053849,MEDIUM,RECOVERED
C1970,27630,191,671,DCA_02,0.7811625522043734,0.42502246398109855,MEDIUM,RECOVERED
C1971,99762,349,463,DCA_02,0.8251232247078284,0.6529780814444055,HIGH,IN_PROGRESS
C1972,47163,163,412,DCA_01,0.4941584125670261,0.48367610603039723,MEDIUM,IN_PROGRESS
C1973,99511,61,848,DCA_02,0.7518513763219012,0.1734863400597234,LOW,RECOVERED
C1974,67435,264,405,DCA_02,0.4166702652631418,0.6377909675747824,HIGH,IN_PROGRESS
C1975,12653,285,663,DCA_01,0.4577895620269407,0.3911645819497813,MEDIUM,IN_PROGRESS
C1976,28961,95,320,DCA_01,0.7880334802327519,0.46906815019444636,MEDIUM,RECOVERED
C1977,82941,41,428,DCA_02,0.8065015019408798,0.3558096083384896,MEDIUM,RECOVERED
C1978,75137,149,782,DCA_02,0.6962182260622823,0.2484867700701313,LOW,RECOVERED
C1979,34662,204,498,DCA_02,0.6908429870919486,0.4576461279662155,MEDIUM,RECOVERED
C1980,99818,267,820,DCA_01,0.7747557141839648,0.371395782643842,MEDIUM,IN_PROGRESS
C1981,57446,2,719,DCA_01,0.8530424110443509,0.28267346739013743,LOW,RECOVERED
C1982,22288,178,525,DCA_01,0.6105575854338149,0.42530409834805805,MEDIUM,RECOVERED
C1983,96081,194,508,DCA_02,0.4574105593036741,0.4672023285175356,MEDIUM,IN_PROGRESS
C1984,37877,336,544,DCA_02,0.819499692213644,0.46895172154124276,MEDIUM,RECOVERED
C1985,16313,196,587,DCA_01,0.5708220729853766,0.5042970841452914,MEDIUM,RECOVERED
C1986,81885,343,365,DCA_01,0.4668928866052952,0.6383798112231287,HIGH,IN_PROGRESS
C1987,73715,249,452,DCA_02,0.7073082000714157,0.5488691476708236,MEDIUM,IN_PROGRESS
C1988,11326,212,790,DCA_01,0.6890419626058448,0.2791448207897561,LOW,IN_PROGRESS
C1989,2560,153,734,DCA_02,0.6371231032511944,0.3054654041081545,MEDIUM,IN_PROGRESS
C1990,80148,158,517,DCA_01,0.8298986221235795,0.4149227275311008,MEDIUM,RECOVERED
C1991,84186,362,728,DCA_02,0.5361129177016839,0.48480283339886054,MEDIUM,RECOVERED
C1992,27745,139,801,DCA_02,0.4066176326421901,0.2718478346653228,LOW,IN_PROGRESS
C1993,32890,221,893,DCA_01,0.5617343594711,0.2934873606058508,LOW,IN_PROGRESS
C1994,21022,273,520,DCA_01,0.4048529802010644,0.5594166669938792,MEDIUM,RECOVERED
C1995,53579,154,734,DCA_02,0.6717956054484197,0.26863916319674086,LOW,RECOVERED
C1996,71316,249,579,DCA_02,0.589124146429924,0.3988862300853079,MEDIUM,IN_PROGRESS
C1997,84847,279,391,DCA_02,0.8069713704285431,0.5729131507033103,MEDIUM,IN_PROGRESS
C1998,29380,304,823,DCA_01,0.7987926762454087,0.3975003889424198,MEDIUM,RECOVERED
C1999,3356,276,438,DCA_01,0.6173192466493318,0.5787741821392938,MEDIUM,RECOVERED
C2000,71326,2,322,DCA_02,0.5082426367929116,0.45644379602671725,MEDIUM,RECOVERED
C2001,93447,88,716,DCA_01,0.6112149329711485,0.32396854892304827,MEDIUM,RECOVERED
C2002,90899,287,647,DCA_02,0.7206588662718146,0.49920909786077783,MEDIUM,IN_PROGRESS
C2003,21049,130,536,DCA_01,0.4951029907864537,0.39089966212345995,MEDIUM,RECOVERED
C2004,76717,78,482,DCA_01,0.7865233077851514,0.3585893372302028,MEDIUM,RECOVERED
C2005,17082,260,807,DCA_02,0.5652801052176369,0.4193359523586998,MEDIUM,RECOVERED
C2006,1661,241,497,DCA_01,0.8660884974587046,0.5464636134210092,MEDIUM,RECOVERED
C2007,38412,141,422,DCA_02,0.655935265137304,0.4472338241283754,MEDIUM,IN_PROGRESS
C2008,3920,228,845,DCA_02,0.8235632670648612,0.36819523943985044,MEDIUM,RECOVERED
C2009,92194,163,680,DCA_02,0.7079462901483013,0.359505659430017,MEDIUM,RECOVERED
C2010,61315,236,814,DCA_02,0.6773009218893689,0.3546695433997482,MEDIUM,RECOVERED
C2011,80561,128,305,DCA_02,0.7410650667425562,0.5071448972466506,MEDIUM,IN_PROGRESS
C2012,9946,200,603,DCA_01,0.8057455618538805,0.4286840692048185,MEDIUM,RECOVERED
C2013,95242,31,491,DCA_02,0.7222537522048682,0.3315836045009548,MEDIUM,IN_PROGRESS
C2014,46500,138,675,DCA_01,0.7986203435958512,0.35732153326149363,MEDIUM,IN_PROGRESS
C2015,17309,21,824,DCA_01,0.4952325822297565,0.2272490661157519,LOW,RECOVERED
C2016,56230,234,335,DCA_02,0.5387582701874005,0.5762453905815621,MEDIUM,RECOVERED
C2017,99656,202,369,DCA_01,0.5148614107936533,0.5350174200736642,MEDIUM,RECOVERED
C2018,31027,279,588,DCA_02,0.799151593907288,0.49661738102225883,MEDIUM,IN_PROGRESS
C2019,73541,131,404,DCA_01,0.4430642794285379,0.4893186566525276,MEDIUM,RECOVERED
C2020,60321,148,612,DCA_02,0.797931598720864,0.3498538954367493,MEDIUM,RECOVERED
C2021,1956,29,354,DCA_02,0.5945211499072609,0.48103859031723095,MEDIUM,IN_PROGRESS
C2022,75131,361,406,DCA_01,0.4397535810086977,0.646386537925119,HIGH,RECOVERED
C2023,48908,308,606,DCA_02,0.6122131307632313,0.4090902770713565,MEDIUM,RECOVERED
C2024,79339,162,335,DCA_02,0.5502511502669256,0.5143469755267402,MEDIUM,RECOVERED
C2025,26963,357,432,DCA_02,0.6959760913913249,0.5413821505106262,MEDIUM,RECOVERED
C2026,40443,340,324,DCA_01,0.6362633165469065,0.61784017808371,HIGH,RECOVERED
C2027,40063,61,336,DCA_01,0.548388695544175,0.47272244418257336,MEDIUM,RECOVERED
C2028,81818,125,318,DCA_01,0.8311329722027578,0.564507854842351,MEDIUM,IN_PROGRESS
C2029,5703,71,334,DCA_01,0.6034107124227845,0.5313532216095674,MEDIUM,IN_PROGRESS
C2030,66128,326,662,DCA_02,0.6353449959008894,0.5563376233874484,MEDIUM,RECOVERED
C2031,73099,364,717,DCA_02,0.8233142623762288,0.4011941341917097,MEDIUM,RECOVERED
C2032,26849,243,729,DCA_01,0.4445283041720106,0.3839420341269786,MEDIUM,RECOVERED
C2033,32860,249,817,DCA_02,0.5949465708888724,0.41994283591443304,MEDIUM,RECOVERED
C2034,32585,221,766,DCA_01,0.6014283432641949,0.33643212400984734,MEDIUM,IN_PROGRESS
C2035,23015,21,498,DCA_01,0.6479128275783417,0.32347006136035916,MEDIUM,RECOVERED
C2036,78539,82,845,DCA_01,0.4530602961797026,0.23166140925080714,LOW,IN_PROGRESS
C2037,44585,344,867,DCA_01,0.4513300606247757,0.38347566088433527,MEDIUM,RECOVERED
C2038,27958,10,510,DCA_02,0.6082079778829579,0.342457044599781,MEDIUM,RECOVERED
C2039,27017,12,800,DCA_01,0.4165145041733639,0.19209290531316114,LOW,RECOVERED
C2040,77707,263,540,DCA_02,0.5274921795298175,0.506725782356845,MEDIUM,IN_PROGRESS
C2041,46350,145,469,DCA_01,0.5005883768857818,0.4045863153277828,MEDIUM,IN_PROGRESS
C2042,13201,192,593,DCA_01,0.6446931306617874,0.38722901710952995,MEDIUM,IN_PROGRESS
C2043,30426,250,614,DCA_02,0.4055797786091053,0.4709953111144243,MEDIUM,IN_PROGRESS
C2044,18778,114,426,DCA_01,0.7378667251319853,0.502538174724708,MEDIUM,IN_PROGRESS
C2045,46241,26,767,DCA_01,0.827793653565368,0.28170532075638377,LOW,IN_PROGRESS
C2046,43229,271,666,DCA_02,0.7533707591196521,0.48042265280920204,MEDIUM,RECOVERED
C2047,87652,33,320,DCA_02,0.809039084681,0.43704450380231974,MEDIUM,RECOVERED
C2048,49364,62,615,DCA_01,0.7216582018990934,0.2608420506620911,LOW,RECOVERED
C2049,99833,229,389,DCA_01,0.6536835171945709,0.5738371420822664,MEDIUM,IN_PROGRESS
C2050,85878,303,703,DCA_02,0.5095107986548337,0.3940333206508192,MEDIUM,RECOVERED
C2051,58056,95,817,DCA_01,0.539813173841432,0.2301161267389198,LOW,RECOVERED
C2052,28490,35,750,DCA_01,0.5588540018597589,0.29305483182540926,LOW,RECOVERED
C2053,20975,193,449,DCA_01,0.4190088347332419,0.48886523700855467,MEDIUM,RECOVERED
C2054,27723,76,745,DCA_02,0.8565443857059502,0.25509380847985486,LOW,RECOVERED
C2055,24279,249,379,DCA_01,0.850151351316687,0.5372664203685413,MEDIUM,RECOVERED
C2056,79301,83,316,DCA_01,0.4538889247649776,0.447856500717588,MEDIUM,RECOVERED
C2057,12561,25,437,DCA_01,0.6783467827750266,0.34160452059173063,MEDIUM,RECOVERED
C2058,67061,57,807,DCA_02,0.6338206471019179,0.25083300216454496,LOW,RECOVERED
C2059,89397,32,851,DCA_01,0.7417069985209976,0.167489821468088,LOW,IN_PROGRESS
C2060,50153,319,373,DCA_02,0.7015088302691672,0.6059211073290608,HIGH,IN_PROGRESS
C2061,34142,12,373,DCA_01,0.4621609005896654,0.4432306696095948,MEDIUM,IN_PROGRESS
C2062,27916,319,349,DCA_01,0.7300388224808978,0.6027658016392943,HIGH,IN_PROGRESS
C2063,65324,333,309,DCA_01,0.7044361519780189,0.6839388058466982,HIGH,IN_PROGRESS
C2064,45965,92,402,DCA_01,0.6656118189869028,0.39681712297041316,MEDIUM,IN_PROGRESS
C2065,5648,1,687,DCA_01,0.6012031332866135,0.22339804679405684,LOW,RECOVERED
C2066,36133,326,684,DCA_02,0.8774604970265822,0.48318251471318263,MEDIUM,RECOVERED
C2067,51677,136,598,DCA_02,0.824719780655558,0.40012931836511745,MEDIUM,IN_PROGRESS
C2068,97059,196,638,DCA_02,0.6925424874599602,0.41282224147056557,MEDIUM,RECOVERED
C2069,95588,133,688,DCA_02,0.4031889126338082,0.4086650922307776,MEDIUM,RECOVERED
C2070,99317,86,773,DCA_02,0.6160616210848866,0.23776885611815657,LOW,RECOVERED
C2071,71135,295,441,DCA_02,0.7501698642750495,0.5653064981695521,MEDIUM,RECOVERED
C2072,36046,279,469,DCA_01,0.4586471173847462,0.5483052370030737,MEDIUM,RECOVERED
C2073,48064,324,312,DCA_02,0.6032748082858712,0.6500510674029811,HIGH,IN_PROGRESS
C2074,70350,180,748,DCA_01,0.4958626119763191,0.325196597319801,MEDIUM,IN_PROGRESS
C2075,46893,4,473,DCA_01,0.5690714935744089,0.35397373260067044,MEDIUM,IN_PROGRESS
C2076,62272,126,431,DCA_02,0.4133346020099115,0.3738811385146389,MEDIUM,RECOVERED
C2077,93152,175,839,DCA_01,0.4633661911324497,0.34829250330112527,MEDIUM,RECOVERED
C2078,68649,251,894,DCA_02,0.6273784250696303,0.25429030883443826,LOW,RECOVERED
C2079,65674,21,568,DCA_02,0.8490949605178901,0.30662954040580037,MEDIUM,RECOVERED
C2080,14760,105,550,DCA_02,0.6452908108004303,0.33900618656099213,MEDIUM,IN_PROGRESS
C2081,22927,66,669,DCA_01,0.6265387343539421,0.296123220099892,LOW,RECOVERED
C2082,87475,263,825,DCA_01,0.7937846964857446,0.3990809588454117,MEDIUM,RECOVERED
C2083,62367,49,891,DCA_02,0.5339150384679778,0.2086355359270039,LOW,RECOVERED
C2084,98955,16,805,DCA_02,0.447534374612428,0.23365359794031249,LOW,RECOVERED
C2085,13588,145,477,DCA_01,0.5047863101683396,0.38749596162187383,MEDIUM,IN_PROGRESS
C2086,53233,340,846,DCA_02,0.7956504184746412,0.44514570064317194,MEDIUM,RECOVERED
C2087,45738,250,558,DCA_01,0.7385239625468092,0.4574877630289442,MEDIUM,RECOVERED
C2088,34397,343,559,DCA_01,0.4457665911270179,0.5843110152198371,MEDIUM,RECOVERED
C2089,83189,354,434,DCA_02,0.7335465801417249,0.6174875488422029,HIGH,RECOVERED
C2090,77367,75,760,DCA_01,0.8657757424421876,0.31352031028424765,MEDIUM,RECOVERED
C2091,72260,290,788,DCA_01,0.4224774780006781,0.41107310660024,MEDIUM,RECOVERED
C2092,77619,282,380,DCA_01,0.7082090479589178,0.567112774249915,MEDIUM,IN_PROGRESS
C2093,20816,66,666,DCA_01,0.589582284891456,0.29385248140247133,LOW,IN_PROGRESS
C2094,43240,125,358,DCA_01,0.6505157295067527,0.5149390813677316,MEDIUM,IN_PROGRESS
C2095,7276,319,373,DCA_01,0.6640894079893438,0.5224284106434675,MEDIUM,IN_PROGRESS
C2096,80530,87,538,DCA_02,0.785523048733677,0.37214868425614933,MEDIUM,RECOVERED
C2097,24499,41,428,DCA_01,0.6785062598864695,0.33944401288396087,MEDIUM,IN_PROGRESS
C2098,89576,186,711,DCA_01,0.6965428140625549,0.38512510115470766,MEDIUM,IN_PROGRESS
C2099,83495,354,614,DCA_01,0.5664559218859048,0.5187641393615132,MEDIUM,RECOVERED
C2100,72635,335,673,DCA_02,0.4629726488921377,0.46851080711981197,MEDIUM,RECOVERED
C2101,86112,266,736,DCA_01,0.7413661667109162,0.4341097150762593,MEDIUM,RECOVERED
C2102,36946,271,437,DCA_02,0.4002410702392258,0.6029097475714208,HIGH,RECOVERED
C2103,56204,42,754,DCA_02,0.5643585847451846,0.2964268511045831,LOW,IN_PROGRESS
C2104,52886,93,308,DCA_01,0.50902197721233,0.4570596294942362,MEDIUM,RECOVERED
C2105,72652,185,531,DCA_02,0.5942667203780638,0.45894775313647773,MEDIUM,RECOVERED
C2106,16563,215,696,DCA_01,0.5556340135319129,0.3545068478839887,MEDIUM,IN_PROGRESS
C2107,93324,17,873,DCA_02,0.7521085398761296,0.1944841510113171,LOW,IN_PROGRESS
C2108,93464,265,617,DCA_02,0.5301030252932182,0.47509263894182474,MEDIUM,IN_PROGRESS
C2109,10847,114,806,DCA_02,0.6803751727937313,0.2586727089923774,LOW,RECOVERED
C2110,27155,292,821,DCA_02,0.6278852150289682,0.3502880115973054,MEDIUM,RECOVERED
C2111,80671,292,386,DCA_01,0.8005287526677614,0.636091775594488,HIGH,RECOVERED
C2112,84310,48,617,DCA_02,0.614046243931083,0.30090422677078155,MEDIUM,RECOVERED
C2113,68278,307,632,DCA_02,0.8319380389657816,0.385741925013141,MEDIUM,IN_PROGRESS
C2114,19309,97,659,DCA_01,0.4000728838036265,0.38250059896254995,MEDIUM,RECOVERED
C2115,1619,95,540,DCA_02,0.7024181776028249,0.3674799434890963,MEDIUM,RECOVERED
C2116,84194,326,355,DCA_02,0.404903496767082,0.6510144823466482,HIGH,IN_PROGRESS
C2117,51108,74,409,DCA_02,0.7569671616717373,0.41155808325598253,MEDIUM,IN_PROGRESS
C2118,35707,336,348,DCA_01,0.5174612009141042,0.6387498371332058,HIGH,IN_PROGRESS
C2119,21337,68,315,DCA_02,0.5899906258865647,0.45729167351671574,MEDIUM,IN_PROGRESS
C2120,82537,246,372,DCA_02,0.5902187571367519,0.6045163703829277,HIGH,IN_PROGRESS
C2121,67504,77,501,DCA_01,0.8232112091799458,0.3303615576758093,MEDIUM,IN_PROGRESS
C2122,48614,208,392,DCA_01,0.4510463804464771,0.5644651926735148,MEDIUM,RECOVERED
C2123,92428,254,332,DCA_01,0.7334484766751312,0.5453086813549044,MEDIUM,RECOVERED
C2124,92155,221,899,DCA_01,0.890628414597102,0.28783302763240837,LOW,RECOVERED
C2125,1281,262,718,DCA_01,0.4111922145688051,0.36073021344222467,MEDIUM,IN_PROGRESS
C2126,28420,331,502,DCA_01,0.8829470993809081,0.47510032948965575,MEDIUM,RECOVERED
C2127,81896,344,850,DCA_02,0.4092023644717698,0.40577235288475055,MEDIUM,IN_PROGRESS
C2128,40030,259,611,DCA_01,0.8205747292295313,0.4817700526470352,MEDIUM,RECOVERED
C2129,2058,308,768,DCA_02,0.8806222098295546,0.37352076831418735,MEDIUM,IN_PROGRESS
C2130,87213,74,693,DCA_01,0.8965136911359584,0.23872412832444767,LOW,RECOVERED
C2131,77260,125,510,DCA_02,0.6295606704852761,0.46136572769401785,MEDIUM,IN_PROGRESS
C2132,29404,188,870,DCA_01,0.8334787531251053,0.2717826241143969,LOW,RECOVERED
C2133,30856,254,455,DCA_02,0.4611697715148025,0.5367800903717477,MEDIUM,IN_PROGRESS
C2134,10200,321,621,DCA_02,0.6126921693071308,0.4162692248244312,MEDIUM,IN_PROGRESS
C2135,65178,308,734,DCA_01,0.5539874880915132,0.4323679882950061,MEDIUM,IN_PROGRESS
C2136,34997,235,873,DCA_01,0.5975885253035393,0.25901285701716015,LOW,IN_PROGRESS
C2137,26611,250,339,DCA_02,0.7509904261321961,0.5649506262088918,MEDIUM,RECOVERED
C2138,42235,332,339,DCA_01,0.4437401000213776,0.6311060444522396,HIGH,IN_PROGRESS
C2139,36057,345,752,DCA_02,0.899081980164315,0.4710536640064579,MEDIUM,RECOVERED
C2140,2239,72,489,DCA_01,0.7175335795184599,0.36785099917559605,MEDIUM,RECOVERED
C2141,66661,235,314,DCA_02,0.836758793286131,0.594880424099947,MEDIUM,RECOVERED
C2142,46272,324,423,DCA_01,0.8148477826193896,0.6029885268662585,HIGH,IN_PROGRESS
C2143,90393,156,579,DCA_01,0.7829987720194032,0.3637183815575815,MEDIUM,RECOVERED
C2144,62212,115,347,DCA_02,0.4196117655620414,0.48481495767928773,MEDIUM,RECOVERED
C2145,16398,313,488,DCA_02,0.6582335382917701,0.48138914723059234,MEDIUM,RECOVERED
C2146,57503,228,603,DCA_01,0.5640741881072534,0.4877622268633124,MEDIUM,IN_PROGRESS
C2147,7638,322,858,DCA_02,0.4564695579109201,0.36833726957467205,MEDIUM,IN_PROGRESS
C2148,7570,346,404,DCA_02,0.5714951032099516,0.5789890396593151,MEDIUM,RECOVERED
C2149,69785,245,668,DCA_02,0.7224015186540912,0.43510051752819,MEDIUM,RECOVERED
C2150,10110,306,800,DCA_02,0.5153132143110721,0.39829577880488576,MEDIUM,RECOVERED
C2151,80141,14,759,DCA_01,0.6222977146112731,0.2081978829622555,LOW,RECOVERED
C2152,13115,16,546,DCA_01,0.6022471218143252,0.3075707564979032,MEDIUM,RECOVERED
C2153,40062,42,563,DCA_02,0.4262314814032056,0.3859497821874933,MEDIUM,IN_PROGRESS
C2154,23911,110,505,DCA_01,0.7140412646914004,0.3420553737033153,MEDIUM,RECOVERED
C2155,33556,278,806,DCA_02,0.7094234511462669,0.33918171770616945,MEDIUM,RECOVERED
C2156,79131,324,829,DCA_02,0.8832072526235024,0.39247888144711507,MEDIUM,IN_PROGRESS
C2157,2969,19,663,DCA_01,0.5490026083157385,0.2759309080723781,LOW,IN_PROGRESS
C2158,44753,66,639,DCA_01,0.6094755143210104,0.29863316830387066,LOW,RECOVERED
C2159,83811,167,706,DCA_02,0.6018188111747066,0.3487352084121166,MEDIUM,RECOVERED
C2160,5470,73,752,DCA_01,0.8598719504928893,0.3385892459684028,MEDIUM,RECOVERED
C2161,11225,310,877,DCA_01,0.6043246576946357,0.2948288236379688,LOW,RECOVERED
C2162,24196,112,449,DCA_01,0.6213820721029794,0.43330988110455537,MEDIUM,RECOVERED
C2163,14669,274,492,DCA_02,0.5261722670958734,0.49938624072256754,MEDIUM,IN_PROGRESS
C2164,38380,85,446,DCA_01,0.4005840732120239,0.4535608029021858,MEDIUM,IN_PROGRESS
C2165,49320,139,705,DCA_02,0.4552253356876837,0.27173683215940436,LOW,RECOVERED
C2166,48414,39,482,DCA_02,0.7519445757136545,0.35609869500273394,MEDIUM,IN_PROGRESS
C2167,16577,105,405,DCA_02,0.7412477966878214,0.43912809026120836,MEDIUM,RECOVERED
C2168,89009,324,535,DCA_01,0.5612652864224356,0.5473699094420548,MEDIUM,IN_PROGRESS
C2169,56409,281,478,DCA_01,0.6365031138734878,0.5161130217933455,MEDIUM,RECOVERED
C2170,29625,123,731,DCA_01,0.5486891966901581,0.260854169993176,LOW,RECOVERED
C2171,82040,218,700,DCA_01,0.7654581942789476,0.3914548678848193,MEDIUM,RECOVERED
C2172,25089,61,824,DCA_01,0.8212496750532026,0.23481258309958442,LOW,RECOVERED
C2173,37487,100,839,DCA_01,0.8495526463277376,0.230987389359399,LOW,RECOVERED
C2174,66838,307,622,DCA_01,0.4869356607105604,0.4972355072656699,MEDIUM,IN_PROGRESS
C2175,97999,354,560,DCA_01,0.7475083709172766,0.556118288006742,MEDIUM,RECOVERED
C2176,95795,204,698,DCA_02,0.8815023385652947,0.3253743089852178,MEDIUM,IN_PROGRESS
C2177,51138,258,636,DCA_02,0.7253058520656488,0.5230677003077446,MEDIUM,RECOVERED
C2178,43823,5,599,DCA_02,0.5754870718005546,0.2707168231269448,LOW,IN_PROGRESS
C2179,38208,197,418,DCA_01,0.7179731829003491,0.48789636899841304,MEDIUM,IN_PROGRESS
C2180,55061,180,857,DCA_02,0.744213026160467,0.3583115685930395,MEDIUM,RECOVERED
C2181,31659,342,712,DCA_01,0.5985236499301974,0.42994507661438663,MEDIUM,RECOVERED
C2182,32890,133,879,DCA_01,0.4519954752739305,0.2174440499724326,LOW,RECOVERED
C2183,80134,324,683,DCA_01,0.7033299337601117,0.47094951981604805,MEDIUM,RECOVERED
C2184,48055,253,779,DCA_01,0.8010704002583634,0.3282619305085277,MEDIUM,RECOVERED
C2185,20508,265,604,DCA_02,0.8987882418780294,0.4831956174317128,MEDIUM,IN_PROGRESS
C2186,43287,93,495,DCA_01,0.511529153481471,0.39247379886362965,MEDIUM,RECOVERED
C2187,79916,150,632,DCA_02,0.7501944870908674,0.39355412164699066,MEDIUM,IN_PROGRESS
C2188,27984,138,319,DCA_02,0.4140216000830368,0.5770095296595239,MEDIUM,RECOVERED
C2189,9125,208,732,DCA_02,0.8849126398739056,0.35890508443464375,MEDIUM,RECOVERED
C2190,37059,125,725,DCA_02,0.4062822307621903,0.34966014135180035,MEDIUM,IN_PROGRESS
C2191,70569,234,528,DCA_02,0.5793974808193558,0.46037042163237796,MEDIUM,IN_PROGRESS
C2192,18087,61,823,DCA_02,0.4382013864881161,0.18286256424977476,LOW,RECOVERED
C2193,6704,307,516,DCA_02,0.7104839808040344,0.5918996195314103,MEDIUM,IN_PROGRESS
C2194,61576,266,890,DCA_02,0.5697498978040119,0.30003531409442963,MEDIUM,IN_PROGRESS
C2195,74384,134,674,DCA_01,0.7664719656652302,0.30427358571199725,MEDIUM,RECOVERED
C2196,88128,318,335,DCA_01,0.643189033334026,0.6147584261543242,HIGH,RECOVERED
C2197,73460,113,327,DCA_02,0.6097017081759826,0.551749185011734,MEDIUM,RECOVERED
C2198,28208,191,671,DCA_02,0.574258174557396,0.3549579926426585,MEDIUM,RECOVERED
C2199,86150,187,385,DCA_01,0.4430645835073262,0.50381275864692,MEDIUM,IN_PROGRESS
C2200,67024,319,487,DCA_02,0.5024124263396075,0.5984360353367175,MEDIUM,IN_PROGRESS
C2201,40882,89,604,DCA_02,0.7195512524942428,0.3425152791625058,MEDIUM,RECOVERED
C2202,26923,187,721,DCA_01,0.6483758342693811,0.36311998178238736,MEDIUM,RECOVERED
C2203,30165,307,379,DCA_02,0.4350447258027798,0.6617570151826084,HIGH,IN_PROGRESS
C2204,68203,132,485,DCA_01,0.6719758588199274,0.4379604239671937,MEDIUM,IN_PROGRESS
C2205,92749,360,304,DCA_01,0.4270713307245414,0.639503189351561,HIGH,RECOVERED
C2206,5114,123,857,DCA_02,0.6558634737599942,0.2717635170376761,LOW,RECOVERED
C2207,65965,48,796,DCA_01,0.8824807234494445,0.2632466498350703,LOW,IN_PROGRESS
C2208,37321,288,808,DCA_02,0.553672276865201,0.32635149994053125,MEDIUM,IN_PROGRESS
C2209,74297,179,301,DCA_02,0.7617515693210877,0.5760071465402351,MEDIUM,RECOVERED
C2210,97652,180,516,DCA_01,0.7727760202959877,0.42844048388464606,MEDIUM,RECOVERED
C2211,26426,99,836,DCA_01,0.6024297667055698,0.2612605301073494,LOW,RECOVERED
C2212,18772,330,556,DCA_02,0.696646075389955,0.4873902024005654,MEDIUM,RECOVERED
C2213,4712,34,752,DCA_01,0.6360230453487687,0.24704627171292992,LOW,RECOVERED
C2214,2367,70,723,DCA_01,0.5416815098554032,0.25219665920294587,LOW,IN_PROGRESS
C2215,92736,171,623,DCA_02,0.77737104760027,0.3875469407975446,MEDIUM,RECOVERED
C2216,52924,272,798,DCA_01,0.7514133078242029,0.34138778420831195,MEDIUM,RECOVERED
C2217,4726,59,880,DCA_01,0.8502744322866154,0.20163210096223727,LOW,RECOVERED
C2218,90152,181,496,DCA_01,0.7090630898298014,0.4861127474080009,MEDIUM,RECOVERED
C2219,28723,19,803,DCA_02,0.594360070598098,0.17982093126278187,LOW,RECOVERED
C2220,10108,226,571,DCA_01,0.7570037790513375,0.4118320984741366,MEDIUM,RECOVERED
C2221,78714,95,317,DCA_01,0.709518114779321,0.5226732530116105,MEDIUM,RECOVERED
C2222,36643,297,406,DCA_02,0.7083070964003173,0.5489173231166425,MEDIUM,IN_PROGRESS
C2223,32324,81,828,DCA_01,0.8249188785141106,0.29307337587789783,LOW,IN_PROGRESS
C2224,84360,175,424,DCA_01,0.8552342693734765,0.465610427970942,MEDIUM,IN_PROGRESS
C2225,9927,222,782,DCA_02,0.4901208322108437,0.288462803543464,LOW,RECOVERED
C2226,94680,103,893,DCA_01,0.5570251121086278,0.18841321772491293,LOW,RECOVERED
C2227,97546,54,303,DCA_02,0.7251528504837708,0.5165562836703422,MEDIUM,RECOVERED
C2228,23443,183,650,DCA_01,0.6786106168548113,0.3561120201121697,MEDIUM,IN_PROGRESS
C2229,80973,351,650,DCA_01,0.7261630847497297,0.4739122023101713,MEDIUM,IN_PROGRESS
C2230,64449,318,527,DCA_01,0.6165072996635943,0.5024673331286663,MEDIUM,RECOVERED
C2231,77743,355,315,DCA_02,0.6062195068580247,0.683982109092208,HIGH,RECOVERED
C2232,61233,349,724,DCA_02,0.4588269526298671,0.4968596322332619,MEDIUM,RECOVERED
C2233,26537,321,763,DCA_02,0.7118241200522655,0.41882284979897577,MEDIUM,RECOVERED
C2234,78576,68,545,DCA_02,0.4878928262824804,0.3956625200799433,MEDIUM,RECOVERED
C2235,23612,28,476,DCA_02,0.7355107978189861,0.3393191221274555,MEDIUM,RECOVERED
C2236,94977,274,842,DCA_01,0.8835361216149906,0.30765426475692537,MEDIUM,RECOVERED
C2237,7471,282,808,DCA_01,0.5282064137381477,0.35034067451844764,MEDIUM,RECOVERED
C2238,36631,360,861,DCA_01,0.4710761526748024,0.35446529359420986,MEDIUM,IN_PROGRESS
C2239,93059,311,863,DCA_01,0.4120876226404668,0.3289727080157425,MEDIUM,IN_PROGRESS
C2240,32348,119,532,DCA_02,0.5894135931726696,0.33750737082015814,MEDIUM,IN_PROGRESS
C2241,65732,134,337,DCA_02,0.5073055294284466,0.48178108646232387,MEDIUM,RECOVERED
C2242,2177,129,790,DCA_02,0.645929711571968,0.2756943576417975,LOW,RECOVERED
C2243,5760,8,743,DCA_01,0.6621530139963753,0.2697802411506227,LOW,IN_PROGRESS
C2244,33779,51,319,DCA_01,0.5746638721885509,0.4856637942909454,MEDIUM,IN_PROGRESS
C2245,22636,341,855,DCA_01,0.7749531111390713,0.3965639746581877,MEDIUM,IN_PROGRESS
C2246,82889,281,410,DCA_02,0.852403335356108,0.5845106386572042,MEDIUM,IN_PROGRESS
C2247,54551,175,786,DCA_01,0.505761548896637,0.3608161772242078,MEDIUM,IN_PROGRESS
C2248,12556,183,388,DCA_02,0.8181488867030633,0.5782659172048694,MEDIUM,RECOVERED
C2249,28598,192,618,DCA_02,0.4655939498776891,0.4321123420751507,MEDIUM,RECOVERED
C2250,12563,249,417,DCA_02,0.5143510922717487,0.5847717493609563,MEDIUM,RECOVERED
C2251,47819,235,733,DCA_02,0.6807078431168927,0.36221994845055694,MEDIUM,IN_PROGRESS
C2252,74770,83,538,DCA_02,0.5532907443778052,0.3487720622053342,MEDIUM,RECOVERED
C2253,92055,93,371,DCA_01,0.420855395294423,0.3975450126616209,MEDIUM,IN_PROGRESS
C2254,27966,312,698,DCA_01,0.5474360708548928,0.43634364397727066,MEDIUM,IN_PROGRESS
C2255,82709,268,703,DCA_02,0.8524350942984513,0.4632532043256242,MEDIUM,RECOVERED
C2256,60889,120,550,DCA_01,0.4871115809609105,0.3536225253915223,MEDIUM,RECOVERED
C2257,27987,71,494,DCA_02,0.7818754399213881,0.4149805198968972,MEDIUM,IN_PROGRESS
C2258,79714,17,871,DCA_02,0.7611410030022407,0.18125450543917088,LOW,RECOVERED
C2259,59348,253,884,DCA_01,0.453112408032121,0.28618428571065757,LOW,RECOVERED
C2260,25596,122,521,DCA_01,0.5647214822919333,0.4381233310876713,MEDIUM,RECOVERED
C2261,34174,10,481,DCA_02,0.494678144569355,0.4081062216899978,MEDIUM,RECOVERED
C2262,65106,287,555,DCA_02,0.4115750905966356,0.45473966080576833,MEDIUM,RECOVERED
C2263,70967,316,387,DCA_01,0.4865203376179481,0.5327897475417233,MEDIUM,RECOVERED
C2264,60182,326,791,DCA_01,0.5007889708168645,0.37782342159769733,MEDIUM,RECOVERED
C2265,94300,273,635,DCA_01,0.4829901236522142,0.4957792049721784,MEDIUM,RECOVERED
C2266,88163,306,837,DCA_02,0.4455486047186602,0.4218815751566596,MEDIUM,IN_PROGRESS
C2267,40310,293,706,DCA_02,0.6631525661106503,0.43974659714087183,MEDIUM,IN_PROGRESS
C2268,57088,210,588,DCA_01,0.5613195208514032,0.3683525272032103,MEDIUM,IN_PROGRESS
C2269,9906,218,661,DCA_02,0.8541246807040598,0.39337011405241606,MEDIUM,IN_PROGRESS
C2270,37914,241,740,DCA_01,0.4936067340097186,0.40348779648697475,MEDIUM,RECOVERED
C2271,46379,200,329,DCA_01,0.7014313150482231,0.610954438869053,HIGH,RECOVERED
C2272,79612,216,847,DCA_01,0.8503101921328212,0.33854886007859164,MEDIUM,RECOVERED
C2273,38650,205,522,DCA_01,0.4235948255329415,0.4059503507481832,MEDIUM,IN_PROGRESS
C2274,47881,216,423,DCA_02,0.6581387354694866,0.5638952533095292,MEDIUM,RECOVERED
C2275,47413,80,514,DCA_01,0.6253344062655936,0.364182761421741,MEDIUM,RECOVERED
C2276,7012,267,417,DCA_01,0.8643893040387045,0.5627389674159085,MEDIUM,IN_PROGRESS
C2277,51115,35,526,DCA_01,0.7318823864371808,0.3519281243888497,MEDIUM,IN_PROGRESS
C2278,8151,289,743,DCA_01,0.5745807049760219,0.39933088183522847,MEDIUM,RECOVERED
C2279,58716,18,848,DCA_02,0.7557606092540744,0.2080921935487714,LOW,RECOVERED
C2280,94747,165,736,DCA_01,0.6913270103569253,0.25953632770421475,LOW,RECOVERED
C2281,93653,13,311,DCA_01,0.5735849490174023,0.43027343426189524,MEDIUM,RECOVERED
C2282,37378,202,421,DCA_01,0.7926243389176941,0.4568504364250807,MEDIUM,IN_PROGRESS
C2283,43652,229,846,DCA_01,0.7340848799031822,0.3063314682982916,MEDIUM,RECOVERED
C2284,73430,346,788,DCA_02,0.4027081491712349,0.4193422726745184,MEDIUM,IN_PROGRESS
C2285,14467,1,550,DCA_02,0.8325673030054939,0.34172755371345376,MEDIUM,RECOVERED
C2286,32010,319,878,DCA_02,0.5985459411105651,0.34845093837706453,MEDIUM,RECOVERED
C2287,55691,217,781,DCA_02,0.7227238002936606,0.36729811602328233,MEDIUM,IN_PROGRESS
C2288,65157,34,849,DCA_02,0.5983841604859592,0.25419253197826375,LOW,RECOVERED
C2289,13289,359,579,DCA_02,0.8406810221169501,0.4626035017561656,MEDIUM,RECOVERED
C2290,45976,266,636,DCA_02,0.725417723094508,0.46104439946721865,MEDIUM,RECOVERED
C2291,44596,128,467,DCA_02,0.6896931045501449,0.3544648587197713,MEDIUM,RECOVERED
C2292,24171,212,627,DCA_01,0.890132375051274,0.4820092915160128,MEDIUM,IN_PROGRESS
C2293,87365,263,545,DCA_01,0.5403202600303255,0.49375882298818785,MEDIUM,IN_PROGRESS
C2294,45139,312,890,DCA_02,0.4326271453058122,0.354139579142448,MEDIUM,IN_PROGRESS
C2295,49713,80,600,DCA_02,0.6580052164530723,0.27671703652323176,LOW,IN_PROGRESS
C2296,30734,165,499,DCA_02,0.6120089169079698,0.4254834999791667,MEDIUM,RECOVERED
C2297,73588,252,799,DCA_02,0.6271450245385226,0.380781144395548,MEDIUM,RECOVERED
C2298,64646,12,312,DCA_01,0.7100524191428672,0.4328231851014108,MEDIUM,RECOVERED
C2299,4654,304,665,DCA_01,0.7075608183019196,0.5326076962920065,MEDIUM,RECOVERED
C2300,90022,212,396,DCA_02,0.5961321466657655,0.5162694511870225,MEDIUM,IN_PROGRESS
C2301,19743,282,370,DCA_02,0.8314385119812774,0.5890713177693649,MEDIUM,IN_PROGRESS
C2302,49368,112,656,DCA_02,0.7257292547435827,0.3426004079043844,MEDIUM,RECOVERED
C2303,91025,211,843,DCA_01,0.844955839554334,0.28167859122325123,LOW,RECOVERED
C2304,75172,239,549,DCA_01,0.8565769525512229,0.4073196380577304,MEDIUM,RECOVERED
C2305,7441,268,553,DCA_01,0.4836560379304271,0.41555528858993784,MEDIUM,RECOVERED
C2306,25611,298,481,DCA_02,0.7402809369455301,0.5066400254918444,MEDIUM,IN_PROGRESS
C2307,13149,317,465,DCA_01,0.5587559319188213,0.6253034182232438,HIGH,IN_PROGRESS
C2308,60189,58,303,DCA_02,0.8182145272742396,0.4554754047170436,MEDIUM,RECOVERED
C2309,22675,34,762,DCA_01,0.7664257898277527,0.25886309063763535,LOW,IN_PROGRESS
C2310,72031,263,444,DCA_02,0.4993738437629265,0.509579616134062,MEDIUM,RECOVERED
C2311,43668,35,464,DCA_02,0.8693653832516103,0.408784686625693,MEDIUM,RECOVERED
C2312,14673,271,643,DCA_02,0.7417395034962118,0.4171630524508575,MEDIUM,IN_PROGRESS
C2313,77666,227,404,DCA_01,0.8743165516187907,0.5612655587152897,MEDIUM,RECOVERED
C2314,89204,25,847,DCA_02,0.5009555860967043,0.17198793255119138,LOW,IN_PROGRESS
C2315,81758,234,613,DCA_01,0.834852547199317,0.37266946019565805,MEDIUM,IN_PROGRESS
C2316,66429,59,468,DCA_01,0.7340364102078176,0.41952112681497633,MEDIUM,IN_PROGRESS
C2317,24669,251,819,DCA_02,0.676143296891323,0.26307096076939307,LOW,RECOVERED
C2318,35068,335,897,DCA_01,0.8102564499305194,0.30313370266435247,MEDIUM,RECOVERED
C2319,89789,86,735,DCA_01,0.716431943422855,0.27059033710593616,LOW,RECOVERED
C2320,10435,251,811,DCA_01,0.7348000802760524,0.30045808522747,MEDIUM,RECOVERED
C2321,95088,180,708,DCA_02,0.5268352921280455,0.2983947083462728,LOW,RECOVERED
C2322,53249,207,735,DCA_02,0.8085268443156457,0.3309633622262602,MEDIUM,RECOVERED
C2323,38384,344,614,DCA_02,0.7251513511636574,0.49282876591396263,MEDIUM,RECOVERED
C2324,82929,149,841,DCA_02,0.8221945893504007,0.2658271636892957,LOW,RECOVERED
C2325,77153,71,878,DCA_02,0.5757634827716919,0.24641691574299207,LOW,RECOVERED
C2326,76388,121,362,DCA_02,0.5658550612028614,0.4628136182094035,MEDIUM,RECOVERED
C2327,32401,253,331,DCA_01,0.4119514822992321,0.6102008507919455,HIGH,RECOVERED
C2328,72831,93,898,DCA_01,0.7843026633972576,0.2105970335203311,LOW,RECOVERED
C2329,35084,256,510,DCA_01,0.5651571935458759,0.43483637486683313,MEDIUM,RECOVERED
C2330,56826,254,762,DCA_02,0.5636061548529134,0.4341239325176869,MEDIUM,RECOVERED
C2331,37451,352,862,DCA_02,0.7443422577373848,0.43166672511799853,MEDIUM,IN_PROGRESS
C2332,8227,288,874,DCA_01,0.5264344883863972,0.34844205265113304,MEDIUM,RECOVERED
C2333,32910,309,379,DCA_01,0.8545102432995682,0.608927682653191,HIGH,IN_PROGRESS
C2334,37041,59,642,DCA_02,0.6690329956276084,0.3253339637041711,MEDIUM,RECOVERED
C2335,89920,69,531,DCA_01,0.8847386180226815,0.40159398034284477,MEDIUM,IN_PROGRESS
C2336,66681,86,428,DCA_01,0.4383344222947271,0.45383014029668467,MEDIUM,RECOVERED
C2337,82571,274,318,DCA_01,0.5684126838228515,0.6203376994341323,HIGH,IN_PROGRESS
C2338,66481,227,656,DCA_02,0.590735171707198,0.3362103023365628,MEDIUM,IN_PROGRESS
C2339,69576,81,718,DCA_02,0.76521036004029,0.319113330865619,MEDIUM,IN_PROGRESS
C2340,65174,114,380,DCA_02,0.5064811289653068,0.5009603844733028,MEDIUM,RECOVERED
C2341,27160,184,417,DCA_02,0.5876729266912856,0.4335940033637913,MEDIUM,RECOVERED
C2342,18633,280,793,DCA_02,0.8553212719787959,0.33744287152146357,MEDIUM,RECOVERED
C2343,95880,322,791,DCA_01,0.4572754418445145,0.4554933418610694,MEDIUM,RECOVERED
C2344,18014,318,524,DCA_02,0.772662000329333,0.5548027951746819,MEDIUM,IN_PROGRESS
C2345,81532,54,718,DCA_01,0.7512425558137348,0.3231577023883281,MEDIUM,RECOVERED
C2346,50104,197,436,DCA_01,0.4652525382970545,0.4825346139849278,MEDIUM,RECOVERED
C2347,42621,293,525,DCA_02,0.7442453436842877,0.5390959246291513,MEDIUM,RECOVERED
C2348,78231,293,633,DCA_02,0.6848918946544549,0.42200087404452025,MEDIUM,RECOVERED
C2349,69388,291,528,DCA_02,0.5437611685720425,0.44121927460805477,MEDIUM,IN_PROGRESS
C2350,17014,180,622,DCA_01,0.5555705975262765,0.34999413495810194,MEDIUM,RECOVERED
C2351,93578,222,407,DCA_01,0.8164961376678812,0.45004410955577134,MEDIUM,IN_PROGRESS
C2352,34755,274,744,DCA_02,0.515507493133111,0.42045689883607973,MEDIUM,IN_PROGRESS
C2353,41390,244,306,DCA_01,0.6563902647138372,0.5655773570977829,MEDIUM,RECOVERED
C2354,24711,154,427,DCA_02,0.7405748686515985,0.38797191818773635,MEDIUM,RECOVERED
C2355,92658,304,652,DCA_01,0.4649508471684271,0.4388964362726153,MEDIUM,IN_PROGRESS
C2356,58993,273,566,DCA_01,0.8661769356081572,0.4167584670209479,MEDIUM,IN_PROGRESS
C2357,75696,135,513,DCA_02,0.5303171575141927,0.37193683762247753,MEDIUM,RECOVERED
C2358,28213,313,546,DCA_02,0.5594174615016091,0.5383617122138284,MEDIUM,IN_PROGRESS
C2359,58784,8,894,DCA_01,0.7330578690546288,0.2143164188034462,LOW,RECOVERED
C2360,8421,128,673,DCA_01,0.4390958235680667,0.2755475678319973,LOW,RECOVERED
C2361,87936,56,720,DCA_01,0.7138063449593084,0.2869375591182176,LOW,RECOVERED
C2362,18727,126,340,DCA_01,0.8580149800928752,0.4357186839948566,MEDIUM,IN_PROGRESS
C2363,5358,159,647,DCA_02,0.5245452776507125,0.3145614038058594,MEDIUM,IN_PROGRESS
C2364,66108,59,860,DCA_01,0.5809538633923014,0.2368820375374131,LOW,IN_PROGRESS
C2365,95018,58,442,DCA_02,0.5161669787606289,0.40143384676668237,MEDIUM,IN_PROGRESS
C2366,33117,140,440,DCA_02,0.809384374456467,0.489160760459164,MEDIUM,RECOVERED
C2367,89700,176,864,DCA_01,0.4838039117522332,0.23037574357440205,LOW,RECOVERED
C2368,32910,108,406,DCA_01,0.5733141177179285,0.42246049086343684,MEDIUM,RECOVERED
C2369,99032,211,332,DCA_01,0.7005109107125683,0.494936370130434,MEDIUM,IN_PROGRESS
C2370,56754,74,499,DCA_02,0.6022772163329997,0.3763268419037742,MEDIUM,RECOVERED
C2371,63438,167,418,DCA_02,0.432734657253539,0.4895486813532123,MEDIUM,RECOVERED
C2372,30371,357,528,DCA_01,0.8738603338075464,0.6088355398733631,HIGH,IN_PROGRESS
C2373,52501,304,484,DCA_01,0.5689502208792832,0.4804426182440541,MEDIUM,IN_PROGRESS
C2374,61946,233,514,DCA_02,0.6228256063823889,0.5194025723975022,MEDIUM,RECOVERED
C2375,39467,327,429,DCA_02,0.4837726676016829,0.5654015103546861,MEDIUM,RECOVERED
C2376,18625,182,571,DCA_01,0.8326751195229616,0.41399123570591223,MEDIUM,RECOVERED
C2377,34893,122,307,DCA_02,0.5457143939323058,0.5219554623433731,MEDIUM,IN_PROGRESS
C2378,77329,334,702,DCA_01,0.4099115216997311,0.510345140065294,MEDIUM,RECOVERED
C2379,32007,203,878,DCA_01,0.5582012912939586,0.29011605215318403,LOW,RECOVERED
C2380,92302,29,668,DCA_02,0.8920298422664481,0.2761645162023094,LOW,IN_PROGRESS
C2381,40532,202,836,DCA_02,0.4734214364074976,0.31407031556169307,MEDIUM,RECOVERED
C2382,55253,93,352,DCA_01,0.4156012439942637,0.5448374928622398,MEDIUM,RECOVERED
C2383,13323,329,546,DCA_01,0.6890877951144914,0.5897225582208043,MEDIUM,RECOVERED
C2384,74379,356,636,DCA_02,0.5858332732337541,0.437153618756691,MEDIUM,IN_PROGRESS
C2385,15210,176,580,DCA_01,0.7974876496052258,0.48232787536303323,MEDIUM,RECOVERED
C2386,17456,330,332,DCA_01,0.7659438819293627,0.6135507644671587,HIGH,IN_PROGRESS
C2387,32367,211,847,DCA_01,0.4927095140499133,0.36109205822223056,MEDIUM,RECOVERED
C2388,55624,184,642,DCA_01,0.6823161525775499,0.4186373481862605,MEDIUM,IN_PROGRESS
C2389,11106,95,538,DCA_02,0.4162180037280424,0.32896196552273604,MEDIUM,RECOVERED
C2390,69008,273,791,DCA_01,0.6197391140672386,0.397575713306756,MEDIUM,IN_PROGRESS
C2391,73240,137,476,DCA_01,0.7570266109841788,0.3906507881350645,MEDIUM,IN_PROGRESS
C2392,65315,237,343,DCA_02,0.6074793960438851,0.5482069762186927,MEDIUM,IN_PROGRESS
C2393,70249,353,603,DCA_02,0.4589770739100804,0.4638256805117784,MEDIUM,RECOVERED
C2394,71587,265,568,DCA_02,0.430766793494677,0.4472578656938475,MEDIUM,IN_PROGRESS
C2395,11756,135,699,DCA_01,0.8268297248905884,0.3503516866626818,MEDIUM,RECOVERED
C2396,69011,144,730,DCA_02,0.8456634799745567,0.3130271975896527,MEDIUM,RECOVERED
C2397,37378,19,720,DCA_02,0.5715462406088999,0.22900618746133727,LOW,IN_PROGRESS
C2398,5255,231,430,DCA_01,0.4820861623153765,0.5142194034738033,MEDIUM,IN_PROGRESS
C2399,15484,134,709,DCA_01,0.8893081065621106,0.27194886615585745,LOW,RECOVERED
C2400,57549,114,524,DCA_02,0.6729319018006052,0.4048532223712743,MEDIUM,IN_PROGRESS
C2401,35503,139,442,DCA_02,0.6383275218579123,0.524454721754483,MEDIUM,RECOVERED
C2402,74794,125,877,DCA_02,0.7708038736966396,0.2721856134035203,LOW,RECOVERED
C2403,46113,204,839,DCA_02,0.4844346697106808,0.30308524987199714,MEDIUM,RECOVERED
C2404,75069,61,424,DCA_02,0.6899948617019555,0.48504681394314875,MEDIUM,IN_PROGRESS
C2405,99117,250,511,DCA_02,0.8450811782037945,0.49384451061539814,MEDIUM,RECOVERED
C2406,6249,298,727,DCA_01,0.4115342429689293,0.4646010726316159,MEDIUM,IN_PROGRESS
C2407,20201,13,736,DCA_01,0.7364698534260493,0.2572318700934607,LOW,RECOVERED
C2408,59576,255,891,DCA_01,0.6757119778757028,0.3076285970890815,MEDIUM,RECOVERED
C2409,10686,85,537,DCA_01,0.8754003922372255,0.410565203833712,MEDIUM,RECOVERED
C2410,54363,20,627,DCA_01,0.529349254961107,0.3320102273423521,MEDIUM,IN_PROGRESS
C2411,98543,50,418,DCA_02,0.8294458209631865,0.4061381207959103,MEDIUM,RECOVERED
C2412,1661,164,345,DCA_02,0.5544928509416425,0.5009333614006153,MEDIUM,IN_PROGRESS
C2413,45843,92,383,DCA_01,0.614931788031454,0.45564235953229404,MEDIUM,RECOVERED
C2414,96673,88,651,DCA_02,0.5066437823822476,0.3112755141200104,MEDIUM,IN_PROGRESS
C2415,61963,69,312,DCA_01,0.8317955078927547,0.5266316120659382,MEDIUM,RECOVERED
C2416,43828,37,471,DCA_01,0.4977048303268049,0.3180163747067012,MEDIUM,IN_PROGRESS
C2417,49604,253,533,DCA_01,0.8295064966322727,0.48422411209566907,MEDIUM,RECOVERED
C2418,11526,252,480,DCA_02,0.6278066912852738,0.5438403515252208,MEDIUM,RECOVERED
C2419,69910,140,350,DCA_02,0.8175427469084104,0.5143102140270166,MEDIUM,IN_PROGRESS
C2420,26592,355,694,DCA_02,0.5322442795549325,0.44392742361375925,MEDIUM,RECOVERED
C2421,29982,168,728,DCA_02,0.4663650706856033,0.38089413751448997,MEDIUM,RECOVERED
C2422,1207,54,573,DCA_01,0.6774806324799509,0.38311658791515846,MEDIUM,RECOVERED
C2423,89733,178,506,DCA_02,0.6547185335278582,0.467568590529464,MEDIUM,IN_PROGRESS
C2424,99936,297,447,DCA_01,0.5783036890017663,0.5675413968923846,MEDIUM,RECOVERED
C2425,69619,301,599,DCA_02,0.7314107092692073,0.5391174910624827,MEDIUM,IN_PROGRESS
C2426,30328,359,752,DCA_01,0.4475714143787558,0.4300164508171269,MEDIUM,IN_PROGRESS
C2427,47479,106,848,DCA_02,0.7110005374575648,0.22486712224500516,LOW,RECOVERED
C2428,21103,137,682,DCA_01,0.5058780467501185,0.3850831835095565,MEDIUM,RECOVERED
C2429,40891,190,833,DCA_02,0.4644772780106486,0.3071286647493644,MEDIUM,RECOVERED
C2430,11754,128,532,DCA_02,0.854804090062678,0.33973598825092954,MEDIUM,RECOVERED
C2431,82437,342,428,DCA_02,0.6298978805769173,0.6452400108002276,HIGH,IN_PROGRESS
C2432,99540,47,869,DCA_02,0.7817084357940123,0.23832538656102198,LOW,IN_PROGRESS
C2433,73982,5,536,DCA_01,0.4445584642242586,0.3727637391900589,MEDIUM,RECOVERED
C2434,56922,257,881,DCA_02,0.4287324390030417,0.28801689856606216,LOW,RECOVERED
C2435,49231,300,874,DCA_01,0.6474261064605324,0.28492071956728227,LOW,IN_PROGRESS
C2436,30301,150,784,DCA_01,0.5577755757725654,0.2707645608123985,LOW,RECOVERED
C2437,92652,294,540,DCA_01,0.4024536462547413,0.5199495302896107,MEDIUM,RECOVERED
C2438,63711,243,522,DCA_02,0.4916473224494335,0.5642751859290696,MEDIUM,IN_PROGRESS
C2439,42323,275,398,DCA_01,0.509387757745229,0.5172699772835219,MEDIUM,IN_PROGRESS
C2440,19752,208,856,DCA_02,0.544253177265547,0.24382797283589752,LOW,RECOVERED
C2441,98912,115,572,DCA_01,0.8387677885216756,0.4561754534614033,MEDIUM,RECOVERED
C2442,83205,195,698,DCA_02,0.6103012655659843,0.4320042125799639,MEDIUM,RECOVERED
C2443,99452,343,816,DCA_01,0.7397161952385434,0.39559615878782095,MEDIUM,RECOVERED
C2444,14395,170,729,DCA_02,0.4091980463307665,0.3278380933023223,MEDIUM,IN_PROGRESS
C2445,86957,82,822,DCA_02,0.8069628389414338,0.21733123143940636,LOW,RECOVERED
C2446,57273,154,647,DCA_01,0.5201644720982086,0.4179501969187678,MEDIUM,IN_PROGRESS
C2447,92878,141,850,DCA_01,0.5545196644552173,0.20535265898732924,LOW,IN_PROGRESS
C2448,5895,314,750,DCA_01,0.4226282159935193,0.4102857363706214,MEDIUM,RECOVERED
C2449,77559,146,341,DCA_01,0.6048464529868077,0.5307730290078971,MEDIUM,RECOVERED
C2450,11699,323,393,DCA_01,0.8262883863700226,0.6225961730346488,HIGH,IN_PROGRESS
C2451,66061,122,785,DCA_02,0.5893671290601445,0.2577696686293588,LOW,RECOVERED
C2452,10715,252,816,DCA_02,0.8543026353781962,0.3677748063583435,MEDIUM,RECOVERED
C2453,20169,343,863,DCA_02,0.833723801596341,0.34185555290845004,MEDIUM,RECOVERED
C2454,17163,311,449,DCA_01,0.430980471497163,0.6393495818262642,HIGH,IN_PROGRESS
C2455,6782,89,798,DCA_01,0.5526359718909064,0.194265103224338,LOW,RECOVERED
C2456,89177,58,670,DCA_02,0.8552086537587303,0.3214079414840363,MEDIUM,IN_PROGRESS
C2457,85328,63,784,DCA_02,0.4149044712373349,0.2916765354133528,LOW,RECOVERED
C2458,36585,347,682,DCA_01,0.7829041423043798,0.47934568501682906,MEDIUM,RECOVERED
C2459,31682,308,491,DCA_01,0.8532139895756335,0.6076807362494885,HIGH,IN_PROGRESS
C2460,48864,280,520,DCA_02,0.7852456991679134,0.48025285281795116,MEDIUM,IN_PROGRESS
C2461,85416,72,346,DCA_01,0.7719071585029539,0.43933430916043037,MEDIUM,IN_PROGRESS
C2462,56114,9,426,DCA_02,0.8216778878085749,0.3535839779374347,MEDIUM,RECOVERED
C2463,39067,94,306,DCA_02,0.7328947805160057,0.4772471240512728,MEDIUM,RECOVERED
C2464,43685,339,415,DCA_01,0.6115480943914858,0.5616451746264252,MEDIUM,IN_PROGRESS
C2465,19073,336,863,DCA_02,0.4313777756675276,0.31715816260275453,MEDIUM,RECOVERED
C2466,37035,152,665,DCA_01,0.793983722507223,0.34166873378135854,MEDIUM,IN_PROGRESS
C2467,65977,356,345,DCA_01,0.8526268195204458,0.6733465068344127,HIGH,RECOVERED
C2468,91373,40,692,DCA_02,0.6557932307766001,0.3004745810772378,MEDIUM,IN_PROGRESS
C2469,84362,359,322,DCA_01,0.666255237227895,0.626549621123591,HIGH,RECOVERED
C2470,91517,62,430,DCA_02,0.6016434920730338,0.4962791972220859,MEDIUM,IN_PROGRESS
C2471,66450,254,426,DCA_01,0.8284413054169295,0.5697853944294112,MEDIUM,RECOVERED
C2472,11382,69,744,DCA_02,0.40740165198179,0.21886787185052403,LOW,RECOVERED
C2473,5437,245,608,DCA_01,0.7122742748075925,0.4327585776896017,MEDIUM,RECOVERED
C2474,71971,170,732,DCA_02,0.8537065488793689,0.3375693099934304,MEDIUM,RECOVERED
C2475,65612,178,772,DCA_02,0.4516111627661337,0.36205605793526907,MEDIUM,RECOVERED
C2476,91355,189,347,DCA_01,0.879582268698994,0.5901327108226427,MEDIUM,IN_PROGRESS
C2477,62929,260,381,DCA_01,0.883839082017557,0.5910444145218334,MEDIUM,IN_PROGRESS
C2478,98518,72,408,DCA_01,0.8648944825780771,0.38648873809527895,MEDIUM,IN_PROGRESS
C2479,99864,17,562,DCA_01,0.6312730479859613,0.32966211582883354,MEDIUM,IN_PROGRESS
C2480,13329,341,330,DCA_02,0.5914850015161487,0.6478272952121864,HIGH,RECOVERED
C2481,26169,57,657,DCA_02,0.7529738682610186,0.3671728526602669,MEDIUM,RECOVERED
C2482,88468,218,867,DCA_02,0.5593451089720458,0.3137691667714301,MEDIUM,RECOVERED
C2483,35594,107,779,DCA_01,0.4341720765476948,0.2110482191773233,LOW,RECOVERED
C2484,77957,304,488,DCA_01,0.8507110816810156,0.5789784237150633,MEDIUM,IN_PROGRESS
C2485,61631,173,304,DCA_02,0.7174280299658773,0.56743256623658,MEDIUM,RECOVERED
C2486,46033,219,585,DCA_01,0.503577249145634,0.4369552739575552,MEDIUM,IN_PROGRESS
C2487,64133,247,693,DCA_01,0.4092042806741422,0.3982224671789216,MEDIUM,RECOVERED
C2488,74165,218,754,DCA_02,0.761757983465654,0.3140698777477875,MEDIUM,RECOVERED
C2489,74861,31,725,DCA_01,0.8263999613821977,0.23665988244703662,LOW,RECOVERED
C2490,53290,47,326,DCA_02,0.6028237878241636,0.48336057015500034,MEDIUM,IN_PROGRESS
C2491,95031,134,426,DCA_01,0.4404491054265725,0.4291584561601304,MEDIUM,RECOVERED
C2492,32750,108,434,DCA_01,0.7243106188501749,0.38728244786753907,MEDIUM,RECOVERED
C2493,96155,72,834,DCA_02,0.5484645261174493,0.23930142987234193,LOW,RECOVERED
C2494,41461,327,630,DCA_02,0.4719733624751385,0.45940065903511473,MEDIUM,RECOVERED
C2495,74800,108,691,DCA_01,0.6551982776031172,0.3099528257656342,MEDIUM,RECOVERED
C2496,79222,309,307,DCA_01,0.640921862446129,0.6554558574030247,HIGH,IN_PROGRESS
C2497,25226,272,560,DCA_01,0.65838520453868,0.47058343200688724,MEDIUM,RECOVERED
C2498,7721,171,498,DCA_01,0.8119661617795996,0.45311604688026774,MEDIUM,IN_PROGRESS
C2499,57154,116,897,DCA_02,0.6422729412388428,0.22577501400404487,LOW,RECOVERED
C2500,21609,329,685,DCA_01,0.8502702898729315,0.482983972903095,MEDIUM,IN_PROGRESS
C2501,53130,74,771,DCA_01,0.8209053098110829,0.27872088585793275,LOW,IN_PROGRESS
C2502,73909,256,478,DCA_01,0.725557974641601,0.5397359263985106,MEDIUM,RECOVERED
C2503,56249,81,749,DCA_02,0.428425928802653,0.31444915015614394,MEDIUM,RECOVERED
C2504,49895,268,539,DCA_02,0.8324721947314178,0.4946311655888279,MEDIUM,RECOVERED
C2505,95473,128,823,DCA_01,0.8527860147233706,0.3473758759886324,MEDIUM,RECOVERED
C2506,6656,326,482,DCA_01,0.5875235672551464,0.5794691065886592,MEDIUM,RECOVERED
C2507,75520,235,657,DCA_02,0.6630758798283042,0.4222449840440653,MEDIUM,RECOVERED
C2508,64740,41,675,DCA_01,0.5405103353192636,0.3229076216670438,MEDIUM,RECOVERED
C2509,65309,181,837,DCA_02,0.407358167003696,0.33108344930518074,MEDIUM,IN_PROGRESS
C2510,30984,157,381,DCA_01,0.6397255306595655,0.5339120717467614,MEDIUM,IN_PROGRESS
C2511,74822,59,657,DCA_01,0.4646794866888156,0.309508596339764,MEDIUM,RECOVERED
C2512,6901,345,484,DCA_02,0.4916623551132913,0.5875620865905254,MEDIUM,IN_PROGRESS
C2513,32552,249,587,DCA_01,0.6403554058111308,0.4876376548487642,MEDIUM,RECOVERED
C2514,92245,192,361,DCA_02,0.8335191704900111,0.5722133864248269,MEDIUM,IN_PROGRESS
C2515,32055,24,806,DCA_01,0.8223163358771413,0.28884740539992826,LOW,IN_PROGRESS
C2516,38685,80,761,DCA_02,0.8825342107150169,0.24889268418184862,LOW,IN_PROGRESS
C2517,74965,134,329,DCA_01,0.6413403092617189,0.5401158878152844,MEDIUM,RECOVERED
C2518,15716,213,330,DCA_02,0.6760044548572312,0.5728530399515772,MEDIUM,RECOVERED
C2519,12138,348,592,DCA_01,0.8110581171550044,0.5343022082559183,MEDIUM,IN_PROGRESS
C2520,36298,166,472,DCA_01,0.7498367051998363,0.47081228601395153,MEDIUM,IN_PROGRESS
C2521,52112,348,427,DCA_01,0.4914110534511696,0.5400762844582154,MEDIUM,IN_PROGRESS
C2522,24429,337,385,DCA_01,0.5990873760449782,0.6086315746125575,HIGH,RECOVERED
C2523,51200,71,614,DCA_01,0.8645796460382449,0.3277638610693887,MEDIUM,RECOVERED
C2524,72308,214,327,DCA_01,0.4730635716463914,0.6154385934072306,HIGH,IN_PROGRESS
C2525,49244,65,421,DCA_02,0.5046781870132002,0.40381365294344984,MEDIUM,IN_PROGRESS
C2526,18347,221,550,DCA_01,0.600330020960529,0.5196106362267263,MEDIUM,RECOVERED
C2527,17920,308,872,DCA_01,0.8699370663830518,0.3455294274241715,MEDIUM,IN_PROGRESS
C2528,32822,286,702,DCA_02,0.4569090708086734,0.49396788793435864,MEDIUM,IN_PROGRESS
C2529,47659,185,742,DCA_02,0.7364711833465307,0.29022359407357157,LOW,RECOVERED
C2530,41108,207,571,DCA_01,0.4660612619560328,0.4247691349707555,MEDIUM,IN_PROGRESS
C2531,90099,99,412,DCA_01,0.6622505177918935,0.44596720317675675,MEDIUM,IN_PROGRESS
C2532,8967,242,693,DCA_02,0.6682817566200663,0.3607031696524997,MEDIUM,IN_PROGRESS
C2533,12871,158,318,DCA_02,0.4213130532670973,0.5227579979404724,MEDIUM,IN_PROGRESS
C2534,95299,98,764,DCA_02,0.8770588953857865,0.2973767728296197,LOW,RECOVERED
C2535,78452,42,490,DCA_01,0.8033113151179259,0.37337321015176217,MEDIUM,IN_PROGRESS
C2536,75270,139,792,DCA_02,0.551427100763128,0.24851760967555203,LOW,RECOVERED
C2537,34613,283,462,DCA_01,0.4653121459048677,0.5088892532014244,MEDIUM,IN_PROGRESS
C2538,29179,227,594,DCA_02,0.5728133565120244,0.3727128708944396,MEDIUM,RECOVERED
C2539,53188,72,878,DCA_02,0.8471382731221169,0.2249974636624733,LOW,RECOVERED
C2540,56099,243,372,DCA_02,0.46634179842165,0.5362843291595768,MEDIUM,IN_PROGRESS
C2541,36262,18,861,DCA_01,0.574658549162388,0.18679372774451852,LOW,IN_PROGRESS
C2542,79213,77,608,DCA_02,0.6471522123324145,0.2917197247173532,LOW,RECOVERED
C2543,19268,45,601,DCA_02,0.4164421583933282,0.3593122937656592,MEDIUM,RECOVERED
C2544,78866,343,607,DCA_01,0.5340168563256509,0.503311674626879,MEDIUM,IN_PROGRESS
C2545,87269,140,423,DCA_02,0.697816946783859,0.5165996294218074,MEDIUM,IN_PROGRESS
C2546,61545,177,560,DCA_02,0.5619822906079261,0.49047750966862025,MEDIUM,IN_PROGRESS
C2547,93822,222,494,DCA_02,0.8352627201766296,0.5125573501652297,MEDIUM,RECOVERED
C2548,73146,92,650,DCA_01,0.8683827093596077,0.36523772727813575,MEDIUM,IN_PROGRESS
C2549,72966,22,788,DCA_01,0.6207714327248619,0.196088629286837,LOW,RECOVERED
C2550,40922,172,499,DCA_02,0.6660102377081112,0.4691558290521227,MEDIUM,RECOVERED
C2551,80364,92,807,DCA_01,0.715404134155505,0.26221311451691376,LOW,RECOVERED
C2552,43913,192,879,DCA_01,0.732267483047395,0.2689402724616734,LOW,IN_PROGRESS
C2553,98033,77,745,DCA_01,0.4316289722002423,0.2814981028667387,LOW,RECOVERED
C2554,56677,281,379,DCA_01,0.4268397151330798,0.5465083479702695,MEDIUM,IN_PROGRESS
C2555,50841,364,768,DCA_02,0.832793837123877,0.47899871656018667,MEDIUM,IN_PROGRESS
C2556,47332,179,741,DCA_01,0.5099360233963444,0.38481416149972125,MEDIUM,RECOVERED
C2557,93062,238,571,DCA_02,0.6920527514719041,0.47493126666567,MEDIUM,IN_PROGRESS
C2558,96694,135,642,DCA_01,0.7123359072568043,0.33202925805588424,MEDIUM,RECOVERED
C2559,26032,280,423,DCA_01,0.4822321387001204,0.5396673048532452,MEDIUM,RECOVERED
C2560,38846,19,522,DCA_01,0.7807983133848249,0.310945002167597,MEDIUM,RECOVERED
C2561,60474,83,789,DCA_02,0.8329728091488355,0.2703097467590514,LOW,RECOVERED
C2562,45936,228,596,DCA_01,0.542688840658849,0.4369313032930069,MEDIUM,IN_PROGRESS
C2563,30794,265,418,DCA_01,0.8389200904617187,0.606470117425651,HIGH,RECOVERED
C2564,62588,112,375,DCA_02,0.4405185843822823,0.49078648223093324,MEDIUM,RECOVERED
C2565,71984,251,557,DCA_02,0.8002319631036184,0.4670026618111963,MEDIUM,RECOVERED
C2566,51331,164,831,DCA_01,0.7200555804718467,0.21851462022614432,LOW,RECOVERED
C2567,95397,358,650,DCA_02,0.6915553946926587,0.503284864189333,MEDIUM,IN_PROGRESS
C2568,29141,168,576,DCA_01,0.5150663724124741,0.4100497671017822,MEDIUM,IN_PROGRESS
C2569,10074,221,554,DCA_02,0.5809209013899925,0.46905648375818154,MEDIUM,IN_PROGRESS
C2570,7406,304,563,DCA_01,0.8551521921351046,0.4987427760297404,MEDIUM,IN_PROGRESS
C2571,98359,191,328,DCA_01,0.6328705432128754,0.5410363066947843,MEDIUM,RECOVERED
C2572,24291,325,766,DCA_02,0.6971900421813977,0.4214075219907688,MEDIUM,RECOVERED
C2573,42568,170,334,DCA_01,0.8679257663980109,0.5373500415207008,MEDIUM,RECOVERED
C2574,98539,45,593,DCA_02,0.6332442201616211,0.34703713095804034,MEDIUM,RECOVERED
C2575,47851,14,502,DCA_02,0.5941346191967044,0.3703688850613206,MEDIUM,RECOVERED
C2576,55823,231,367,DCA_02,0.8466010555240604,0.5145286117667551,MEDIUM,RECOVERED
C2577,24312,157,430,DCA_02,0.8554439772528055,0.4738510553094255,MEDIUM,RECOVERED
C2578,44108,134,410,DCA_02,0.5773191296509943,0.5601908035451831,MEDIUM,IN_PROGRESS
C2579,67918,37,823,DCA_01,0.6959948412751035,0.2022985119670041,LOW,RECOVERED
C2580,35171,53,587,DCA_02,0.8818638864166191,0.3098018766631099,MEDIUM,IN_PROGRESS
C2581,42779,18,342,DCA_01,0.4277353475696981,0.43607733213726474,MEDIUM,IN_PROGRESS
C2582,69828,38,593,DCA_01,0.4199012097602919,0.30366149003587595,MEDIUM,RECOVERED
C2583,99723,187,584,DCA_02,0.6582902544344904,0.41485230524984706,MEDIUM,RECOVERED
C2584,13411,196,863,DCA_02,0.5456200718132942,0.2602981596267483,LOW,RECOVERED
C2585,58009,243,318,DCA_02,0.6909249424670751,0.6158405509533535,HIGH,RECOVERED
C2586,16422,300,806,DCA_02,0.7621476764667974,0.3519721552209014,MEDIUM,RECOVERED
C2587,43468,303,846,DCA_02,0.4345371687604862,0.39905707122622736,MEDIUM,RECOVERED
C2588,33371,35,347,DCA_01,0.8411837379010975,0.3956789117156556,MEDIUM,RECOVERED
C2589,58022,215,518,DCA_02,0.538443500618478,0.47090290434613924,MEDIUM,IN_PROGRESS
C2590,72229,219,487,DCA_01,0.5906737410900971,0.5029531113310863,MEDIUM,RECOVERED
C2591,52196,316,330,DCA_01,0.5685183759820251,0.6562330790990604,HIGH,IN_PROGRESS
C2592,81354,90,558,DCA_01,0.8199174290445994,0.3607510693474617,MEDIUM,RECOVERED
C2593,97774,308,643,DCA_02,0.4853261000810504,0.4634926630938474,MEDIUM,RECOVERED
C2594,97410,252,607,DCA_02,0.4143366091558236,0.5298033646004368,MEDIUM,IN_PROGRESS
C2595,27715,8,370,DCA_02,0.8859008058596146,0.4192122945095784,MEDIUM,IN_PROGRESS
C2596,28605,256,606,DCA_02,0.890316237610552,0.4807894360393896,MEDIUM,IN_PROGRESS
C2597,32174,363,867,DCA_01,0.5288464149400929,0.3631933139043857,MEDIUM,RECOVERED
C2598,10956,208,398,DCA_01,0.4046763175521277,0.4372140998170104,MEDIUM,IN_PROGRESS
C2599,77373,131,320,DCA_01,0.7229585510966668,0.4894179530349865,MEDIUM,RECOVERED
C2600,70252,224,864,DCA_02,0.7242316413823848,0.29670717467667873,LOW,RECOVERED
C2601,62949,197,305,DCA_01,0.8701783572328601,0.6150478238357755,HIGH,RECOVERED
C2602,63646,142,530,DCA_02,0.5492352553712802,0.3664288054567423,MEDIUM,RECOVERED
C2603,71017,252,381,DCA_02,0.4947520889482437,0.5806617499475138,MEDIUM,IN_PROGRESS
C2604,64037,96,516,DCA_01,0.7081911735915289,0.3946199146377276,MEDIUM,RECOVERED
C2605,90818,26,634,DCA_02,0.6818355327792147,0.3389047295090756,MEDIUM,RECOVERED
C2606,7548,111,858,DCA_02,0.7588683968533081,0.2502897551268254,LOW,IN_PROGRESS
C2607,74294,123,893,DCA_02,0.8425637016452228,0.25404570954382355,LOW,RECOVERED
C2608,24177,186,852,DCA_02,0.6798725937399948,0.27396440425250057,LOW,RECOVERED
C2609,25022,168,758,DCA_01,0.4750376298968959,0.26381085761995593,LOW,RECOVERED
C2610,6542,51,386,DCA_02,0.6990644716808214,0.47881951159486524,MEDIUM,IN_PROGRESS
C2611,92012,5,814,DCA_01,0.587050783715629,0.2561939883764256,LOW,RECOVERED
C2612,97320,77,812,DCA_02,0.6263675143045517,0.2955896457564118,LOW,RECOVERED
C2613,61428,160,886,DCA_01,0.879742195444583,0.2761623846436084,LOW,IN_PROGRESS
C2614,23740,208,777,DCA_01,0.6774735271212688,0.32772235128951543,MEDIUM,IN_PROGRESS
C2615,60353,257,797,DCA_02,0.4748235794394712,0.27947208046341576,LOW,RECOVERED
C2616,91353,205,748,DCA_01,0.6215793035622581,0.3521629366759187,MEDIUM,RECOVERED
C2617,57532,255,887,DCA_01,0.5142152513080815,0.30005156460740656,MEDIUM,RECOVERED
C2618,17052,11,559,DCA_02,0.467741247166465,0.29023956336699797,LOW,IN_PROGRESS
C2619,48076,8,836,DCA_01,0.7561170561675166,0.1924487060054676,LOW,RECOVERED
C2620,54420,32,499,DCA_02,0.71428453456945,0.39428791887356496,MEDIUM,IN_PROGRESS
C2621,1671,28,762,DCA_02,0.6488944332588809,0.2569670820594171,LOW,RECOVERED
C2622,1163,206,393,DCA_01,0.6116191478954232,0.47838803599888846,MEDIUM,IN_PROGRESS
C2623,42424,228,651,DCA_01,0.561108865410439,0.4114467708097407,MEDIUM,RECOVERED
C2624,54744,128,407,DCA_02,0.4440043561092511,0.43034381016873535,MEDIUM,IN_PROGRESS
C2625,71331,255,654,DCA_02,0.5496348237650968,0.41613409229880893,MEDIUM,IN_PROGRESS
C2626,11634,212,768,DCA_02,0.8191973114808929,0.2992665932156594,LOW,IN_PROGRESS
C2627,5798,239,394,DCA_01,0.791837697293656,0.610343030438125,HIGH,IN_PROGRESS
C2628,23420,207,390,DCA_02,0.8861588619706207,0.520215548939795,MEDIUM,IN_PROGRESS
C2629,30300,318,343,DCA_01,0.7280335560655193,0.6253997819291659,HIGH,IN_PROGRESS
C2630,90881,283,755,DCA_01,0.6768198787841965,0.41549538426910704,MEDIUM,RECOVERED
C2631,11749,245,683,DCA_02,0.5480222416214351,0.33689102198737697,MEDIUM,RECOVERED
C2632,26121,45,322,DCA_02,0.4384301212567801,0.4832842295815787,MEDIUM,IN_PROGRESS
C2633,38487,105,322,DCA_01,0.7090091692430908,0.45511419844673073,MEDIUM,RECOVERED
C2634,94947,348,533,DCA_01,0.644081095837886,0.5095504183058821,MEDIUM,IN_PROGRESS
C2635,34361,281,610,DCA_02,0.7795372566988054,0.44126951299464123,MEDIUM,RECOVERED
C2636,22223,234,716,DCA_01,0.605928964207818,0.3175497509631269,MEDIUM,RECOVERED
C2637,73930,189,632,DCA_02,0.892775678932185,0.38607410463880265,MEDIUM,RECOVERED
C2638,15056,44,874,DCA_01,0.598806027431717,0.25185886801653445,LOW,RECOVERED
C2639,29380,225,402,DCA_01,0.5665358174557904,0.5658466523320353,MEDIUM,IN_PROGRESS
C2640,27035,142,799,DCA_01,0.8354931883752903,0.25791725715665625,LOW,IN_PROGRESS
C2641,31620,136,782,DCA_02,0.5977532115094676,0.24557569755177344,LOW,RECOVERED
C2642,20877,176,488,DCA_02,0.8354486595603401,0.4631830724976307,MEDIUM,RECOVERED
C2643,56316,142,759,DCA_02,0.4136771428119251,0.30701320082224437,MEDIUM,RECOVERED
C2644,65041,80,488,DCA_01,0.7462966555327939,0.4190261065407558,MEDIUM,IN_PROGRESS
C2645,54352,82,650,DCA_02,0.4359264367495487,0.35849149626362875,MEDIUM,RECOVERED
C2646,31911,135,880,DCA_01,0.4741162315424759,0.22322661338768568,LOW,IN_PROGRESS
C2647,33784,207,413,DCA_01,0.7500375099347956,0.5818495121596206,MEDIUM,IN_PROGRESS
C2648,4191,344,403,DCA_01,0.5448616706067624,0.5345603092045229,MEDIUM,RECOVERED
C2649,34160,177,807,DCA_01,0.5052167006396997,0.3190306595984541,MEDIUM,IN_PROGRESS
C2650,91536,243,644,DCA_01,0.8007630688146721,0.42616897655363595,MEDIUM,RECOVERED
C2651,65641,55,320,DCA_02,0.8731234320868486,0.42608269552281186,MEDIUM,RECOVERED
C2652,50723,141,686,DCA_01,0.5161903242691507,0.27311145235229595,LOW,IN_PROGRESS
C2653,4631,56,508,DCA_01,0.5585979781178427,0.30922693563229875,MEDIUM,IN_PROGRESS
C2654,7172,15,782,DCA_02,0.7570366530032051,0.24008481436532392,LOW,RECOVERED
C2655,43080,185,772,DCA_01,0.8076464352779381,0.33151764489913804,MEDIUM,IN_PROGRESS
C2656,90097,314,692,DCA_01,0.8995811501636464,0.39476490517233176,MEDIUM,IN_PROGRESS
C2657,91353,88,815,DCA_01,0.5366853616267997,0.27346839322949223,LOW,RECOVERED
C2658,21281,97,487,DCA_02,0.6783092943767602,0.3725756793129642,MEDIUM,RECOVERED
C2659,29671,144,645,DCA_02,0.467009470727352,0.32952484989736064,MEDIUM,RECOVERED
C2660,52431,8,651,DCA_02,0.5654200525492488,0.3167000484024657,MEDIUM,RECOVERED
C2661,91900,215,840,DCA_02,0.4224842856123014,0.33221694085563913,MEDIUM,RECOVERED
C2662,93961,173,897,DCA_01,0.5054192714181753,0.2262602711985866,LOW,IN_PROGRESS
C2663,29602,223,346,DCA_02,0.6532724883922962,0.6275798859253028,HIGH,RECOVERED
C2664,89789,40,376,DCA_02,0.4818795614235215,0.4667053358268807,MEDIUM,RECOVERED
C2665,52399,182,642,DCA_02,0.8446916550863046,0.37270376108571934,MEDIUM,RECOVERED
C2666,24472,270,490,DCA_02,0.755154505714824,0.47167101350544693,MEDIUM,IN_PROGRESS
C2667,50230,187,842,DCA_02,0.4138680012697155,0.29594968335246674,LOW,IN_PROGRESS
C2668,74616,245,335,DCA_01,0.8383507778626069,0.5448200694172736,MEDIUM,RECOVERED
C2669,8099,309,723,DCA_02,0.8886604970977344,0.38827063567264997,MEDIUM,RECOVERED
C2670,26431,231,650,DCA_02,0.6509307848835018,0.38457672497082107,MEDIUM,IN_PROGRESS
C2671,57492,155,487,DCA_02,0.5573053387747888,0.45889046207546047,MEDIUM,IN_PROGRESS
C2672,97722,175,826,DCA_02,0.5317322247000247,0.29630481643697726,LOW,RECOVERED
C2673,48684,336,633,DCA_01,0.4437097471092743,0.5086074273722669,MEDIUM,RECOVERED
C2674,31111,115,782,DCA_01,0.6458046890345155,0.3323390246482105,MEDIUM,IN_PROGRESS
C2675,64936,311,515,DCA_01,0.425070011051368,0.6027835163614401,HIGH,RECOVERED
C2676,23614,300,457,DCA_02,0.6519185956637592,0.5453558569403814,MEDIUM,RECOVERED
C2677,93260,18,540,DCA_02,0.5262742203625466,0.2816276947905969,LOW,RECOVERED
C2678,42991,272,595,DCA_01,0.6382159777890918,0.4692790700373187,MEDIUM,RECOVERED
C2679,71476,12,761,DCA_02,0.609192063172227,0.2083451629977846,LOW,RECOVERED
C2680,61920,301,344,DCA_01,0.5525571260021507,0.5442556037760959,MEDIUM,IN_PROGRESS
C2681,95294,192,794,DCA_02,0.6243191197583364,0.30182181665807517,MEDIUM,RECOVERED
C2682,64530,232,474,DCA_01,0.6370169446228262,0.48488882907665953,MEDIUM,IN_PROGRESS
C2683,37224,93,645,DCA_02,0.8168458807876193,0.3148476772693577,MEDIUM,RECOVERED
C2684,8788,218,355,DCA_01,0.7328916717161351,0.5714992022906993,MEDIUM,IN_PROGRESS
C2685,29082,278,865,DCA_01,0.616578298840676,0.34330182190262326,MEDIUM,IN_PROGRESS
C2686,90570,353,640,DCA_02,0.8526209687878682,0.49084777576879013,MEDIUM,IN_PROGRESS
C2687,77816,303,407,DCA_02,0.7778703882516541,0.5343348041603813,MEDIUM,IN_PROGRESS
C2688,84588,29,513,DCA_02,0.4378584485541449,0.2908572295696348,LOW,IN_PROGRESS
C2689,17531,301,798,DCA_01,0.4768729146329452,0.33522542655623333,MEDIUM,RECOVERED
C2690,89340,77,696,DCA_01,0.4408339418054383,0.33876679691807743,MEDIUM,RECOVERED
C2691,95439,9,849,DCA_01,0.5594316798894894,0.18667810392893514,LOW,RECOVERED
C2692,45857,24,796,DCA_01,0.6178233104015867,0.23582195162049246,LOW,RECOVERED
C2693,11142,15,472,DCA_01,0.6521229613799372,0.3410429618328715,MEDIUM,RECOVERED
C2694,49355,164,404,DCA_02,0.8257060993483896,0.47258820239024,MEDIUM,IN_PROGRESS
C2695,10866,13,851,DCA_02,0.4089781428915575,0.1958154971364624,LOW,IN_PROGRESS
C2696,71067,347,778,DCA_01,0.6141442028725618,0.38016641212098523,MEDIUM,IN_PROGRESS
C2697,65027,172,698,DCA_01,0.6054991868410817,0.31448623379697827,MEDIUM,IN_PROGRESS
C2698,58906,357,733,DCA_02,0.8737379683296511,0.5051876216477267,MEDIUM,IN_PROGRESS
C2699,29138,327,493,DCA_02,0.5205184588120965,0.5111404698009687,MEDIUM,IN_PROGRESS
C2700,93601,200,765,DCA_01,0.4612029059527345,0.3401367367098862,MEDIUM,RECOVERED
C2701,30956,76,640,DCA_01,0.471130106091988,0.29323002070849635,LOW,RECOVERED
C2702,77295,164,358,DCA_02,0.6600713619639145,0.520242251162646,MEDIUM,IN_PROGRESS
C2703,6439,61,837,DCA_01,0.5954519017527332,0.20321696371542086,LOW,IN_PROGRESS
C2704,48241,245,777,DCA_02,0.7770710141819948,0.37662457642275904,MEDIUM,RECOVERED
C2705,43533,155,402,DCA_02,0.5615911860767715,0.5154711864001735,MEDIUM,IN_PROGRESS
C2706,29270,257,832,DCA_02,0.4639808760011774,0.3250579980575957,MEDIUM,RECOVERED
C2707,79815,244,891,DCA_02,0.593437894860517,0.27077924078645177,LOW,RECOVERED
C2708,40279,162,621,DCA_02,0.8415178086612776,0.4093954018459537,MEDIUM,RECOVERED
C2709,24888,68,848,DCA_01,0.6027632767105313,0.22578709999504376,LOW,RECOVERED
C2710,18630,344,313,DCA_01,0.8168138612375739,0.6614161560448077,HIGH,IN_PROGRESS
C2711,62063,277,755,DCA_02,0.5857650429267905,0.3286971377401,MEDIUM,RECOVERED
C2712,36144,161,520,DCA_01,0.5406928119582274,0.3784096079345882,MEDIUM,IN_PROGRESS
C2713,53161,259,690,DCA_01,0.7874313649526729,0.4007302276101309,MEDIUM,RECOVERED
C2714,97718,307,472,DCA_02,0.5046172638356883,0.515578581741113,MEDIUM,RECOVERED
C2715,92074,335,380,DCA_01,0.5159153530849058,0.605384751712989,HIGH,RECOVERED
C2716,78360,95,635,DCA_01,0.4249064190379832,0.3162772929582821,MEDIUM,IN_PROGRESS
C2717,51979,246,524,DCA_01,0.4939228556409972,0.5087616709204079,MEDIUM,RECOVERED
C2718,98661,221,334,DCA_01,0.5894076968048994,0.512316175948363,MEDIUM,IN_PROGRESS
C2719,7979,123,487,DCA_01,0.5997863493574519,0.46574824860135056,MEDIUM,RECOVERED
C2720,27189,187,523,DCA_02,0.6103140434657867,0.42159097310291704,MEDIUM,IN_PROGRESS
C2721,43600,262,793,DCA_02,0.6398464731176872,0.35459850702105344,MEDIUM,RECOVERED
C2722,60560,273,610,DCA_01,0.6859553078795755,0.4735421125970187,MEDIUM,IN_PROGRESS
C2723,79040,60,820,DCA_01,0.4947145122977286,0.25314904103709146,LOW,IN_PROGRESS
C2724,62558,125,880,DCA_02,0.7069720915380329,0.27905071565101736,LOW,RECOVERED
C2725,87205,337,839,DCA_01,0.5682772937346443,0.4069730465738851,MEDIUM,RECOVERED
C2726,7910,341,668,DCA_01,0.7670053675695643,0.39317255930925665,MEDIUM,RECOVERED
C2727,58713,51,774,DCA_02,0.6786022250931587,0.23600400732044235,LOW,IN_PROGRESS
C2728,47857,178,330,DCA_02,0.6771343134190531,0.5460783467210917,MEDIUM,RECOVERED
C2729,35964,139,531,DCA_01,0.7427434942964366,0.34984584208967984,MEDIUM,RECOVERED
C2730,86667,327,796,DCA_01,0.5665094954767838,0.41327433802633984,MEDIUM,RECOVERED
C2731,26227,170,865,DCA_01,0.6146164702807377,0.2546386247591632,LOW,RECOVERED
C2732,6978,39,474,DCA_01,0.6914489342164409,0.33170623538198585,MEDIUM,RECOVERED
C2733,88527,69,597,DCA_02,0.6107778102578628,0.2670078591837656,LOW,IN_PROGRESS
C2734,18153,236,664,DCA_02,0.6221287372168767,0.35138027237133374,MEDIUM,RECOVERED
C2735,60765,48,385,DCA_02,0.5362435363945216,0.47492187497710536,MEDIUM,IN_PROGRESS
C2736,40071,57,876,DCA_01,0.5436925131282879,0.22645196048944882,LOW,IN_PROGRESS
C2737,70519,277,388,DCA_02,0.7494787035023931,0.6443844595133155,HIGH,IN_PROGRESS
C2738,10503,338,353,DCA_02,0.4021405710134029,0.6102080671361423,HIGH,IN_PROGRESS
C2739,61703,99,660,DCA_01,0.4476452111041692,0.3352319322362667,MEDIUM,IN_PROGRESS
C2740,65379,15,775,DCA_02,0.8744049447522528,0.2741551415330775,LOW,RECOVERED
C2741,96457,325,528,DCA_02,0.4935090409315034,0.5735751228588155,MEDIUM,RECOVERED
C2742,58866,179,833,DCA_02,0.609060445937437,0.3493294967267042,MEDIUM,RECOVERED
C2743,17905,332,672,DCA_01,0.824842568061501,0.48189972343063403,MEDIUM,RECOVERED
C2744,46838,62,768,DCA_02,0.4000511862629234,0.30088531278895136,MEDIUM,RECOVERED
C2745,59279,119,719,DCA_01,0.862589594735425,0.35864536857305995,MEDIUM,IN_PROGRESS
C2746,90489,37,831,DCA_02,0.4267443119481843,0.20313938841261125,LOW,IN_PROGRESS
C2747,27806,134,699,DCA_02,0.4854345247620054,0.3543353073658566,MEDIUM,IN_PROGRESS
C2748,46000,26,483,DCA_01,0.4145517716662047,0.29863089831233847,LOW,IN_PROGRESS
C2749,23168,8,861,DCA_02,0.6597600231172993,0.2568875805330997,LOW,IN_PROGRESS
C2750,71119,4,389,DCA_01,0.8715471550427512,0.4875019562964483,MEDIUM,RECOVERED
C2751,39714,21,682,DCA_02,0.8195183057970183,0.27938858332934213,LOW,IN_PROGRESS
C2752,55093,149,668,DCA_01,0.7198742731323394,0.3614998698811489,MEDIUM,IN_PROGRESS
C2753,56419,25,373,DCA_01,0.4927443187867985,0.4036686748642726,MEDIUM,RECOVERED
C2754,50145,143,568,DCA_01,0.8347985492634922,0.42569304365664196,MEDIUM,RECOVERED
C2755,78425,245,314,DCA_01,0.7773876955683595,0.6599013196162358,HIGH,RECOVERED
C2756,93949,43,628,DCA_02,0.5334238817737416,0.27438697832398873,LOW,RECOVERED
C2757,78811,293,691,DCA_01,0.8025445816979284,0.4553016843994777,MEDIUM,IN_PROGRESS
C2758,3461,185,733,DCA_01,0.8385756690159245,0.3137583339060177,MEDIUM,RECOVERED
C2759,15291,42,643,DCA_02,0.7491130062148357,0.3636219212020877,MEDIUM,RECOVERED
C2760,47804,92,494,DCA_01,0.4501920754852641,0.4547258173965354,MEDIUM,IN_PROGRESS
C2761,77971,317,335,DCA_01,0.8921234216649001,0.6103607775245107,HIGH,IN_PROGRESS
C2762,94471,324,504,DCA_01,0.4380004944829931,0.5516712935391482,MEDIUM,IN_PROGRESS
C2763,65946,53,356,DCA_02,0.7272369940751169,0.3975155694788677,MEDIUM,RECOVERED
C2764,99989,84,409,DCA_01,0.4552626276028981,0.47008774779009255,MEDIUM,RECOVERED
C2765,85080,34,795,DCA_02,0.852706679310411,0.23554405647961307,LOW,RECOVERED
C2766,62332,76,524,DCA_01,0.5749888417111895,0.3782733494344769,MEDIUM,IN_PROGRESS
C2767,78794,353,685,DCA_02,0.655751511193903,0.4891262327840469,MEDIUM,RECOVERED
C2768,31841,197,363,DCA_02,0.4893807921820053,0.46189166176856755,MEDIUM,IN_PROGRESS
C2769,49758,286,651,DCA_01,0.6732810948915688,0.39394175222387673,MEDIUM,IN_PROGRESS
C2770,77272,88,762,DCA_02,0.8694199526194947,0.2830727754672988,LOW,IN_PROGRESS
C2771,38643,235,619,DCA_01,0.8508165353165784,0.4405170056682248,MEDIUM,RECOVERED
C2772,51408,232,656,DCA_01,0.4319479601011179,0.46209391374637954,MEDIUM,RECOVERED
C2773,44950,7,392,DCA_01,0.5891292532371687,0.4027809696907516,MEDIUM,IN_PROGRESS
C2774,57849,292,599,DCA_02,0.5337156815210832,0.5036496991007994,MEDIUM,IN_PROGRESS
C2775,29044,38,793,DCA_01,0.6406807385565445,0.21141807504600452,LOW,RECOVERED
C2776,16997,52,894,DCA_02,0.8168645811675349,0.1901111750815141,LOW,IN_PROGRESS
C2777,80751,143,688,DCA_01,0.7694258928247153,0.33882132157577716,MEDIUM,IN_PROGRESS
C2778,99605,221,733,DCA_01,0.5719890960819237,0.35981121939845595,MEDIUM,RECOVERED
C2779,24911,240,401,DCA_01,0.5913329147810985,0.49965550292853345,MEDIUM,IN_PROGRESS
C2780,56533,143,677,DCA_01,0.7271274960041201,0.32446697923124357,MEDIUM,RECOVERED
C2781,83566,349,882,DCA_01,0.4971125844163239,0.4239246375868879,MEDIUM,RECOVERED
C2782,95870,363,637,DCA_02,0.4513640100722457,0.4687628055675811,MEDIUM,RECOVERED
C2783,15571,49,791,DCA_01,0.5212942321054612,0.2895217917847852,LOW,RECOVERED
C2784,95463,277,359,DCA_01,0.4620162156762149,0.609149629400337,HIGH,IN_PROGRESS
C2785,58941,271,808,DCA_01,0.5759921216236632,0.35801366091899234,MEDIUM,RECOVERED
C2786,59005,14,691,DCA_02,0.8687828920297131,0.22503304834547844,LOW,RECOVERED
C2787,87250,298,418,DCA_02,0.4601497380125839,0.6059730004222327,HIGH,IN_PROGRESS
C2788,59712,15,770,DCA_01,0.8091610718045334,0.21023772499840399,LOW,RECOVERED
C2789,44541,234,627,DCA_02,0.6673240157190763,0.36047508140674345,MEDIUM,RECOVERED
C2790,24387,63,320,DCA_02,0.7164515382503986,0.4800035079676773,MEDIUM,IN_PROGRESS
C2791,94980,196,396,DCA_02,0.485041184009041,0.4970400762771451,MEDIUM,IN_PROGRESS
C2792,49908,27,812,DCA_01,0.4756866557359472,0.26465249184884065,LOW,IN_PROGRESS
C2793,86457,93,649,DCA_01,0.4813718384059053,0.33946491679563073,MEDIUM,RECOVERED
C2794,14057,105,431,DCA_01,0.733531438195874,0.41416226988802807,MEDIUM,IN_PROGRESS
C2795,65028,309,845,DCA_02,0.7738941333708645,0.4269111379606847,MEDIUM,RECOVERED
C2796,56731,52,898,DCA_01,0.8601224722497596,0.17684466755469852,LOW,RECOVERED
C2797,25858,319,331,DCA_01,0.5990961763335678,0.6802013224512589,HIGH,IN_PROGRESS
C2798,49689,181,558,DCA_01,0.6309846920500701,0.43923971800117556,MEDIUM,IN_PROGRESS
C2799,45638,57,775,DCA_02,0.6347975079979062,0.2516995019874143,LOW,RECOVERED
C2800,92598,120,332,DCA_01,0.5349489513932836,0.5545019227780199,MEDIUM,IN_PROGRESS
C2801,47486,308,687,DCA_02,0.5641163273219983,0.487231183922865,MEDIUM,RECOVERED
C2802,21567,363,860,DCA_02,0.8234101180383782,0.32318615646864857,MEDIUM,RECOVERED
C2803,30739,43,755,DCA_01,0.5718610922929608,0.29544736345142153,LOW,RECOVERED
C2804,58804,135,893,DCA_02,0.8345480509617427,0.20567911038945286,LOW,IN_PROGRESS
C2805,4754,260,443,DCA_01,0.5526338557415266,0.5093903886445972,MEDIUM,RECOVERED
C2806,28044,197,523,DCA_02,0.5699415812713251,0.42068785791121455,MEDIUM,IN_PROGRESS
C2807,68260,133,516,DCA_01,0.6801404358894556,0.38936949807248944,MEDIUM,RECOVERED
C2808,67912,255,455,DCA_01,0.4515634235716129,0.6071563928472379,HIGH,IN_PROGRESS
C2809,9706,220,819,DCA_02,0.8610311335831045,0.3131553298444604,MEDIUM,RECOVERED
C2810,9894,336,335,DCA_02,0.8101999193192597,0.6147908488619968,HIGH,IN_PROGRESS
C2811,19037,41,308,DCA_02,0.7352519137537887,0.38696739639640243,MEDIUM,RECOVERED
C2812,84986,255,339,DCA_02,0.8940625068490635,0.6366190860416175,HIGH,RECOVERED
C2813,82942,2,768,DCA_02,0.407999680673451,0.19567719283289708,LOW,RECOVERED
C2814,52612,195,478,DCA_02,0.6055301582161614,0.5218484382588626,MEDIUM,IN_PROGRESS
C2815,30725,242,800,DCA_02,0.8291715291658371,0.2846581120125662,LOW,IN_PROGRESS
C2816,6926,149,672,DCA_01,0.6165086398869957,0.3040932472087069,MEDIUM,IN_PROGRESS
C2817,10496,198,367,DCA_02,0.4026206684046353,0.5098453934185369,MEDIUM,IN_PROGRESS
C2818,57447,299,723,DCA_01,0.478877057797977,0.5057845746876773,MEDIUM,RECOVERED
C2819,30806,245,814,DCA_02,0.6170362061933763,0.29022366712983294,LOW,IN_PROGRESS
C2820,89199,338,663,DCA_02,0.7339739304763617,0.4978317162961272,MEDIUM,IN_PROGRESS
C2821,42321,108,750,DCA_02,0.4813271341924113,0.3247948430299664,MEDIUM,RECOVERED
C2822,66095,212,815,DCA_01,0.6240215301491849,0.26502242785865426,LOW,RECOVERED
C2823,23656,156,628,DCA_02,0.4063942688677721,0.3513567338267072,MEDIUM,RECOVERED
C2824,56147,26,669,DCA_02,0.6387502611171487,0.2394101072566316,LOW,IN_PROGRESS
C2825,92396,82,896,DCA_02,0.8479622381195879,0.2598996128266894,LOW,RECOVERED
C2826,50666,83,686,DCA_02,0.6983840157617951,0.38261015315812597,MEDIUM,RECOVERED
C2827,83368,131,846,DCA_02,0.6203278156135845,0.24659807955176605,LOW,RECOVERED
C2828,39787,329,413,DCA_02,0.4811296678471622,0.6281028043470884,HIGH,IN_PROGRESS
C2829,63946,100,870,DCA_01,0.5012092817582559,0.2693720033458824,LOW,IN_PROGRESS
C2830,22727,256,337,DCA_01,0.4382549750350396,0.6608307395295241,HIGH,IN_PROGRESS
C2831,96081,49,844,DCA_01,0.7712055217803,0.29245195117521616,LOW,IN_PROGRESS
C2832,69056,63,676,DCA_01,0.4385676387874037,0.26410121579611257,LOW,RECOVERED
C2833,4081,311,698,DCA_02,0.5919744143671009,0.3901565391914187,MEDIUM,IN_PROGRESS
C2834,35196,290,502,DCA_02,0.7749223467563775,0.5690045611850967,MEDIUM,RECOVERED
C2835,37735,105,501,DCA_02,0.7564113497067475,0.40825582646197656,MEDIUM,IN_PROGRESS
C2836,81102,105,399,DCA_02,0.6887660832926374,0.4182724214780388,MEDIUM,RECOVERED
C2837,80578,325,697,DCA_02,0.6856538670630341,0.4268722148069558,MEDIUM,IN_PROGRESS
C2838,26498,15,749,DCA_01,0.445164040145953,0.20200579312204736,LOW,RECOVERED
C2839,77865,175,417,DCA_02,0.487457635877245,0.4909233535345884,MEDIUM,RECOVERED
C2840,32656,259,720,DCA_01,0.6673722285536055,0.35006296206370435,MEDIUM,IN_PROGRESS
C2841,68695,211,542,DCA_02,0.5740401641277899,0.5119952938568622,MEDIUM,RECOVERED
C2842,38900,259,840,DCA_01,0.4094685505466695,0.3153265586557613,MEDIUM,RECOVERED
C2843,85899,102,526,DCA_02,0.7990833664395818,0.39383330088393054,MEDIUM,IN_PROGRESS
C2844,48701,260,800,DCA_01,0.7269066335537484,0.3657569341490319,MEDIUM,RECOVERED
C2845,20033,344,512,DCA_02,0.5628927333345484,0.628495334120544,HIGH,IN_PROGRESS
C2846,11805,159,412,DCA_01,0.449102598646187,0.4925363272467834,MEDIUM,IN_PROGRESS
C2847,36851,45,672,DCA_02,0.6956003803210175,0.2542077613887863,LOW,RECOVERED
C2848,27832,301,598,DCA_01,0.5742747842833226,0.43807335405881975,MEDIUM,RECOVERED
C2849,64437,251,318,DCA_02,0.5276946685040713,0.581814918291941,MEDIUM,IN_PROGRESS
C2850,14944,331,310,DCA_01,0.7607346265080794,0.6355859558513173,HIGH,IN_PROGRESS
C2851,20873,165,307,DCA_02,0.564075030524718,0.548597449872974,MEDIUM,RECOVERED
C2852,41372,193,452,DCA_02,0.4680242457984564,0.43456874639780585,MEDIUM,RECOVERED
C2853,90464,9,849,DCA_02,0.6408268739147968,0.19693243002049587,LOW,RECOVERED
C2854,16379,65,434,DCA_01,0.8142328941247534,0.4425634062015391,MEDIUM,RECOVERED
C2855,37751,282,672,DCA_01,0.8248293920998138,0.4494657970681881,MEDIUM,IN_PROGRESS
C2856,90822,181,760,DCA_02,0.8246715824001742,0.3281576325290393,MEDIUM,IN_PROGRESS
C2857,6110,282,534,DCA_02,0.6104599197007409,0.4870542894247112,MEDIUM,IN_PROGRESS
C2858,55341,279,554,DCA_01,0.7954671056197173,0.4509906333456627,MEDIUM,RECOVERED
C2859,13087,30,885,DCA_01,0.8251153839827301,0.2092681871737505,LOW,RECOVERED
C2860,24762,266,627,DCA_01,0.6297691050963232,0.4653931499874179,MEDIUM,RECOVERED
C2861,83617,328,661,DCA_01,0.5593696944601898,0.549245647550411,MEDIUM,IN_PROGRESS
C2862,10596,217,673,DCA_01,0.7509822734052969,0.45985040526449805,MEDIUM,RECOVERED
C2863,19313,320,508,DCA_01,0.8522346361779976,0.5381499418023223,MEDIUM,RECOVERED
C2864,67549,105,566,DCA_01,0.8860762425622561,0.3466111373209385,MEDIUM,RECOVERED
C2865,24705,184,853,DCA_01,0.5451124028385778,0.31901699933149474,MEDIUM,IN_PROGRESS
C2866,68364,330,805,DCA_01,0.8780855280658586,0.4260204457815866,MEDIUM,IN_PROGRESS
C2867,74445,148,863,DCA_02,0.6496411233537467,0.27381596018007437,LOW,RECOVERED
C2868,79645,105,720,DCA_02,0.5530173521504902,0.31237942746024194,MEDIUM,RECOVERED
C2869,3023,47,607,DCA_02,0.8941990551117646,0.38271603780990526,MEDIUM,IN_PROGRESS
C2870,60796,87,436,DCA_02,0.838903987561922,0.516509993208496,MEDIUM,RECOVERED
C2871,81073,309,718,DCA_01,0.7462082946376453,0.4260115431030985,MEDIUM,IN_PROGRESS
C2872,93197,129,494,DCA_02,0.8474711150608198,0.4265476068103442,MEDIUM,RECOVERED
C2873,65429,258,394,DCA_01,0.7407439363524584,0.5118572089348936,MEDIUM,IN_PROGRESS
C2874,62627,314,789,DCA_02,0.6202018992210474,0.3853706362542699,MEDIUM,RECOVERED
C2875,34848,147,557,DCA_02,0.8740247785270026,0.4356101328681583,MEDIUM,IN_PROGRESS
C2876,38804,72,324,DCA_02,0.8816238388580465,0.38934228890589306,MEDIUM,IN_PROGRESS
C2877,16379,140,531,DCA_01,0.5570875486448692,0.3881053495379919,MEDIUM,RECOVERED
C2878,60664,27,631,DCA_01,0.5771976672816653,0.32466528472024225,MEDIUM,RECOVERED
C2879,28766,29,520,DCA_01,0.5913602203827023,0.31713760052512396,MEDIUM,RECOVERED
C2880,69099,271,596,DCA_02,0.8110729758586207,0.5337033581834834,MEDIUM,RECOVERED
C2881,37060,174,502,DCA_01,0.7955728254215513,0.4470356633928275,MEDIUM,IN_PROGRESS
C2882,95733,253,642,DCA_02,0.8915575523780641,0.402272489047966,MEDIUM,RECOVERED
C2883,70122,60,892,DCA_02,0.63260683851618,0.1902716022404003,LOW,IN_PROGRESS
C2884,17087,107,504,DCA_02,0.7683835470337975,0.358964719577773,MEDIUM,IN_PROGRESS
C2885,49868,220,376,DCA_02,0.8283602349227375,0.5054101432944209,MEDIUM,RECOVERED
C2886,24225,259,849,DCA_02,0.5106152190669884,0.291660487938717,LOW,IN_PROGRESS
C2887,96286,146,341,DCA_02,0.7102777137558163,0.5308422424665669,MEDIUM,RECOVERED
C2888,7643,52,754,DCA_02,0.6738538381985995,0.1932990941440017,LOW,RECOVERED
C2889,94059,60,481,DCA_01,0.7714135025002,0.37289349741169464,MEDIUM,RECOVERED
C2890,37727,34,494,DCA_01,0.7477139913088346,0.32569693210679806,MEDIUM,IN_PROGRESS
C2891,12005,96,889,DCA_01,0.8063963054258187,0.27149205667427834,LOW,RECOVERED
C2892,66697,89,687,DCA_01,0.555572595175732,0.29750530554798094,LOW,IN_PROGRESS
C2893,17029,316,440,DCA_01,0.508178195836797,0.566286389685541,MEDIUM,RECOVERED
C2894,15226,231,326,DCA_01,0.8025993654537126,0.5351073454223753,MEDIUM,RECOVERED
C2895,64646,275,614,DCA_02,0.5802817155136151,0.43960132206491775,MEDIUM,IN_PROGRESS
C2896,61603,246,620,DCA_01,0.5437867789632893,0.4834409624981849,MEDIUM,IN_PROGRESS
C2897,29731,111,747,DCA_01,0.5684092627634347,0.27961660878906747,LOW,IN_PROGRESS
C2898,69926,234,592,DCA_01,0.4331769955255137,0.4126198106784209,MEDIUM,RECOVERED
C2899,6997,278,535,DCA_01,0.7865721730786338,0.5386063715978242,MEDIUM,IN_PROGRESS
C2900,56506,166,756,DCA_01,0.75757982927004,0.3163187875523039,MEDIUM,IN_PROGRESS
C2901,79229,128,366,DCA_02,0.6763462269143701,0.49589088026046146,MEDIUM,RECOVERED
C2902,50815,237,475,DCA_02,0.7580424899536047,0.48556213207802,MEDIUM,RECOVERED
C2903,43092,291,809,DCA_01,0.5865665833741476,0.38039384883425287,MEDIUM,IN_PROGRESS
C2904,63539,107,390,DCA_01,0.5476845380551898,0.4582486499714329,MEDIUM,IN_PROGRESS
C2905,67077,128,465,DCA_01,0.8311504946740729,0.47378186076632434,MEDIUM,RECOVERED
C2906,22817,195,737,DCA_01,0.6112272851446031,0.3811790692262237,MEDIUM,IN_PROGRESS
C2907,38861,339,350,DCA_02,0.4979560858923451,0.6747010880182696,HIGH,IN_PROGRESS
C2908,14428,143,565,DCA_01,0.7745219578061707,0.46840956249722865,MEDIUM,IN_PROGRESS
C2909,44934,111,820,DCA_02,0.5679359271430964,0.24235545521239665,LOW,RECOVERED
C2910,11258,90,386,DCA_01,0.5059256504498636,0.5402129513068765,MEDIUM,RECOVERED
C2911,58775,251,351,DCA_02,0.413607138857946,0.5943173597169324,MEDIUM,IN_PROGRESS
C2912,82580,280,478,DCA_01,0.8853008791407289,0.5404808193973176,MEDIUM,IN_PROGRESS
C2913,95947,333,577,DCA_02,0.6336446919738836,0.5088809190977548,MEDIUM,RECOVERED
C2914,6469,224,538,DCA_01,0.4808789365139698,0.39669948450696746,MEDIUM,IN_PROGRESS
C2915,29854,101,884,DCA_02,0.7789055797753648,0.1982849919583406,LOW,RECOVERED
C2916,7256,132,638,DCA_01,0.8438255640231482,0.3306334255899356,MEDIUM,IN_PROGRESS
C2917,77256,13,371,DCA_02,0.6639839962994306,0.36476814736951646,MEDIUM,RECOVERED
C2918,34937,98,673,DCA_01,0.4141797293922711,0.2624838372899969,LOW,RECOVERED
C2919,2651,120,879,DCA_01,0.5825714807006228,0.2898639142339392,LOW,RECOVERED
C2920,51288,293,816,DCA_01,0.5215508178158802,0.39013397006026207,MEDIUM,RECOVERED
C2921,85730,304,537,DCA_01,0.7181987349279823,0.5548366312519215,MEDIUM,IN_PROGRESS
C2922,26051,199,765,DCA_01,0.6594289008758514,0.38234952577888826,MEDIUM,IN_PROGRESS
C2923,28386,1,420,DCA_02,0.5778684218663352,0.3829192376898496,MEDIUM,IN_PROGRESS
C2924,76054,60,712,DCA_01,0.7242525690357687,0.2653006844953263,LOW,RECOVERED
C2925,17184,250,869,DCA_01,0.6922146410492007,0.31863178851826224,MEDIUM,RECOVERED
C2926,34787,140,342,DCA_02,0.8532450622301311,0.478071652494792,MEDIUM,RECOVERED
C2927,22621,149,803,DCA_02,0.6984014761400416,0.25113586020760525,LOW,IN_PROGRESS
C2928,76564,44,496,DCA_01,0.6538559423558159,0.37532696502586826,MEDIUM,RECOVERED
C2929,78984,186,371,DCA_02,0.8118350420770312,0.6060085392967274,HIGH,IN_PROGRESS
C2930,60792,108,390,DCA_01,0.5012098346303216,0.5104078156785015,MEDIUM,IN_PROGRESS
C2931,46253,44,848,DCA_02,0.5217823089195313,0.20913220934082954,LOW,RECOVERED
C2932,35051,78,790,DCA_02,0.7917865675539952,0.3270246314896911,MEDIUM,RECOVERED
C2933,50811,226,682,DCA_01,0.6211751135161693,0.3683831275644128,MEDIUM,RECOVERED
C2934,31447,162,765,DCA_02,0.6046179310462495,0.27599862088378957,LOW,IN_PROGRESS
C2935,84930,281,453,DCA_02,0.8435389772389025,0.549368093910011,MEDIUM,IN_PROGRESS
C2936,31254,253,469,DCA_01,0.7050545171465341,0.5314584185646292,MEDIUM,IN_PROGRESS
C2937,85045,132,571,DCA_01,0.8014545701999092,0.4247881439198966,MEDIUM,RECOVERED
C2938,58418,144,409,DCA_01,0.8049194353048432,0.4352967265783193,MEDIUM,RECOVERED
C2939,15472,266,450,DCA_02,0.4600133291558843,0.5034826360042105,MEDIUM,IN_PROGRESS
C2940,4471,109,730,DCA_02,0.7268511982348518,0.341699295262308,MEDIUM,RECOVERED
C2941,96804,194,750,DCA_02,0.8762581693530407,0.36524156093001003,MEDIUM,RECOVERED
C2942,9329,35,322,DCA_01,0.6400135448140386,0.5369711771311764,MEDIUM,IN_PROGRESS
C2943,35865,275,666,DCA_02,0.7660912127611677,0.41612426251917445,MEDIUM,IN_PROGRESS
C2944,47850,187,538,DCA_01,0.6833664499722565,0.46461988308165714,MEDIUM,RECOVERED
C2945,55220,243,733,DCA_01,0.5024229871204857,0.45165034232443224,MEDIUM,RECOVERED
C2946,94808,264,426,DCA_01,0.4975968228594544,0.6408337065020057,HIGH,IN_PROGRESS
C2947,7397,10,840,DCA_02,0.6169165825929863,0.24907624579067866,LOW,RECOVERED
C2948,98909,166,497,DCA_02,0.6414952869047119,0.39085070236027775,MEDIUM,IN_PROGRESS
C2949,36525,29,781,DCA_02,0.6515662213232356,0.20589439078640293,LOW,RECOVERED
C2950,54072,271,478,DCA_02,0.8775003787512763,0.5466705175474018,MEDIUM,IN_PROGRESS
C2951,91106,87,822,DCA_01,0.4501272720687382,0.23010911000925882,LOW,RECOVERED
C2952,84820,23,736,DCA_01,0.5902633671489144,0.28723696401807375,LOW,RECOVERED
C2953,85530,210,613,DCA_01,0.6572737175605101,0.3484676538054814,MEDIUM,RECOVERED
C2954,24284,46,318,DCA_02,0.881556369700451,0.47877932733247663,MEDIUM,RECOVERED
C2955,62330,28,459,DCA_01,0.6521574085035191,0.4433833432165498,MEDIUM,IN_PROGRESS
C2956,84369,26,421,DCA_02,0.787637860060447,0.4415579699407419,MEDIUM,IN_PROGRESS
C2957,26122,266,371,DCA_01,0.7746390540211097,0.596100513641812,MEDIUM,IN_PROGRESS
C2958,71553,175,354,DCA_02,0.683222024714236,0.5210660376513323,MEDIUM,IN_PROGRESS
C2959,82906,4,759,DCA_02,0.4653515509929917,0.21441852428179675,LOW,RECOVERED
C2960,95788,311,468,DCA_01,0.5093793549791301,0.6385648380639393,HIGH,RECOVERED
C2961,63812,322,881,DCA_01,0.5200701293107506,0.3558999391392397,MEDIUM,IN_PROGRESS
C2962,8999,67,448,DCA_02,0.4193298238275669,0.4036929963421171,MEDIUM,RECOVERED
C2963,23436,135,325,DCA_01,0.5896090049288953,0.46058596008651653,MEDIUM,IN_PROGRESS
C2964,43963,55,547,DCA_02,0.7052568611881174,0.31257530017273183,MEDIUM,IN_PROGRESS
C2965,3096,31,526,DCA_01,0.4721331493694896,0.3434767488319702,MEDIUM,IN_PROGRESS
C2966,26279,74,783,DCA_01,0.4875180048993314,0.24128882673806873,LOW,IN_PROGRESS
C2967,27201,19,309,DCA_01,0.7534931642013207,0.4815103302835798,MEDIUM,RECOVERED
C2968,20715,156,394,DCA_02,0.4846266944062818,0.4626106587385842,MEDIUM,IN_PROGRESS
C2969,30309,337,420,DCA_01,0.4676677888094783,0.6069677213922556,HIGH,RECOVERED
C2970,16078,156,425,DCA_02,0.888920943228214,0.44067036918871827,MEDIUM,RECOVERED
C2971,57614,147,848,DCA_01,0.407367640371764,0.2865558454788306,LOW,IN_PROGRESS
C2972,6105,87,368,DCA_02,0.5627040846771814,0.41779118220390843,MEDIUM,IN_PROGRESS
C2973,95848,20,596,DCA_02,0.4174683306953211,0.27629256159925175,LOW,IN_PROGRESS
C2974,3839,269,800,DCA_01,0.8190240967972928,0.33150663118045776,MEDIUM,RECOVERED
C2975,69920,333,344,DCA_02,0.6917678571337855,0.661215338076306,HIGH,IN_PROGRESS
C2976,44619,43,681,DCA_01,0.4239759264469113,0.3397490847058874,MEDIUM,IN_PROGRESS
C2977,43821,306,326,DCA_01,0.7076810770136002,0.6962209279894523,HIGH,IN_PROGRESS
C2978,14493,28,796,DCA_02,0.4615481963166434,0.2128264897306158,LOW,RECOVERED
C2979,18069,260,435,DCA_01,0.647866303861028,0.5167006463339003,MEDIUM,RECOVERED
C2980,8531,22,348,DCA_01,0.734706457271256,0.38447179519573826,MEDIUM,IN_PROGRESS
C2981,38051,101,806,DCA_01,0.4742535164170155,0.2597858247239715,LOW,RECOVERED
C2982,8736,39,420,DCA_01,0.6485252038729846,0.3202183119595795,MEDIUM,IN_PROGRESS
C2983,8710,290,516,DCA_01,0.6287054645385225,0.4925430230127914,MEDIUM,IN_PROGRESS
C2984,68155,353,825,DCA_02,0.8578752384616395,0.33008493867984645,MEDIUM,RECOVERED
C2985,14975,300,873,DCA_02,0.8978506972876527,0.35018548637840174,MEDIUM,RECOVERED
C2986,63424,170,342,DCA_01,0.7272372233158679,0.5870817875191978,MEDIUM,RECOVERED
C2987,46603,296,395,DCA_02,0.8274295778102134,0.545263502374927,MEDIUM,RECOVERED
C2988,24252,353,326,DCA_01,0.7234409787184668,0.5713271985516429,MEDIUM,RECOVERED
C2989,81797,130,541,DCA_02,0.8381431277154934,0.41270543764707934,MEDIUM,RECOVERED
C2990,2431,156,786,DCA_02,0.6166360259491489,0.23569622845115146,LOW,IN_PROGRESS
C2991,75603,74,539,DCA_01,0.7039949289168179,0.3528412248503211,MEDIUM,IN_PROGRESS
C2992,38481,342,603,DCA_01,0.8225847615767234,0.5711291361728066,MEDIUM,IN_PROGRESS
C2993,93573,90,366,DCA_02,0.8590428601104587,0.5252572581767085,MEDIUM,IN_PROGRESS
C2994,10557,67,580,DCA_02,0.4123413666585916,0.3521811652395038,MEDIUM,RECOVERED
C2995,75971,236,491,DCA_02,0.4519763461437723,0.4691930405005381,MEDIUM,IN_PROGRESS
C2996,1162,200,418,DCA_02,0.8655860306690635,0.509519917099424,MEDIUM,RECOVERED
C2997,35742,332,451,DCA_01,0.6842543848672658,0.613201692092705,HIGH,IN_PROGRESS
C2998,20675,227,691,DCA_02,0.8950960469669316,0.34268491824882563,MEDIUM,RECOVERED
C2999,74997,348,530,DCA_02,0.7963165213584436,0.509963849107039,MEDIUM,RECOVERED
C3000,18015,233,650,DCA_02,0.8090700918715722,0.4527361662592573,MEDIUM,RECOVERED
C3001,51057,266,870,DCA_01,0.5930612538255036,0.3658401802091059,MEDIUM,RECOVERED
C3002,33591,86,828,DCA_01,0.5287706939174995,0.2766979941222646,LOW,RECOVERED
C3003,94583,102,470,DCA_01,0.6991295869909402,0.36203546024406097,MEDIUM,RECOVERED
C3004,10833,214,431,DCA_02,0.8395160493174996,0.5077586758793228,MEDIUM,RECOVERED
C3005,8896,108,656,DCA_02,0.762849254354157,0.34597187350924263,MEDIUM,RECOVERED
C3006,33972,165,341,DCA_01,0.6360875700869726,0.47485780662456933,MEDIUM,IN_PROGRESS
C3007,50733,91,604,DCA_02,0.7766002380205193,0.3174250433136575,MEDIUM,RECOVERED
C3008,42800,192,305,DCA_02,0.7451988116037974,0.5413350899743442,MEDIUM,RECOVERED
C3009,97044,335,628,DCA_02,0.8565257124524646,0.4860428346154956,MEDIUM,RECOVERED
C3010,6347,86,469,DCA_01,0.5317786115657517,0.3751978191339742,MEDIUM,RECOVERED
C3011,60063,222,637,DCA_01,0.4596557296285048,0.3900067854338011,MEDIUM,RECOVERED
C3012,96850,363,368,DCA_01,0.6350255814861319,0.6397060357896361,HIGH,IN_PROGRESS
C3013,3643,101,838,DCA_01,0.5805404054310757,0.24487986752043567,LOW,RECOVERED
C3014,41785,226,806,DCA_01,0.8874305735334892,0.29302541999092613,LOW,RECOVERED
C3015,19681,364,785,DCA_02,0.4037520938331268,0.43208991686373854,MEDIUM,RECOVERED
C3016,51026,60,742,DCA_01,0.8666915309898982,0.2476738690628163,LOW,RECOVERED
C3017,16892,250,350,DCA_01,0.877539611249982,0.6383741521395674,HIGH,IN_PROGRESS
C3018,48299,48,448,DCA_01,0.425479188384228,0.3582732111514414,MEDIUM,RECOVERED
C3019,18073,117,886,DCA_01,0.8447849255728335,0.2185700980602373,LOW,RECOVERED
C3020,31682,227,391,DCA_01,0.6353894198157215,0.5539571554967451,MEDIUM,IN_PROGRESS
C3021,98798,362,667,DCA_02,0.7830753682269331,0.4705310425550857,MEDIUM,IN_PROGRESS
C3022,97894,33,879,DCA_02,0.4396277655674737,0.21412286264075608,LOW,RECOVERED
C3023,15289,44,375,DCA_02,0.8776027970590403,0.45942178748851126,MEDIUM,RECOVERED
C3024,8927,165,385,DCA_02,0.7037742375270322,0.5681175844235653,MEDIUM,RECOVERED
C3025,49330,345,526,DCA_02,0.8493471516597719,0.563617371162553,MEDIUM,RECOVERED
C3026,67707,292,662,DCA_01,0.7364815471049736,0.3814456282567784,MEDIUM,RECOVERED
C3027,78454,337,867,DCA_01,0.6684051470282042,0.35365980997347557,MEDIUM,RECOVERED
C3028,66428,344,891,DCA_02,0.4862478421632163,0.38633026411632354,MEDIUM,IN_PROGRESS
C3029,51601,287,323,DCA_01,0.4889770651044002,0.5450929282296975,MEDIUM,RECOVERED
C3030,78465,364,327,DCA_01,0.6362851459765146,0.6699330377457351,HIGH,IN_PROGRESS
C3031,3539,225,420,DCA_01,0.8352211078206886,0.4911544666734974,MEDIUM,IN_PROGRESS
C3032,23669,286,789,DCA_01,0.4576093389409281,0.35191882171038935,MEDIUM,IN_PROGRESS
C3033,71968,204,644,DCA_02,0.899192574812872,0.47344758598187087,MEDIUM,IN_PROGRESS
C3034,21644,172,330,DCA_01,0.8379561282507497,0.6002588613025834,HIGH,IN_PROGRESS
C3035,19745,12,526,DCA_02,0.5962793853323267,0.38447347406889976,MEDIUM,RECOVERED
C3036,29228,307,549,DCA_02,0.5265591653788826,0.5042226589745052,MEDIUM,IN_PROGRESS
C3037,35521,121,349,DCA_02,0.8609980475828272,0.5171467756456447,MEDIUM,RECOVERED
C3038,98239,244,688,DCA_01,0.4616058096183179,0.34361641621749317,MEDIUM,IN_PROGRESS
C3039,27928,152,587,DCA_02,0.5736449677095823,0.40309778676008345,MEDIUM,IN_PROGRESS
C3040,19322,152,890,DCA_01,0.4419561742469968,0.26752693082889145,LOW,RECOVERED
C3041,58714,188,774,DCA_02,0.8767311398656052,0.3122176138533136,MEDIUM,RECOVERED
C3042,88896,13,305,DCA_02,0.7088114743376936,0.3790008985610068,MEDIUM,RECOVERED
C3043,63292,91,711,DCA_01,0.5680898223367195,0.23876267425654651,LOW,IN_PROGRESS
C3044,30055,200,623,DCA_02,0.5377415826851971,0.42696007988399687,MEDIUM,IN_PROGRESS
C3045,43891,74,698,DCA_02,0.6220471467715124,0.27572913102026264,LOW,RECOVERED
C3046,82912,256,581,DCA_01,0.4456892385036354,0.4246415416010588,MEDIUM,IN_PROGRESS
C3047,7588,276,490,DCA_02,0.8446744651160412,0.5093553267092408,MEDIUM,IN_PROGRESS
C3048,91536,328,884,DCA_02,0.6554701884753635,0.44325054130052544,MEDIUM,IN_PROGRESS
C3049,7304,329,799,DCA_01,0.7625490623416522,0.39551051567948803,MEDIUM,RECOVERED
C3050,8345,71,879,DCA_01,0.516872920847216,0.21836934973914535,LOW,RECOVERED
C3051,30300,78,733,DCA_01,0.651874630438344,0.2530791729033387,LOW,RECOVERED
C3052,25259,284,362,DCA_01,0.5055430681634779,0.594535372355336,MEDIUM,IN_PROGRESS
C3053,92006,130,752,DCA_02,0.8080473073102985,0.25083842463798456,LOW,RECOVERED
C3054,89553,43,792,DCA_01,0.7876375049205195,0.2662258541722847,LOW,IN_PROGRESS
C3055,16352,8,741,DCA_02,0.4741011620981997,0.21475443668356908,LOW,RECOVERED
C3056,34365,13,606,DCA_01,0.4372534503680331,0.33756190466672553,MEDIUM,RECOVERED
C3057,20446,213,425,DCA_01,0.8120983682773598,0.5019222213976353,MEDIUM,RECOVERED
C3058,3336,111,564,DCA_02,0.4548239523696319,0.3829100515453757,MEDIUM,RECOVERED
C3059,63032,291,306,DCA_02,0.6742419903426677,0.6535814554803399,HIGH,IN_PROGRESS
C3060,76415,23,712,DCA_01,0.6672436489657034,0.21436676879166516,LOW,RECOVERED
C3061,98852,302,505,DCA_01,0.5014720340660781,0.5518755328866904,MEDIUM,RECOVERED
C3062,99876,254,478,DCA_02,0.6956782329423914,0.5092527089169927,MEDIUM,IN_PROGRESS
C3063,8521,15,767,DCA_02,0.6513776037323016,0.2712830480508812,LOW,RECOVERED
C3064,72707,130,795,DCA_01,0.6545946111865695,0.30282821209791566,MEDIUM,RECOVERED
C3065,24481,61,742,DCA_01,0.5798499882123346,0.2479152997466023,LOW,IN_PROGRESS
C3066,19474,115,527,DCA_02,0.8192142784625837,0.3456178607316651,MEDIUM,RECOVERED
C3067,47760,320,445,DCA_02,0.4421852814341247,0.5440514735706267,MEDIUM,RECOVERED
C3068,56718,308,869,DCA_02,0.6193115239243348,0.41167156365394075,MEDIUM,IN_PROGRESS
C3069,45629,325,595,DCA_01,0.5299081790822598,0.5261933886926191,MEDIUM,RECOVERED
C3070,46232,67,540,DCA_01,0.8242166259810907,0.3817668784025231,MEDIUM,RECOVERED
C3071,87544,249,586,DCA_02,0.5125402420262768,0.4195837341433726,MEDIUM,RECOVERED
C3072,68169,175,325,DCA_01,0.7835124117829,0.6120034962200376,HIGH,IN_PROGRESS
C3073,51669,339,751,DCA_01,0.7057576611961014,0.44156839625665234,MEDIUM,RECOVERED
C3074,79021,2,405,DCA_01,0.8373951276900147,0.3499188206856999,MEDIUM,RECOVERED
C3075,70184,172,539,DCA_02,0.6968969714605385,0.44015786933387124,MEDIUM,IN_PROGRESS
C3076,48945,334,717,DCA_02,0.678242183201757,0.42390801691984326,MEDIUM,IN_PROGRESS
C3077,14140,284,631,DCA_01,0.8005649697907565,0.46966114948818916,MEDIUM,RECOVERED
C3078,84457,54,341,DCA_02,0.6812432332491152,0.5142086391830356,MEDIUM,RECOVERED
C3079,15357,67,855,DCA_01,0.8222710294900191,0.2201294418658657,LOW,RECOVERED
C3080,69673,102,334,DCA_02,0.4246590149045588,0.5713459909814385,MEDIUM,RECOVERED
C3081,66633,120,646,DCA_01,0.6475749268302621,0.2974058343166317,LOW,IN_PROGRESS
C3082,77943,191,683,DCA_01,0.8063457566888714,0.3682824144956419,MEDIUM,RECOVERED
C3083,97111,304,812,DCA_02,0.8241825734577674,0.3872790263262341,MEDIUM,RECOVERED
C3084,79258,47,587,DCA_01,0.8170276887046837,0.3429497933454916,MEDIUM,IN_PROGRESS
C3085,13924,222,332,DCA_01,0.7021906598057819,0.5884679863948027,MEDIUM,IN_PROGRESS
C3086,70286,21,394,DCA_01,0.8969856710700508,0.4331488015494428,MEDIUM,RECOVERED
C3087,94269,158,504,DCA_01,0.4906931539028406,0.42278528332407317,MEDIUM,RECOVERED
C3088,75071,348,329,DCA_01,0.4872287896937674,0.6682389084458411,HIGH,IN_PROGRESS
C3089,58326,159,565,DCA_01,0.4164113372622541,0.41955146711480673,MEDIUM,IN_PROGRESS
C3090,91023,235,322,DCA_01,0.8946685881278114,0.6118642308696325,HIGH,IN_PROGRESS
C3091,31651,150,338,DCA_02,0.5740102537778354,0.5540756946868488,MEDIUM,RECOVERED
C3092,71202,257,472,DCA_01,0.781027089769385,0.4589756180183545,MEDIUM,RECOVERED
C3093,49777,165,712,DCA_01,0.4298551563877397,0.3573673880526196,MEDIUM,RECOVERED
C3094,17994,77,713,DCA_01,0.5493440531649783,0.24977126299857844,LOW,RECOVERED
C3095,68263,85,508,DCA_02,0.7119236706974508,0.4253289842014,MEDIUM,IN_PROGRESS
C3096,60634,46,321,DCA_01,0.6623900480496325,0.4500676510368493,MEDIUM,IN_PROGRESS
C3097,11800,47,304,DCA_01,0.503874119847943,0.49037874936276504,MEDIUM,IN_PROGRESS
C3098,38823,213,513,DCA_02,0.630796456396089,0.5134552658009653,MEDIUM,IN_PROGRESS
C3099,64878,59,438,DCA_01,0.454390995935923,0.475941423155933,MEDIUM,IN_PROGRESS
C3100,19708,54,894,DCA_02,0.671351736124752,0.17111978304747055,LOW,RECOVERED
C3101,13819,342,616,DCA_02,0.4484707215275351,0.4788774291361171,MEDIUM,IN_PROGRESS
C3102,75905,12,875,DCA_01,0.7179677287797563,0.24929789763883292,LOW,RECOVERED
C3103,64870,192,455,DCA_01,0.4776787890401059,0.5773569767089202,MEDIUM,IN_PROGRESS
C3104,10283,6,723,DCA_01,0.6735429461339795,0.24507740047707383,LOW,RECOVERED
C3105,31573,309,799,DCA_02,0.4645603399116097,0.39416872875603004,MEDIUM,RECOVERED
C3106,79707,144,390,DCA_01,0.6003552168357669,0.49410943044482025,MEDIUM,RECOVERED
C3107,31933,346,341,DCA_02,0.5759157723932296,0.6650074693256285,HIGH,RECOVERED
C3108,6774,261,594,DCA_01,0.7782053499165096,0.4409724314206138,MEDIUM,IN_PROGRESS
C3109,73055,73,636,DCA_02,0.7205808223071308,0.3049123022184417,MEDIUM,RECOVERED
C3110,11983,174,300,DCA_01,0.8685444102014952,0.5860556967677462,MEDIUM,IN_PROGRESS
C3111,97468,232,408,DCA_01,0.8609553259759322,0.5760614944237201,MEDIUM,RECOVERED
C3112,97334,270,424,DCA_02,0.7624980142806814,0.5926574528350108,MEDIUM,IN_PROGRESS
C3113,19133,362,363,DCA_01,0.7852928702948959,0.5570405921527621,MEDIUM,RECOVERED
C3114,15939,222,505,DCA_02,0.7124562082885423,0.4634920980367443,MEDIUM,RECOVERED
C3115,1781,52,714,DCA_01,0.7458316153723598,0.28512821219656725,LOW,RECOVERED
C3116,57700,116,543,DCA_02,0.7086111843167142,0.43548121402078666,MEDIUM,IN_PROGRESS
C3117,28624,26,889,DCA_02,0.5558825156506957,0.23024752984254915,LOW,RECOVERED
C3118,7823,53,515,DCA_01,0.5753447912690188,0.40208475828463297,MEDIUM,IN_PROGRESS
C3119,19489,29,827,DCA_02,0.6873669139848111,0.21867409290052586,LOW,RECOVERED
C3120,40961,19,865,DCA_01,0.7600884636974081,0.18803161324838036,LOW,IN_PROGRESS
C3121,30118,303,679,DCA_01,0.6030595229828881,0.5069687665107088,MEDIUM,IN_PROGRESS
C3122,82816,279,378,DCA_01,0.4713339004133773,0.5259557068468934,MEDIUM,RECOVERED
C3123,23263,117,714,DCA_01,0.6297085841763034,0.30096977178252937,MEDIUM,RECOVERED
C3124,14565,106,752,DCA_02,0.8815939102675279,0.32161451151794473,MEDIUM,RECOVERED
C3125,21354,309,448,DCA_02,0.5070434339586871,0.5526918409302475,MEDIUM,IN_PROGRESS
C3126,43951,227,337,DCA_01,0.724534543480397,0.5814627656468568,MEDIUM,IN_PROGRESS
C3127,92179,352,456,DCA_01,0.891270899081832,0.5835517223073365,MEDIUM,IN_PROGRESS
C3128,24648,186,632,DCA_02,0.5881188597303149,0.37059255094939403,MEDIUM,RECOVERED
C3129,51729,261,587,DCA_02,0.8439418044208014,0.41028255690745086,MEDIUM,RECOVERED
C3130,42971,16,411,DCA_02,0.8320043585880107,0.4464177753697516,MEDIUM,IN_PROGRESS
C3131,19658,273,390,DCA_02,0.5695224795126018,0.5850034467534957,MEDIUM,RECOVERED
C3132,22253,160,348,DCA_02,0.449258662557887,0.5110073869450382,MEDIUM,IN_PROGRESS
C3133,65166,358,460,DCA_01,0.4892695772833925,0.5648054784032344,MEDIUM,RECOVERED
C3134,49563,250,815,DCA_02,0.5828745890507278,0.3512499258013102,MEDIUM,RECOVERED
C3135,27390,224,701,DCA_02,0.8795671544726364,0.29884381273237426,LOW,IN_PROGRESS
C3136,89664,256,619,DCA_01,0.5372250725240486,0.50185266484658,MEDIUM,IN_PROGRESS
C3137,52578,180,663,DCA_01,0.8634323729635829,0.4453975428442949,MEDIUM,RECOVERED
C3138,80025,20,741,DCA_02,0.4906823428085572,0.22674779595725014,LOW,IN_PROGRESS
C3139,33658,112,774,DCA_01,0.8849062128456009,0.31692186680221424,MEDIUM,IN_PROGRESS
C3140,7852,120,611,DCA_01,0.5468022676989985,0.36699877334115805,MEDIUM,IN_PROGRESS
C3141,95986,194,831,DCA_02,0.7165461317206028,0.2973392716063299,LOW,RECOVERED
C3142,3551,111,888,DCA_01,0.4348456122352665,0.20855876469210366,LOW,RECOVERED
C3143,72947,210,519,DCA_02,0.5498320855936574,0.4610451986438465,MEDIUM,RECOVERED
C3144,62001,1,796,DCA_02,0.5053552031891919,0.2187373528310943,LOW,IN_PROGRESS
C3145,50159,58,642,DCA_02,0.4017083343419461,0.3072198039103572,MEDIUM,RECOVERED
C3146,52707,93,393,DCA_01,0.4783848938586621,0.4577440967953921,MEDIUM,IN_PROGRESS
C3147,34243,221,432,DCA_01,0.6965518249185955,0.5092345110019854,MEDIUM,IN_PROGRESS
C3148,22800,211,800,DCA_01,0.5949600866023295,0.3705362019438396,MEDIUM,RECOVERED
C3149,76939,232,471,DCA_02,0.7612854906857175,0.5314103777175976,MEDIUM,IN_PROGRESS
C3150,58828,262,308,DCA_01,0.7355373001535036,0.6128041310788387,HIGH,IN_PROGRESS
C3151,8239,364,620,DCA_01,0.7996497545039594,0.4761351265527647,MEDIUM,RECOVERED
C3152,7710,103,397,DCA_01,0.8335125115163147,0.4013196238313146,MEDIUM,IN_PROGRESS
C3153,22384,50,468,DCA_01,0.809912751561831,0.3054838700623308,MEDIUM,RECOVERED
C3154,22038,110,610,DCA_02,0.6240304198591924,0.32152214242103516,MEDIUM,RECOVERED
C3155,41846,88,642,DCA_02,0.5543638651827538,0.2888328235262986,LOW,RECOVERED
C3156,88983,20,729,DCA_02,0.6511512314842358,0.2248128525573604,LOW,RECOVERED
C3157,68821,14,855,DCA_02,0.667564253319021,0.22024180175059427,LOW,RECOVERED
C3158,38991,133,799,DCA_01,0.5565872584709446,0.2807453364396598,LOW,RECOVERED
C3159,80057,296,584,DCA_01,0.6700032725698841,0.48215789136229825,MEDIUM,RECOVERED
C3160,7971,34,559,DCA_01,0.4528898260823158,0.38999348572663084,MEDIUM,IN_PROGRESS
C3161,30139,208,794,DCA_02,0.515520897507644,0.29637277621426217,LOW,RECOVERED
C3162,86445,301,654,DCA_01,0.7730240434452778,0.5136755090928908,MEDIUM,IN_PROGRESS
C3163,78067,199,513,DCA_02,0.49141611416187,0.49800654434143354,MEDIUM,IN_PROGRESS
C3164,81257,80,499,DCA_01,0.4695189241217001,0.35311838059639966,MEDIUM,RECOVERED
C3165,85742,71,535,DCA_02,0.5436715956603817,0.38320450848120813,MEDIUM,RECOVERED
C3166,38711,155,435,DCA_01,0.5855245583806266,0.43860286751885724,MEDIUM,RECOVERED
C3167,7530,78,721,DCA_02,0.5642743422241077,0.30709349622918225,MEDIUM,RECOVERED
C3168,12116,78,640,DCA_02,0.5873026924322025,0.3452956342196467,MEDIUM,RECOVERED
C3169,66794,172,641,DCA_02,0.4699561714488042,0.3610056494587117,MEDIUM,IN_PROGRESS
C3170,1282,289,829,DCA_02,0.4826975789871435,0.2863652525884025,LOW,IN_PROGRESS
C3171,80473,33,687,DCA_02,0.5179174897987873,0.30624693653046764,MEDIUM,RECOVERED
C3172,2898,300,303,DCA_01,0.6009960087266562,0.6297352106806781,HIGH,IN_PROGRESS
C3173,5135,276,698,DCA_01,0.5679495508092183,0.47607138396416493,MEDIUM,RECOVERED
C3174,7629,7,721,DCA_02,0.7956674657133047,0.23739975037006444,LOW,IN_PROGRESS
C3175,86120,160,710,DCA_01,0.6627589566315379,0.302705638294992,MEDIUM,RECOVERED
C3176,90087,240,512,DCA_02,0.6878505135230677,0.47114726343058455,MEDIUM,IN_PROGRESS
C3177,66031,24,859,DCA_01,0.68029646720195,0.18020530578090777,LOW,RECOVERED
C3178,34380,214,857,DCA_02,0.5993875292811484,0.3087442534301792,MEDIUM,RECOVERED
C3179,18071,70,857,DCA_01,0.8902416493932168,0.20158378699537427,LOW,RECOVERED
C3180,21074,216,347,DCA_01,0.4186643885727472,0.5991171597963458,MEDIUM,RECOVERED
C3181,91724,104,486,DCA_02,0.5079188890548888,0.3969914238497022,MEDIUM,RECOVERED
C3182,68843,215,801,DCA_02,0.5423273493275367,0.3010001825416553,MEDIUM,RECOVERED
C3183,40901,54,830,DCA_01,0.840649033335755,0.23743740341485475,LOW,RECOVERED
C3184,12205,294,774,DCA_01,0.8594345679020774,0.45714214605075243,MEDIUM,RECOVERED
C3185,56661,330,341,DCA_02,0.8230519099071981,0.6331040043621123,HIGH,IN_PROGRESS
C3186,6906,336,560,DCA_02,0.6084754905368446,0.5529347308775108,MEDIUM,RECOVERED
C3187,3591,203,347,DCA_02,0.8573119448700884,0.4695379267679173,MEDIUM,IN_PROGRESS
C3188,63987,288,885,DCA_02,0.4492540481109469,0.3040508291819486,MEDIUM,RECOVERED
C3189,64370,45,745,DCA_01,0.7262173501411525,0.29287083989118967,LOW,RECOVERED
C3190,81685,317,520,DCA_01,0.8686118887907623,0.4514543781961312,MEDIUM,RECOVERED
C3191,55400,198,642,DCA_01,0.7774499200360507,0.4144282712130474,MEDIUM,RECOVERED
C3192,26150,216,537,DCA_01,0.5389335843011182,0.5015100940339943,MEDIUM,IN_PROGRESS
C3193,32852,309,454,DCA_02,0.7587529088839922,0.5836675123425155,MEDIUM,RECOVERED
C3194,43870,332,355,DCA_02,0.5473816847813319,0.6319821579240826,HIGH,IN_PROGRESS
C3195,53756,184,686,DCA_02,0.455791057105036,0.3676919675725956,MEDIUM,RECOVERED
C3196,57481,27,614,DCA_02,0.7586107669168795,0.2984699284332155,LOW,RECOVERED
C3197,2283,166,337,DCA_01,0.4896133218569733,0.5032126132899907,MEDIUM,RECOVERED
C3198,34691,318,640,DCA_02,0.4555324694078457,0.4379585208962109,MEDIUM,RECOVERED
C3199,2125,274,530,DCA_02,0.675880027324243,0.5288458227348154,MEDIUM,IN_PROGRESS
C3200,68065,103,751,DCA_02,0.7103126294654265,0.2707311539548011,LOW,RECOVERED
C3201,27170,333,641,DCA_01,0.4255281422282127,0.4560072760013869,MEDIUM,RECOVERED
C3202,9438,104,752,DCA_01,0.4022344439995683,0.2723092485958031,LOW,RECOVERED
C3203,21095,245,556,DCA_02,0.841035165196576,0.4013150960347136,MEDIUM,IN_PROGRESS
C3204,17154,305,733,DCA_02,0.4576262804815215,0.4332479784937716,MEDIUM,IN_PROGRESS
C3205,9004,169,508,DCA_01,0.6919490263998277,0.504118876431114,MEDIUM,RECOVERED
C3206,10752,116,500,DCA_02,0.8767731237104457,0.4613419484358321,MEDIUM,IN_PROGRESS
C3207,56426,141,436,DCA_02,0.65595505795521,0.44204684927987825,MEDIUM,IN_PROGRESS
C3208,27819,356,864,DCA_02,0.4698990045888552,0.3706943556257637,MEDIUM,RECOVERED
C3209,93051,125,693,DCA_01,0.5967422516110574,0.3012827336836995,MEDIUM,IN_PROGRESS
C3210,25217,25,895,DCA_02,0.7120210739222415,0.15439577137387872,LOW,RECOVERED
C3211,89708,194,335,DCA_02,0.7814198185346029,0.5245368042297647,MEDIUM,RECOVERED
C3212,33994,100,514,DCA_01,0.7034689972852652,0.4279210708531458,MEDIUM,IN_PROGRESS
C3213,16036,5,326,DCA_01,0.4171578672508489,0.42571247068186824,MEDIUM,RECOVERED
C3214,78275,19,317,DCA_01,0.4715514326324715,0.3871717700359001,MEDIUM,IN_PROGRESS
C3215,98756,170,436,DCA_02,0.5859008443974968,0.5653604279584338,MEDIUM,IN_PROGRESS
C3216,50416,274,878,DCA_01,0.7528568426629894,0.36620077562654674,MEDIUM,RECOVERED
C3217,10587,254,329,DCA_01,0.6921639874736023,0.5257992526005726,MEDIUM,RECOVERED
C3218,96665,121,372,DCA_02,0.4223474917985255,0.5576652519632941,MEDIUM,RECOVERED
C3219,1645,32,422,DCA_02,0.7984429538019442,0.3635912023842425,MEDIUM,RECOVERED
C3220,31930,149,527,DCA_01,0.7025622156778821,0.4081129076050771,MEDIUM,RECOVERED
C3221,82835,266,637,DCA_02,0.8435750177504607,0.4247204791524998,MEDIUM,RECOVERED
C3222,31090,37,572,DCA_02,0.6088265493825392,0.37663706865493596,MEDIUM,IN_PROGRESS
C3223,88489,177,736,DCA_02,0.6451008904187738,0.2834581081950055,LOW,RECOVERED
C3224,53142,342,338,DCA_02,0.6027753848177051,0.6945161532701389,HIGH,IN_PROGRESS
C3225,27475,13,725,DCA_02,0.7612272647545089,0.24770300621561248,LOW,RECOVERED
C3226,19888,183,614,DCA_02,0.7760654279307837,0.32448757591672917,MEDIUM,RECOVERED
C3227,44732,145,808,DCA_01,0.7616211970239546,0.265070797578696,LOW,IN_PROGRESS
C3228,82623,265,456,DCA_01,0.5457996499271688,0.5624942754864113,MEDIUM,RECOVERED
C3229,47305,88,556,DCA_01,0.7180157685215766,0.4524067982280714,MEDIUM,IN_PROGRESS
C3230,47037,46,755,DCA_01,0.569264083071922,0.20720540483179917,LOW,IN_PROGRESS
C3231,10346,119,346,DCA_01,0.817100205932192,0.5241392440677923,MEDIUM,RECOVERED
C3232,1587,19,631,DCA_02,0.4275580811456362,0.29144412690586097,LOW,RECOVERED
C3233,13763,220,309,DCA_02,0.4188603763462213,0.5813499426978206,MEDIUM,IN_PROGRESS
C3234,60165,233,443,DCA_01,0.4508542122712966,0.5423947597156344,MEDIUM,RECOVERED
C3235,70615,94,730,DCA_02,0.5011815972315949,0.29434719983128743,LOW,RECOVERED
C3236,37116,251,451,DCA_01,0.418817679542467,0.4939630702200791,MEDIUM,IN_PROGRESS
C3237,86751,250,786,DCA_01,0.4358083446056735,0.3285671407570482,MEDIUM,RECOVERED
C3238,92353,282,435,DCA_01,0.5530282463673237,0.5387893718089154,MEDIUM,RECOVERED
C3239,91301,232,886,DCA_01,0.4498953408926279,0.25054862660748356,LOW,RECOVERED
C3240,96648,46,325,DCA_02,0.8010368883373955,0.37942349749805826,MEDIUM,RECOVERED
C3241,26556,46,306,DCA_02,0.4269336944803154,0.5441736391881546,MEDIUM,IN_PROGRESS
C3242,60042,14,890,DCA_02,0.853964723442718,0.22742794022844404,LOW,IN_PROGRESS
C3243,19099,85,314,DCA_01,0.835419771970487,0.4339013937163242,MEDIUM,RECOVERED
C3244,46096,319,731,DCA_01,0.50419218294032,0.38200278864406034,MEDIUM,IN_PROGRESS
C3245,72986,328,699,DCA_02,0.4357635263846036,0.43902632739590164,MEDIUM,IN_PROGRESS
C3246,14230,3,506,DCA_02,0.4527675225778615,0.289976214261372,LOW,IN_PROGRESS
C3247,30009,28,900,DCA_01,0.6795441183321467,0.18341752046609083,LOW,RECOVERED
C3248,71969,157,515,DCA_01,0.7004578699924391,0.5018440522629813,MEDIUM,RECOVERED
C3249,34866,343,801,DCA_02,0.5577913930379013,0.38548503470916395,MEDIUM,IN_PROGRESS
C3250,85246,333,758,DCA_02,0.5484168341484004,0.5128787827550417,MEDIUM,IN_PROGRESS
C3251,77975,332,558,DCA_01,0.6657506342431926,0.5370052141651638,MEDIUM,RECOVERED
C3252,42855,175,628,DCA_02,0.5528140220335946,0.34694011088376686,MEDIUM,IN_PROGRESS
C3253,82557,114,753,DCA_01,0.8671597472943086,0.22644737983741248,LOW,IN_PROGRESS
C3254,7416,331,674,DCA_01,0.5913158894515449,0.3843992732751633,MEDIUM,RECOVERED
C3255,73516,250,763,DCA_01,0.509906874387265,0.39810914177037937,MEDIUM,RECOVERED
C3256,56915,59,374,DCA_02,0.4729824232684897,0.35986751521903015,MEDIUM,RECOVERED
C3257,19058,203,541,DCA_01,0.7158540966963772,0.45863777905928305,MEDIUM,IN_PROGRESS
C3258,77637,315,316,DCA_01,0.563330807982308,0.6338644429407888,HIGH,IN_PROGRESS
C3259,41718,239,558,DCA_01,0.4943974162923873,0.4187341711773077,MEDIUM,RECOVERED
C3260,33602,234,422,DCA_02,0.5379077623174966,0.5559556176815419,MEDIUM,IN_PROGRESS
C3261,75658,303,610,DCA_02,0.5539407865302266,0.45793830142367087,MEDIUM,IN_PROGRESS
C3262,79112,95,410,DCA_01,0.7129167354802294,0.43932575656332606,MEDIUM,RECOVERED
C3263,59067,141,555,DCA_01,0.4873407501275152,0.3835190027988423,MEDIUM,IN_PROGRESS
C3264,28516,334,533,DCA_01,0.7664018825578612,0.6028034282213124,HIGH,RECOVERED
C3265,88969,113,796,DCA_01,0.55244113403966,0.2342108733444862,LOW,RECOVERED
C3266,2089,109,339,DCA_02,0.6441547953158901,0.5549635619781206,MEDIUM,IN_PROGRESS
C3267,38346,362,421,DCA_01,0.7274195049335508,0.5289986888818637,MEDIUM,RECOVERED
C3268,75663,345,749,DCA_01,0.6718100535973849,0.44597874767278467,MEDIUM,RECOVERED
C3269,11487,289,818,DCA_02,0.7311167709774862,0.34078703509663855,MEDIUM,RECOVERED
C3270,1155,97,391,DCA_02,0.5612977519175063,0.46269046482091214,MEDIUM,RECOVERED
C3271,68494,335,660,DCA_01,0.8817249596325001,0.5304467593253732,MEDIUM,RECOVERED
C3272,77229,16,422,DCA_02,0.6294948608044673,0.39510595434149776,MEDIUM,IN_PROGRESS
C3273,39547,44,636,DCA_02,0.5609668048991923,0.3316668431391214,MEDIUM,RECOVERED
C3274,29795,230,812,DCA_01,0.5481969806188031,0.3101633297825491,MEDIUM,RECOVERED
C3275,56296,108,727,DCA_02,0.4213474848283241,0.29921863903979395,LOW,RECOVERED
C3276,22447,217,732,DCA_01,0.7424029345112075,0.4303530221198272,MEDIUM,IN_PROGRESS
C3277,37598,260,306,DCA_01,0.5312576385719853,0.5981672503033068,MEDIUM,RECOVERED
C3278,42814,312,419,DCA_02,0.8794651031612883,0.5967444751844545,MEDIUM,IN_PROGRESS
C3279,91751,320,686,DCA_01,0.5052223726883959,0.39056808495304485,MEDIUM,IN_PROGRESS
C3280,76330,196,649,DCA_02,0.6647455968426854,0.32212639926134756,MEDIUM,RECOVERED
C3281,99745,95,397,DCA_01,0.7677353499172122,0.4675280221305933,MEDIUM,IN_PROGRESS
C3282,88960,56,342,DCA_01,0.8350576474105037,0.4311688141760862,MEDIUM,IN_PROGRESS
C3283,64278,32,482,DCA_02,0.4782304464111132,0.41250461864683163,MEDIUM,IN_PROGRESS
C3284,56077,231,864,DCA_02,0.8927007702485166,0.36462861332719976,MEDIUM,RECOVERED
C3285,72906,9,534,DCA_02,0.8533744926588409,0.32124214344909297,MEDIUM,RECOVERED
C3286,10528,191,745,DCA_01,0.8814248831137661,0.3371089990359113,MEDIUM,IN_PROGRESS
C3287,94812,361,499,DCA_01,0.8263353797708198,0.5468415231337984,MEDIUM,IN_PROGRESS
C3288,51100,200,812,DCA_02,0.8388346140167824,0.3093314312209673,MEDIUM,RECOVERED
C3289,9179,334,825,DCA_01,0.6994144579565815,0.38995747998676455,MEDIUM,RECOVERED
C3290,49781,161,512,DCA_02,0.8226550315586911,0.39384837550397833,MEDIUM,IN_PROGRESS
C3291,56267,87,677,DCA_01,0.6670066789316486,0.3391619334857393,MEDIUM,RECOVERED
C3292,83379,21,845,DCA_02,0.6691085853065825,0.22712527642569857,LOW,RECOVERED
C3293,24952,311,785,DCA_02,0.6812900459504962,0.44208305146312044,MEDIUM,RECOVERED
C3294,54798,76,660,DCA_01,0.8981589624515267,0.25702212525656776,LOW,IN_PROGRESS
C3295,99696,141,467,DCA_02,0.4521974200688115,0.4579135857947134,MEDIUM,IN_PROGRESS
C3296,51939,126,893,DCA_02,0.8028049892479099,0.2992807191677327,LOW,RECOVERED
C3297,30516,251,703,DCA_01,0.5366562615610838,0.3432778886347527,MEDIUM,RECOVERED
C3298,57526,84,436,DCA_02,0.5806135412988711,0.3446659157291926,MEDIUM,RECOVERED
C3299,11449,48,532,DCA_01,0.440266628653014,0.3928913516783129,MEDIUM,IN_PROGRESS
C3300,51290,78,414,DCA_01,0.5757868906920348,0.3720956259982561,MEDIUM,RECOVERED
C3301,87661,30,551,DCA_01,0.8953813485683542,0.35620129969816783,MEDIUM,RECOVERED
C3302,73954,285,792,DCA_01,0.5985346309140178,0.4199658029373493,MEDIUM,IN_PROGRESS
C3303,23746,136,588,DCA_01,0.7348439599861234,0.3099556878099792,MEDIUM,RECOVERED
C3304,68990,140,348,DCA_02,0.4603565940807689,0.5129802526384939,MEDIUM,RECOVERED
C3305,59810,41,751,DCA_02,0.8612486048743386,0.24539506032816805,LOW,RECOVERED
C3306,84297,282,815,DCA_01,0.8138726899733995,0.2865138673961486,LOW,RECOVERED
C3307,16223,50,571,DCA_01,0.5931471520984732,0.36391197208482373,MEDIUM,RECOVERED
C3308,73237,258,730,DCA_01,0.5742316663363828,0.36155568500889024,MEDIUM,RECOVERED
C3309,3597,311,325,DCA_01,0.6161335017567557,0.5630830925614271,MEDIUM,IN_PROGRESS
C3310,66677,360,369,DCA_02,0.6006290914272494,0.6637095361700797,HIGH,IN_PROGRESS
C3311,3659,270,592,DCA_01,0.5290254023739457,0.5150859177373996,MEDIUM,IN_PROGRESS
C3312,87516,134,705,DCA_02,0.8954231370830064,0.31741420673241905,MEDIUM,RECOVERED
C3313,75567,234,533,DCA_02,0.8052732278523695,0.5415502739846816,MEDIUM,RECOVERED
C3314,16037,128,530,DCA_01,0.533961629753775,0.3614441868173205,MEDIUM,RECOVERED
C3315,47738,104,562,DCA_02,0.8908624005134644,0.36504004143428637,MEDIUM,RECOVERED
C3316,72678,254,885,DCA_02,0.4077650690234397,0.30532588627417856,MEDIUM,RECOVERED
C3317,13109,95,420,DCA_02,0.6189488183647087,0.40787102806535414,MEDIUM,IN_PROGRESS
C3318,23010,337,762,DCA_01,0.6847425985306088,0.3961532318311669,MEDIUM,RECOVERED
C3319,9787,217,817,DCA_01,0.4187933110558223,0.35445366549500634,MEDIUM,RECOVERED
C3320,9472,61,323,DCA_01,0.4805185953519007,0.40103567651920724,MEDIUM,IN_PROGRESS
C3321,24383,268,676,DCA_01,0.5290655410926485,0.40948177366713456,MEDIUM,RECOVERED
C3322,62709,241,799,DCA_01,0.7601135288531465,0.40480423271420163,MEDIUM,RECOVERED
C3323,70785,13,736,DCA_01,0.8698717644326377,0.2469610182414963,LOW,RECOVERED
C3324,35518,147,798,DCA_02,0.7122675434339658,0.28792757942988734,LOW,RECOVERED
C3325,54909,240,473,DCA_01,0.681330795505146,0.5636717520955198,MEDIUM,RECOVERED
C3326,19351,89,899,DCA_02,0.6683795599878986,0.2487053603717465,LOW,IN_PROGRESS
C3327,70624,95,808,DCA_02,0.5753518249055009,0.2513380820561497,LOW,IN_PROGRESS
C3328,54330,315,609,DCA_01,0.8138571730685986,0.5522639947418846,MEDIUM,RECOVERED
C3329,16282,293,369,DCA_02,0.6703837191181297,0.6349394743285397,HIGH,IN_PROGRESS
C3330,85866,25,504,DCA_01,0.5150515896618614,0.3611669380500714,MEDIUM,RECOVERED
C3331,22778,272,640,DCA_02,0.4684156040820391,0.4366356889450792,MEDIUM,RECOVERED
C3332,25264,166,331,DCA_01,0.8927562574309346,0.4560407562952775,MEDIUM,RECOVERED
C3333,60675,250,342,DCA_01,0.4087366075110009,0.5329730783951346,MEDIUM,IN_PROGRESS
C3334,6075,87,417,DCA_01,0.8667200149949025,0.43419265502723614,MEDIUM,IN_PROGRESS
C3335,76948,142,314,DCA_02,0.5091516505901554,0.578244472492672,MEDIUM,RECOVERED
C3336,49454,134,621,DCA_01,0.7287747663408238,0.40571121912585895,MEDIUM,IN_PROGRESS
C3337,29365,279,636,DCA_01,0.5507662627990657,0.4587012930102511,MEDIUM,IN_PROGRESS
C3338,73766,126,831,DCA_01,0.8299052059399079,0.21848065680068252,LOW,RECOVERED
C3339,49200,316,890,DCA_02,0.6717226610908043,0.32539371463248046,MEDIUM,RECOVERED
C3340,12002,141,680,DCA_02,0.4705288779908645,0.2890520416832696,LOW,RECOVERED
C3341,14947,356,810,DCA_02,0.5349175002245503,0.49206221366221603,MEDIUM,IN_PROGRESS
C3342,80222,103,419,DCA_01,0.5601592867848797,0.4842006995100857,MEDIUM,RECOVERED
C3343,95840,226,325,DCA_01,0.8429611821950488,0.6465074075206102,HIGH,IN_PROGRESS
C3344,79610,63,833,DCA_01,0.7833692093530096,0.3034073025697225,MEDIUM,IN_PROGRESS
C3345,53142,294,363,DCA_02,0.8147936563054337,0.5839631173243643,MEDIUM,RECOVERED
C3346,57307,306,759,DCA_02,0.4261260939207262,0.42525281113574864,MEDIUM,IN_PROGRESS
C3347,5493,254,613,DCA_02,0.6893911027366318,0.4079398834641763,MEDIUM,IN_PROGRESS
C3348,51085,180,889,DCA_02,0.8995884652573233,0.2045870180666628,LOW,RECOVERED
C3349,35228,40,515,DCA_02,0.7925998195266571,0.39967864170577283,MEDIUM,IN_PROGRESS
C3350,80676,264,755,DCA_01,0.4603538406949573,0.39365319859808856,MEDIUM,RECOVERED
C3351,52875,189,839,DCA_02,0.7394090837036744,0.2352784404103181,LOW,RECOVERED
C3352,32655,8,878,DCA_02,0.7726619104475916,0.19159995207714142,LOW,RECOVERED
C3353,44472,104,772,DCA_01,0.6571241779607043,0.2862782755369182,LOW,RECOVERED
C3354,50437,225,658,DCA_01,0.439376573886721,0.37295142762195244,MEDIUM,IN_PROGRESS
C3355,50416,34,425,DCA_01,0.4173431176031785,0.45331416047436945,MEDIUM,RECOVERED
C3356,60711,236,386,DCA_02,0.8689048486196752,0.5856572128279574,MEDIUM,RECOVERED
C3357,7816,228,642,DCA_01,0.5287569827393093,0.36862171007006606,MEDIUM,IN_PROGRESS
C3358,78175,188,694,DCA_01,0.5894840635092251,0.34257734112757543,MEDIUM,RECOVERED
C3359,65307,313,783,DCA_01,0.7976387704927526,0.4151925087119779,MEDIUM,RECOVERED
C3360,47733,22,755,DCA_02,0.7446303733587216,0.2593833591187691,LOW,RECOVERED
C3361,96028,343,775,DCA_01,0.8842828500171676,0.3703393909369057,MEDIUM,RECOVERED
C3362,12240,40,509,DCA_01,0.4464196001055838,0.2993870396017736,LOW,RECOVERED
C3363,99234,173,824,DCA_01,0.7534597870396136,0.3645570047558869,MEDIUM,IN_PROGRESS
C3364,93493,179,875,DCA_01,0.4411144263888348,0.2632935237182371,LOW,RECOVERED
C3365,99344,86,606,DCA_02,0.4000827482505723,0.3789580626722042,MEDIUM,RECOVERED
C3366,72363,133,375,DCA_02,0.4601151130938737,0.49440559656155836,MEDIUM,RECOVERED
C3367,33762,351,321,DCA_02,0.7083629241396187,0.6285781761338072,HIGH,RECOVERED
C3368,9259,13,359,DCA_02,0.7380963747887208,0.41185419113681443,MEDIUM,RECOVERED
C3369,51139,28,685,DCA_01,0.6191699362047921,0.3495498854465552,MEDIUM,IN_PROGRESS
C3370,15849,84,355,DCA_02,0.4230353548687121,0.4003281086206766,MEDIUM,RECOVERED
C3371,82768,318,467,DCA_01,0.7170296955272454,0.5569940797702395,MEDIUM,IN_PROGRESS
C3372,90709,349,711,DCA_02,0.442908738793245,0.3981064490084494,MEDIUM,IN_PROGRESS
C3373,55869,343,490,DCA_02,0.4708631658831989,0.538146553192207,MEDIUM,RECOVERED
C3374,64095,280,781,DCA_01,0.6562878423854135,0.33528054198194035,MEDIUM,RECOVERED
C3375,71910,354,866,DCA_01,0.5701866357374239,0.39129039055794923,MEDIUM,IN_PROGRESS
C3376,87710,263,715,DCA_02,0.6323769636381703,0.41191663968961856,MEDIUM,IN_PROGRESS
C3377,24567,166,639,DCA_01,0.7175384518135963,0.3321785949582541,MEDIUM,RECOVERED
C3378,36292,293,558,DCA_01,0.4800035180806984,0.491178581671734,MEDIUM,IN_PROGRESS
C3379,75813,68,649,DCA_01,0.8465433698455039,0.33409539831398116,MEDIUM,IN_PROGRESS
C3380,98136,226,900,DCA_02,0.6797400323231201,0.3510834811334419,MEDIUM,IN_PROGRESS
C3381,52631,170,736,DCA_02,0.4110466377656428,0.3202018541934206,MEDIUM,RECOVERED
C3382,10885,86,521,DCA_01,0.7142264208669304,0.32061010650055166,MEDIUM,RECOVERED
C3383,60659,133,712,DCA_02,0.6315894658870257,0.3132297112279755,MEDIUM,RECOVERED
C3384,55306,178,649,DCA_01,0.7508195557379281,0.38549331739554915,MEDIUM,IN_PROGRESS
C3385,67314,343,781,DCA_01,0.7920168114687725,0.38418928824271303,MEDIUM,IN_PROGRESS
C3386,66087,252,900,DCA_02,0.8694224266949646,0.29239241642751734,LOW,IN_PROGRESS
C3387,30165,15,358,DCA_02,0.8991728971374998,0.42668379194422457,MEDIUM,RECOVERED
C3388,59929,223,451,DCA_01,0.6748084967357135,0.4694004404303047,MEDIUM,RECOVERED
C3389,68028,201,839,DCA_02,0.6807541765642123,0.2497144092335244,LOW,RECOVERED
C3390,96998,107,524,DCA_01,0.4112226254878031,0.42462601690045065,MEDIUM,IN_PROGRESS
C3391,50812,250,617,DCA_01,0.8325852367431653,0.3558909999990999,MEDIUM,IN_PROGRESS
C3392,51500,89,862,DCA_02,0.4143589967712605,0.18992619346778417,LOW,RECOVERED
C3393,80151,125,578,DCA_01,0.716332403500521,0.3444693992950879,MEDIUM,IN_PROGRESS
C3394,59643,113,857,DCA_01,0.449288489372115,0.2829756792400533,LOW,IN_PROGRESS
C3395,45900,137,773,DCA_01,0.5429193020532282,0.2934712971450012,LOW,IN_PROGRESS
C3396,43946,247,323,DCA_01,0.4701647765553627,0.6540550151331979,HIGH,IN_PROGRESS
C3397,8851,166,818,DCA_01,0.4686971440562705,0.2906283727296234,LOW,RECOVERED
C3398,17288,150,667,DCA_02,0.4373004911584652,0.3576850451772692,MEDIUM,IN_PROGRESS
C3399,73692,363,634,DCA_02,0.5589409909927519,0.4882898135356697,MEDIUM,RECOVERED
C3400,68580,343,732,DCA_01,0.6118256722263968,0.5196272088468259,MEDIUM,RECOVERED
C3401,8368,68,302,DCA_01,0.6322365964160793,0.5273308717155523,MEDIUM,RECOVERED
C3402,86436,221,557,DCA_02,0.6198540197335537,0.41596080061123364,MEDIUM,IN_PROGRESS
C3403,97136,271,562,DCA_01,0.6618460171476388,0.510026428075334,MEDIUM,RECOVERED
C3404,47403,321,420,DCA_01,0.8298934645934705,0.5354941298108628,MEDIUM,RECOVERED
C3405,92170,310,320,DCA_02,0.7158983078530876,0.6421702519830518,HIGH,IN_PROGRESS
C3406,10168,349,439,DCA_02,0.4086428354849064,0.5859896371933895,MEDIUM,IN_PROGRESS
C3407,87497,20,776,DCA_01,0.4864761391201593,0.26915020851118676,LOW,IN_PROGRESS
C3408,50879,289,588,DCA_01,0.5744749110744065,0.5028876304896952,MEDIUM,RECOVERED
C3409,60871,100,505,DCA_02,0.8745218544324385,0.4110927540646824,MEDIUM,RECOVERED
C3410,90388,252,342,DCA_01,0.4390396987249625,0.5886455509844166,MEDIUM,RECOVERED
C3411,99646,77,417,DCA_01,0.7550596312022408,0.42800018846067733,MEDIUM,RECOVERED
C3412,33174,135,304,DCA_02,0.4165465658724365,0.44125840713953546,MEDIUM,IN_PROGRESS
C3413,93491,173,506,DCA_02,0.5812685845009828,0.39951548621128363,MEDIUM,IN_PROGRESS
C3414,7581,363,644,DCA_02,0.7850743818568717,0.47594246150689623,MEDIUM,IN_PROGRESS
C3415,72853,201,441,DCA_02,0.5719646682191764,0.5005280188517973,MEDIUM,RECOVERED
C3416,65046,217,671,DCA_02,0.615141029993233,0.4263489882940462,MEDIUM,IN_PROGRESS
C3417,50678,208,531,DCA_02,0.8526522641337146,0.4496058507623255,MEDIUM,IN_PROGRESS
C3418,27649,74,463,DCA_02,0.433084545659649,0.44730337962774813,MEDIUM,RECOVERED
C3419,89668,11,846,DCA_02,0.6638311626050506,0.23759379478730436,LOW,RECOVERED
C3420,83325,287,663,DCA_01,0.5831187792955892,0.4205657633286384,MEDIUM,IN_PROGRESS
C3421,15567,256,634,DCA_02,0.8819058357585154,0.38804911722063795,MEDIUM,IN_PROGRESS
C3422,81404,12,310,DCA_02,0.796844914709129,0.47313157834716146,MEDIUM,RECOVERED
C3423,90906,78,707,DCA_01,0.4610383886832694,0.27907869428555154,LOW,RECOVERED
C3424,97019,172,374,DCA_01,0.8637048783612861,0.5432681971397866,MEDIUM,IN_PROGRESS
C3425,62944,96,599,DCA_01,0.5056066487268844,0.33653174829233024,MEDIUM,RECOVERED
C3426,79002,306,680,DCA_02,0.4424088217674101,0.5035216468816492,MEDIUM,IN_PROGRESS
C3427,29803,273,885,DCA_01,0.6707966398972462,0.2930582620308353,LOW,RECOVERED
C3428,19230,179,327,DCA_01,0.7683157849881397,0.521770930281938,MEDIUM,RECOVERED
C3429,18862,64,762,DCA_01,0.7580254447481061,0.22423562405479314,LOW,RECOVERED
C3430,44355,132,695,DCA_01,0.6670280344386982,0.349141116062077,MEDIUM,RECOVERED
C3431,32259,343,675,DCA_01,0.6463687372098513,0.5224918883394507,MEDIUM,IN_PROGRESS
C3432,88445,272,720,DCA_02,0.8847719486515763,0.3441900007128853,MEDIUM,RECOVERED
C3433,31795,319,663,DCA_01,0.8102794208847489,0.4815947686154557,MEDIUM,RECOVERED
C3434,9770,332,515,DCA_02,0.7493200190715197,0.5110085986998705,MEDIUM,RECOVERED
C3435,12093,341,400,DCA_01,0.497605731779821,0.5879873132770588,MEDIUM,IN_PROGRESS
C3436,47571,109,392,DCA_02,0.8098853455133257,0.5090621672195343,MEDIUM,IN_PROGRESS
C3437,1193,273,874,DCA_01,0.7748903717580145,0.29470559522738426,LOW,RECOVERED
C3438,18569,168,565,DCA_02,0.8960132998888334,0.4395706136473131,MEDIUM,IN_PROGRESS
C3439,12190,180,505,DCA_01,0.4664975539670627,0.5046160129370763,MEDIUM,RECOVERED
C3440,63824,58,379,DCA_02,0.757647697974019,0.407122843418832,MEDIUM,IN_PROGRESS
C3441,43752,79,336,DCA_02,0.8895415965167628,0.46462400819128524,MEDIUM,IN_PROGRESS
C3442,33327,61,310,DCA_02,0.631296513622235,0.41168948117394244,MEDIUM,IN_PROGRESS
C3443,43070,121,389,DCA_01,0.7667052217130064,0.5505643137774003,MEDIUM,RECOVERED
C3444,86925,207,318,DCA_02,0.887685325272715,0.586349692245569,MEDIUM,IN_PROGRESS
C3445,41197,34,863,DCA_01,0.6737424469529982,0.20508677272043385,LOW,RECOVERED
C3446,3261,70,673,DCA_01,0.7495207973515507,0.23751652269853762,LOW,IN_PROGRESS
C3447,94905,17,393,DCA_01,0.410042405006048,0.40065035565028206,MEDIUM,RECOVERED
C3448,27512,20,331,DCA_02,0.6598325528132221,0.4333468902013605,MEDIUM,IN_PROGRESS
C3449,7716,315,439,DCA_02,0.5279002030209712,0.5081660188902194,MEDIUM,IN_PROGRESS
C3450,87795,69,869,DCA_02,0.4656223211752711,0.24756145633014603,LOW,RECOVERED
C3451,29933,215,320,DCA_02,0.7542990423406639,0.5278556406525063,MEDIUM,RECOVERED
C3452,5378,161,448,DCA_02,0.4195447444541709,0.5083798796469358,MEDIUM,IN_PROGRESS
C3453,41583,102,520,DCA_01,0.8524325757885289,0.3950077610800009,MEDIUM,RECOVERED
C3454,86371,206,518,DCA_01,0.6588868299354211,0.48113385887680216,MEDIUM,RECOVERED
C3455,30033,145,840,DCA_01,0.7241150575946894,0.2622848683654134,LOW,RECOVERED
C3456,25000,57,858,DCA_01,0.5267173995631332,0.2096122609605945,LOW,IN_PROGRESS
C3457,76868,83,357,DCA_01,0.4910965093446461,0.4676281498327155,MEDIUM,RECOVERED
C3458,43604,269,724,DCA_02,0.521876810556007,0.40811973109726096,MEDIUM,IN_PROGRESS
C3459,69336,187,574,DCA_01,0.5161464955021466,0.36094879845899186,MEDIUM,RECOVERED
C3460,96074,6,439,DCA_02,0.832250814146726,0.41103260019055443,MEDIUM,IN_PROGRESS
C3461,96655,353,322,DCA_02,0.7936697007312243,0.6656402424434127,HIGH,IN_PROGRESS
C3462,74869,350,677,DCA_02,0.826368267062016,0.5437180035803686,MEDIUM,IN_PROGRESS
C3463,6410,110,672,DCA_01,0.7674360218291991,0.2994934689969041,LOW,RECOVERED
C3464,84375,138,362,DCA_02,0.7217751807322107,0.5279505814303089,MEDIUM,RECOVERED
C3465,57044,51,863,DCA_02,0.6639373448653342,0.22289982178837342,LOW,RECOVERED
C3466,64315,51,641,DCA_01,0.5327409131899544,0.3481271790763233,MEDIUM,IN_PROGRESS
C3467,97055,87,466,DCA_01,0.7526814788635579,0.36713913888620575,MEDIUM,RECOVERED
C3468,72344,68,450,DCA_01,0.4682922026092633,0.3598655353343819,MEDIUM,RECOVERED
C3469,7796,84,822,DCA_01,0.6555307717835603,0.2109285278903239,LOW,RECOVERED
C3470,87716,42,883,DCA_01,0.497637384252808,0.20929846961998244,LOW,IN_PROGRESS
C3471,55245,219,800,DCA_01,0.6523796524397294,0.3898242890391924,MEDIUM,RECOVERED
C3472,44056,57,859,DCA_01,0.5469537064371774,0.17836511000681454,LOW,RECOVERED
C3473,18709,226,647,DCA_01,0.4267398347682432,0.44762943002551947,MEDIUM,RECOVERED
C3474,59557,196,571,DCA_01,0.6518545064319898,0.49486540588400607,MEDIUM,IN_PROGRESS
C3475,18543,248,729,DCA_01,0.4909151043499762,0.43190167597714646,MEDIUM,RECOVERED
C3476,38418,166,532,DCA_02,0.4805775162845765,0.49554375197680434,MEDIUM,RECOVERED
C3477,95611,62,859,DCA_02,0.5921829488388495,0.22368325541390155,LOW,RECOVERED
C3478,97038,263,507,DCA_01,0.5808935789266817,0.5792839446757445,MEDIUM,IN_PROGRESS
C3479,17724,112,752,DCA_01,0.8334789328061342,0.2789548471304547,LOW,IN_PROGRESS
C3480,4828,253,800,DCA_02,0.6823185114468544,0.3745736540752782,MEDIUM,RECOVERED
C3481,18087,199,888,DCA_02,0.827283714067375,0.3298746393409415,MEDIUM,RECOVERED
C3482,13605,178,518,DCA_01,0.4734178270710379,0.5079641428372987,MEDIUM,IN_PROGRESS
C3483,32337,26,380,DCA_01,0.5786551350278221,0.45943336122413037,MEDIUM,IN_PROGRESS
C3484,6482,246,848,DCA_02,0.6776648088017749,0.33830692157779296,MEDIUM,RECOVERED
C3485,66333,19,840,DCA_01,0.4765640347049737,0.19660319273861582,LOW,IN_PROGRESS
C3486,93541,265,550,DCA_01,0.4640285331624028,0.5788602910620658,MEDIUM,RECOVERED
C3487,89296,317,714,DCA_02,0.7307007991059884,0.4061965520755534,MEDIUM,RECOVERED
C3488,51952,20,385,DCA_01,0.7269169854016009,0.38216259076470105,MEDIUM,IN_PROGRESS
C3489,6463,106,516,DCA_01,0.5170793320429694,0.37672639337780534,MEDIUM,IN_PROGRESS
C3490,71448,237,495,DCA_01,0.5135617777194538,0.5864047471643268,MEDIUM,IN_PROGRESS
C3491,5648,306,596,DCA_02,0.772722889665042,0.4390102783662916,MEDIUM,RECOVERED
C3492,34623,246,343,DCA_02,0.4584939197092976,0.526464704478818,MEDIUM,IN_PROGRESS
C3493,60156,81,692,DCA_01,0.8616317483383282,0.2559127540754901,LOW,RECOVERED
C3494,36634,150,742,DCA_02,0.8718692605202553,0.28544714527658543,LOW,RECOVERED
C3495,45602,10,389,DCA_01,0.8354961615846233,0.4885257547898003,MEDIUM,IN_PROGRESS
C3496,50334,321,454,DCA_02,0.5053386495132797,0.5662206844879092,MEDIUM,IN_PROGRESS
C3497,69648,224,777,DCA_01,0.4084008748869314,0.36898950296218913,MEDIUM,RECOVERED
C3498,23054,264,358,DCA_02,0.8683454209126149,0.664432207226398,HIGH,RECOVERED
C3499,71028,149,409,DCA_02,0.5719859136767557,0.3998949364875731,MEDIUM,IN_PROGRESS
C3500,23207,278,778,DCA_01,0.5552051324941731,0.416847593059423,MEDIUM,IN_PROGRESS
C3501,81650,274,893,DCA_01,0.5308387900785747,0.30077078607316043,MEDIUM,RECOVERED
C3502,82554,194,348,DCA_01,0.5222680865244449,0.5081237564790344,MEDIUM,RECOVERED
C3503,22386,172,676,DCA_01,0.7672766452208284,0.3097413644990673,MEDIUM,RECOVERED
C3504,84276,265,331,DCA_01,0.853946814243713,0.5963508932432513,MEDIUM,RECOVERED
C3505,60518,310,785,DCA_02,0.7930281829676122,0.41343568314200074,MEDIUM,IN_PROGRESS
C3506,53781,26,900,DCA_02,0.7370539829791702,0.2081159190113373,LOW,IN_PROGRESS
C3507,53780,350,830,DCA_01,0.5438787814057151,0.37246448969234436,MEDIUM,IN_PROGRESS
C3508,62440,356,302,DCA_02,0.6734817376472186,0.6650047216730319,HIGH,RECOVERED
C3509,45199,26,677,DCA_01,0.5184835863124684,0.28568397062110173,LOW,RECOVERED
C3510,62035,34,871,DCA_02,0.4557535521034788,0.15506156860454512,LOW,RECOVERED
C3511,9210,264,541,DCA_02,0.4601464812002638,0.4514102427694565,MEDIUM,IN_PROGRESS
C3512,45363,138,840,DCA_02,0.7018845526190831,0.29092271852588425,LOW,RECOVERED
C3513,79279,304,886,DCA_02,0.4192398293884038,0.3430222789852143,MEDIUM,IN_PROGRESS
C3514,61348,183,881,DCA_01,0.8866272479018088,0.20953445769670342,LOW,RECOVERED
C3515,56284,363,894,DCA_01,0.8977332317482624,0.41272302805355854,MEDIUM,IN_PROGRESS
C3516,73124,242,656,DCA_02,0.4747123456247153,0.36726823217648474,MEDIUM,IN_PROGRESS
C3517,69847,54,496,DCA_02,0.6136512048490355,0.30064490843730185,MEDIUM,RECOVERED
C3518,23432,168,718,DCA_01,0.7840380092777408,0.3840409775764083,MEDIUM,RECOVERED
C3519,65089,119,572,DCA_02,0.8775334134762661,0.4039282167919085,MEDIUM,IN_PROGRESS
C3520,56398,143,801,DCA_01,0.8456605872212826,0.28907682562522075,LOW,RECOVERED
C3521,4321,81,334,DCA_02,0.5273775919463322,0.5038443596596676,MEDIUM,RECOVERED
C3522,82348,245,760,DCA_02,0.4425984669048076,0.41047656216534356,MEDIUM,RECOVERED
C3523,38383,352,552,DCA_01,0.5443646803761966,0.5376845757302029,MEDIUM,RECOVERED
C3524,79682,358,811,DCA_01,0.6186187215498382,0.5003950469960665,MEDIUM,IN_PROGRESS
C3525,80190,62,347,DCA_02,0.5799691586063622,0.41765264467150764,MEDIUM,IN_PROGRESS
C3526,53893,46,484,DCA_02,0.7869345614498392,0.4012819661452792,MEDIUM,IN_PROGRESS
C3527,36820,87,790,DCA_01,0.528893943949162,0.2529450821617154,LOW,RECOVERED
C3528,67262,99,572,DCA_02,0.829318557868446,0.41012588519473403,MEDIUM,RECOVERED
C3529,4760,295,826,DCA_02,0.5128172138033921,0.3867326380524042,MEDIUM,IN_PROGRESS
C3530,23190,53,427,DCA_01,0.5806760224686858,0.4740859132836934,MEDIUM,RECOVERED
C3531,68411,192,509,DCA_01,0.6239045338609823,0.49381814114664335,MEDIUM,RECOVERED
C3532,24377,80,441,DCA_02,0.545609071275569,0.4094082953671052,MEDIUM,RECOVERED
C3533,47737,16,472,DCA_01,0.7831861185066167,0.3556118530651382,MEDIUM,RECOVERED
C3534,70569,360,746,DCA_02,0.6047736057084693,0.4156408048802944,MEDIUM,RECOVERED
C3535,39211,326,418,DCA_01,0.843512886712927,0.5744476523582234,MEDIUM,IN_PROGRESS
C3536,83909,194,310,DCA_02,0.8817943292677153,0.576470105277857,MEDIUM,IN_PROGRESS
C3537,4744,141,603,DCA_01,0.8299035762725098,0.3596707502712866,MEDIUM,RECOVERED
C3538,25995,108,453,DCA_01,0.6613125861382458,0.48357368549192636,MEDIUM,RECOVERED
C3539,17977,303,622,DCA_02,0.654904201306912,0.53551690918253,MEDIUM,IN_PROGRESS
C3540,98938,265,836,DCA_02,0.5079363236403076,0.3438394875456363,MEDIUM,RECOVERED
C3541,35542,290,744,DCA_02,0.6961388312367209,0.441523992760655,MEDIUM,IN_PROGRESS
C3542,11651,209,641,DCA_02,0.8763628627200508,0.4615557594079275,MEDIUM,RECOVERED
C3543,79931,165,520,DCA_02,0.4403032638235377,0.4853780141187152,MEDIUM,RECOVERED
C3544,96344,342,409,DCA_01,0.7762287071725396,0.5928810338031609,MEDIUM,RECOVERED
C3545,17715,320,709,DCA_01,0.834769777161926,0.350038912749031,MEDIUM,RECOVERED
C3546,45409,152,717,DCA_02,0.8933517422478237,0.2810024982495015,LOW,RECOVERED
C3547,25306,290,804,DCA_01,0.5673788578834652,0.4207375990522517,MEDIUM,RECOVERED
C3548,20086,268,339,DCA_02,0.5777870731174957,0.6559988104996901,HIGH,RECOVERED
C3549,15376,151,808,DCA_01,0.5148876208285746,0.24864022033324007,LOW,RECOVERED
C3550,62350,207,758,DCA_01,0.7945318129906231,0.3046838434203012,MEDIUM,RECOVERED
C3551,72425,255,562,DCA_02,0.4700198002240066,0.46828384822993674,MEDIUM,IN_PROGRESS
C3552,37636,353,417,DCA_02,0.5338834806491206,0.6134802447660899,HIGH,IN_PROGRESS
C3553,87120,141,749,DCA_01,0.547631178885237,0.3305783872008896,MEDIUM,IN_PROGRESS
C3554,52649,343,713,DCA_02,0.5874653093617934,0.4085625114310494,MEDIUM,IN_PROGRESS
C3555,35610,358,825,DCA_01,0.6108324518059649,0.44394781679229733,MEDIUM,IN_PROGRESS
C3556,11058,96,760,DCA_01,0.6795124823899228,0.2745689447296441,LOW,RECOVERED
C3557,75637,227,417,DCA_02,0.8741866607489053,0.48762336813007534,MEDIUM,RECOVERED
C3558,79033,193,516,DCA_01,0.5236398738054,0.4810001363264307,MEDIUM,IN_PROGRESS
C3559,71194,303,376,DCA_02,0.7896102944628278,0.6221122970757504,HIGH,IN_PROGRESS
C3560,77917,314,720,DCA_01,0.7381951444341954,0.3981243597057341,MEDIUM,IN_PROGRESS
C3561,65200,118,471,DCA_01,0.4580251148737917,0.45200237310525115,MEDIUM,IN_PROGRESS
C3562,47619,5,689,DCA_02,0.8051883756802265,0.26736296045990426,LOW,IN_PROGRESS
C3563,18154,352,325,DCA_01,0.4453058898149324,0.6319726393143353,HIGH,IN_PROGRESS
C3564,20539,243,427,DCA_02,0.7694631148227096,0.5209369912678425,MEDIUM,RECOVERED
C3565,61058,21,673,DCA_02,0.757893372618877,0.351745197836406,MEDIUM,RECOVERED
C3566,63068,152,323,DCA_02,0.744700930818534,0.5077700380320567,MEDIUM,IN_PROGRESS
C3567,78313,128,769,DCA_02,0.5383461717447752,0.3144303647662905,MEDIUM,IN_PROGRESS
C3568,31373,124,722,DCA_01,0.6866834947450637,0.3577254148944241,MEDIUM,RECOVERED
C3569,34154,146,476,DCA_02,0.7807888954000252,0.46828541325373785,MEDIUM,RECOVERED
C3570,7031,277,837,DCA_01,0.7187959724642584,0.34304622034274457,MEDIUM,IN_PROGRESS
C3571,94533,310,565,DCA_01,0.8021528602723502,0.5579065675077988,MEDIUM,IN_PROGRESS
C3572,72975,152,869,DCA_02,0.7439411824629699,0.2625874739719489,LOW,IN_PROGRESS
C3573,23785,360,569,DCA_02,0.5372249440461158,0.49017086963974177,MEDIUM,RECOVERED
C3574,79928,111,628,DCA_01,0.476528272411569,0.28483689121502676,LOW,RECOVERED
C3575,29669,116,754,DCA_01,0.7159894931740729,0.2534713503905883,LOW,IN_PROGRESS
C3576,95475,188,594,DCA_02,0.7798791904353608,0.38406036319576764,MEDIUM,IN_PROGRESS
C3577,3282,57,421,DCA_01,0.4711614761828167,0.4361250819365782,MEDIUM,RECOVERED
C3578,35624,251,458,DCA_02,0.4874102289312108,0.5030508383395234,MEDIUM,IN_PROGRESS
C3579,49438,150,477,DCA_01,0.4060346736292031,0.45866394419886225,MEDIUM,IN_PROGRESS
C3580,90900,162,627,DCA_02,0.6658745905179234,0.3515976521027703,MEDIUM,IN_PROGRESS
C3581,68534,120,606,DCA_01,0.6711455238735913,0.3443110616787344,MEDIUM,RECOVERED
C3582,32705,70,388,DCA_01,0.6500378958993339,0.5069575727660339,MEDIUM,IN_PROGRESS
C3583,39244,351,337,DCA_01,0.5580050094058577,0.6674822919621044,HIGH,IN_PROGRESS
C3584,75964,99,890,DCA_01,0.6139056172460594,0.27173483725858916,LOW,RECOVERED
C3585,38437,167,645,DCA_01,0.7831183852178178,0.31127324712440074,MEDIUM,RECOVERED
C3586,78872,298,551,DCA_02,0.490898440631051,0.4900958605172515,MEDIUM,IN_PROGRESS
C3587,75878,151,448,DCA_01,0.5007739433274723,0.43394253585633413,MEDIUM,RECOVERED
C3588,73982,326,315,DCA_02,0.733489132388295,0.6187802102431591,HIGH,RECOVERED
C3589,51583,2,666,DCA_02,0.8334504367929865,0.25785820939921267,LOW,RECOVERED
C3590,39392,152,417,DCA_02,0.5701967341181515,0.45753717339281796,MEDIUM,IN_PROGRESS
C3591,8461,65,616,DCA_01,0.8663721625733041,0.33899563487360984,MEDIUM,RECOVERED
C3592,11516,326,587,DCA_01,0.4288380368088262,0.4894518869149519,MEDIUM,IN_PROGRESS
C3593,80285,69,650,DCA_02,0.459259660160723,0.3566913803155347,MEDIUM,RECOVERED
C3594,18514,121,596,DCA_01,0.629979809746573,0.43864179288297256,MEDIUM,RECOVERED
C3595,37268,109,493,DCA_02,0.7617426138142698,0.39112632326395913,MEDIUM,IN_PROGRESS
C3596,91486,316,691,DCA_02,0.5854184823678046,0.3654588055737331,MEDIUM,RECOVERED
C3597,37788,247,742,DCA_02,0.6773736450838008,0.33452260197886496,MEDIUM,RECOVERED
C3598,76749,93,580,DCA_01,0.4142853428213006,0.31527848596715224,MEDIUM,IN_PROGRESS
C3599,62049,268,600,DCA_02,0.6309171558355983,0.4873327027783243,MEDIUM,RECOVERED
C3600,63493,103,725,DCA_02,0.5212877672375709,0.3058607319829717,MEDIUM,IN_PROGRESS
C3601,37027,112,549,DCA_02,0.6581844202679275,0.4274738176348801,MEDIUM,RECOVERED
C3602,94547,321,814,DCA_01,0.6629166026557185,0.3577362259606066,MEDIUM,RECOVERED
C3603,43849,304,705,DCA_01,0.7765794640385277,0.4474870342168915,MEDIUM,IN_PROGRESS
C3604,18858,344,543,DCA_01,0.6699208139334512,0.4730330662417317,MEDIUM,IN_PROGRESS
C3605,85162,62,666,DCA_02,0.7071345863889607,0.31568681881696103,MEDIUM,IN_PROGRESS
C3606,80003,300,419,DCA_01,0.6648232908650218,0.5266855726624036,MEDIUM,IN_PROGRESS
C3607,53395,136,739,DCA_01,0.8951887171929148,0.271629916946726,LOW,IN_PROGRESS
C3608,40758,55,803,DCA_02,0.7958096809616122,0.2632503126602025,LOW,RECOVERED
C3609,55312,108,881,DCA_02,0.7778225140011363,0.2763758417946852,LOW,RECOVERED
C3610,69670,303,732,DCA_02,0.7136297304968819,0.4136579211661984,MEDIUM,RECOVERED
C3611,83279,258,482,DCA_01,0.6641853496654188,0.5629238240480419,MEDIUM,RECOVERED
C3612,16434,253,760,DCA_01,0.5723785698031845,0.42967597650430545,MEDIUM,IN_PROGRESS
C3613,65047,222,417,DCA_02,0.7919839630441055,0.5499607710143771,MEDIUM,RECOVERED
C3614,48775,167,330,DCA_01,0.4948045831935974,0.5811012458748611,MEDIUM,IN_PROGRESS
C3615,76769,160,448,DCA_02,0.4182744499697096,0.48569086435436637,MEDIUM,RECOVERED
C3616,67677,166,827,DCA_01,0.7490860222640506,0.2627809524055842,LOW,RECOVERED
C3617,84555,205,572,DCA_01,0.4724258483893668,0.3659406980592259,MEDIUM,RECOVERED
C3618,86920,267,684,DCA_01,0.8519130413804655,0.44090568872719427,MEDIUM,IN_PROGRESS
C3619,46734,138,401,DCA_01,0.7853406934847572,0.5042726007308662,MEDIUM,RECOVERED
C3620,89503,346,371,DCA_02,0.7011221889136501,0.6339722704066844,HIGH,IN_PROGRESS
C3621,41603,248,707,DCA_02,0.5569623268373044,0.3321176380090294,MEDIUM,RECOVERED
C3622,77708,55,646,DCA_01,0.7189711795449202,0.3473300259849642,MEDIUM,RECOVERED
C3623,82926,209,666,DCA_02,0.6384283449425029,0.3412424556927208,MEDIUM,RECOVERED
C3624,69803,17,848,DCA_01,0.5455742339098322,0.23136665810878432,LOW,IN_PROGRESS
C3625,40332,68,590,DCA_02,0.8725394885483952,0.3207170385951129,MEDIUM,RECOVERED
C3626,92703,133,721,DCA_02,0.4809447076832463,0.3329418081680403,MEDIUM,IN_PROGRESS
C3627,22312,188,480,DCA_02,0.7766918747104385,0.521454038637731,MEDIUM,RECOVERED
C3628,94376,308,413,DCA_02,0.8000192839459171,0.6308275536015584,HIGH,IN_PROGRESS
C3629,85526,138,537,DCA_02,0.8758973040891644,0.4426729853759871,MEDIUM,IN_PROGRESS
C3630,45179,174,393,DCA_02,0.6747082149010795,0.54217586868778,MEDIUM,RECOVERED
C3631,72442,97,559,DCA_01,0.6674375805071828,0.36241100539825155,MEDIUM,RECOVERED
C3632,41379,171,406,DCA_01,0.8601446045061696,0.5303819078068686,MEDIUM,RECOVERED
C3633,18297,154,543,DCA_01,0.8005466296705945,0.4440293402506589,MEDIUM,RECOVERED
C3634,3011,183,722,DCA_02,0.781818239772702,0.3395707486109967,MEDIUM,IN_PROGRESS
C3635,45014,242,634,DCA_01,0.7945685271056562,0.43288236216584564,MEDIUM,IN_PROGRESS
C3636,12738,304,322,DCA_02,0.6465905457321435,0.6449499311926448,HIGH,IN_PROGRESS
C3637,95333,285,570,DCA_01,0.4207093089155234,0.47185217890537756,MEDIUM,RECOVERED
C3638,48498,27,439,DCA_01,0.4991324418297396,0.41082970877424885,MEDIUM,IN_PROGRESS
C3639,12120,360,765,DCA_02,0.7214960438321434,0.43194342239552597,MEDIUM,RECOVERED
C3640,9767,60,753,DCA_02,0.5980829592146358,0.30359489130025763,MEDIUM,RECOVERED
C3641,23852,202,683,DCA_01,0.7033851241985016,0.45781410698751057,MEDIUM,RECOVERED
C3642,80239,250,893,DCA_02,0.6758389513706297,0.23812694971952197,LOW,RECOVERED
C3643,1929,362,676,DCA_01,0.6193301527784425,0.4660702382466275,MEDIUM,RECOVERED
C3644,78487,69,737,DCA_01,0.5173640107404731,0.2693751343534907,LOW,RECOVERED
C3645,92575,21,721,DCA_02,0.7594799453893175,0.2447931474483731,LOW,IN_PROGRESS
C3646,96040,152,455,DCA_01,0.854522564875698,0.4659827893444044,MEDIUM,RECOVERED
C3647,18438,102,634,DCA_02,0.7849818594753948,0.32641256158232945,MEDIUM,IN_PROGRESS
C3648,49515,95,830,DCA_01,0.4600191180610746,0.2315262275498754,LOW,IN_PROGRESS
C3649,6744,361,880,DCA_02,0.6689748692498907,0.3523132275184845,MEDIUM,IN_PROGRESS
C3650,84820,229,431,DCA_02,0.817683091182791,0.49427315411461004,MEDIUM,RECOVERED
C3651,43417,125,800,DCA_01,0.6954908910518496,0.26560480412764065,LOW,RECOVERED
C3652,8069,258,821,DCA_02,0.6197845804567689,0.33493970661851813,MEDIUM,RECOVERED
C3653,43359,322,439,DCA_01,0.5422731749024605,0.6051640305145463,HIGH,RECOVERED
C3654,20799,236,434,DCA_01,0.5651953752932151,0.4712835231532232,MEDIUM,RECOVERED
C3655,99746,162,706,DCA_01,0.5210784150490052,0.35487746578922774,MEDIUM,RECOVERED
C3656,94762,42,393,DCA_02,0.4978632256521707,0.49380453016012826,MEDIUM,IN_PROGRESS
C3657,71188,276,540,DCA_01,0.6944325743094149,0.5427226867522648,MEDIUM,IN_PROGRESS
C3658,90859,353,464,DCA_02,0.654692401806791,0.5619062700069992,MEDIUM,IN_PROGRESS
C3659,8597,68,624,DCA_02,0.7674165421039414,0.3022658464723319,MEDIUM,RECOVERED
C3660,48093,173,517,DCA_01,0.5539647686791046,0.4843840510323273,MEDIUM,IN_PROGRESS
C3661,38226,331,530,DCA_02,0.6304120402878985,0.5518283379470792,MEDIUM,IN_PROGRESS
C3662,73127,125,881,DCA_01,0.7401851095251343,0.20062537422260718,LOW,RECOVERED
C3663,92369,170,885,DCA_02,0.8816168925330885,0.2620290071923851,LOW,RECOVERED
C3664,78362,47,478,DCA_02,0.5744352008202465,0.3958817419166756,MEDIUM,RECOVERED
C3665,27417,261,379,DCA_01,0.5491044348066876,0.5745411570890275,MEDIUM,IN_PROGRESS
C3666,19693,217,653,DCA_02,0.6246441854621816,0.3878412152648134,MEDIUM,IN_PROGRESS
C3667,80674,305,460,DCA_01,0.7619369817317768,0.5929404503845943,MEDIUM,RECOVERED
C3668,54161,124,726,DCA_02,0.8807751489835107,0.315228138724467,MEDIUM,RECOVERED
C3669,3169,293,702,DCA_01,0.668268161657978,0.39644813733720297,MEDIUM,RECOVERED
C3670,85092,162,331,DCA_02,0.8062201201982948,0.5390084189179114,MEDIUM,IN_PROGRESS
C3671,23052,201,420,DCA_02,0.6321999029104968,0.46695540016410086,MEDIUM,RECOVERED
C3672,72849,275,814,DCA_02,0.4199285643450434,0.38093987734968204,MEDIUM,RECOVERED
C3673,74851,206,684,DCA_02,0.8471056546388498,0.4221892630510773,MEDIUM,RECOVERED
C3674,9036,40,724,DCA_02,0.5449390463492637,0.2532614916897602,LOW,RECOVERED
C3675,32778,273,775,DCA_02,0.4693328206513465,0.3414368935070009,MEDIUM,RECOVERED
C3676,28734,188,859,DCA_01,0.8980807469143512,0.3178362835248313,MEDIUM,RECOVERED
C3677,24173,355,466,DCA_02,0.5736994981395285,0.5973813468053771,MEDIUM,IN_PROGRESS
C3678,31403,93,688,DCA_02,0.4682691386688513,0.35615913937613686,MEDIUM,RECOVERED
C3679,67321,42,632,DCA_02,0.5557710892191232,0.2532919633461622,LOW,IN_PROGRESS
C3680,72675,107,822,DCA_01,0.6569188133914563,0.2784103468487168,LOW,RECOVERED
C3681,7344,328,770,DCA_01,0.4439785432514934,0.36738730413036036,MEDIUM,IN_PROGRESS
C3682,19800,65,823,DCA_01,0.5763104171819466,0.23600234678884813,LOW,RECOVERED
C3683,26372,309,352,DCA_02,0.73442821138803,0.5929143450872598,MEDIUM,RECOVERED
C3684,62516,135,866,DCA_01,0.8579660024517805,0.2466377643087797,LOW,RECOVERED
C3685,21538,24,320,DCA_02,0.5987188422800713,0.3909748687226209,MEDIUM,RECOVERED
C3686,64918,28,318,DCA_02,0.6822821228724569,0.5067916363218381,MEDIUM,IN_PROGRESS
C3687,15973,62,755,DCA_02,0.718031099983472,0.22829999061770057,LOW,IN_PROGRESS
C3688,72155,273,621,DCA_02,0.4353767396689145,0.39171196046921397,MEDIUM,IN_PROGRESS
C3689,60500,229,732,DCA_02,0.5711125211949919,0.2921999656764198,LOW,RECOVERED
C3690,37575,20,358,DCA_02,0.7421270075812566,0.4161163006412444,MEDIUM,RECOVERED
C3691,43261,3,450,DCA_01,0.7678305432451202,0.3792556341249864,MEDIUM,RECOVERED
C3692,28716,218,739,DCA_02,0.5779760550869139,0.3665336412293687,MEDIUM,IN_PROGRESS
C3693,4236,307,357,DCA_01,0.4033681251749019,0.6893861984599023,HIGH,IN_PROGRESS
C3694,16848,136,873,DCA_01,0.4034328001237141,0.1900124130230315,LOW,RECOVERED
C3695,3352,3,592,DCA_02,0.6690600088633598,0.28976771745351226,LOW,RECOVERED
C3696,2932,193,481,DCA_01,0.6757429482662276,0.4347893412614229,MEDIUM,RECOVERED
C3697,77449,73,377,DCA_01,0.6778597161888646,0.4666020014790745,MEDIUM,RECOVERED
C3698,9556,361,404,DCA_01,0.7608765329151924,0.6372879224136019,HIGH,IN_PROGRESS
C3699,87836,118,560,DCA_02,0.8606346978470683,0.3597435903785855,MEDIUM,RECOVERED
C3700,6498,154,522,DCA_01,0.8950851038671745,0.40266794552914154,MEDIUM,RECOVERED
C3701,77118,209,783,DCA_02,0.7505333773124394,0.29628080740309026,LOW,RECOVERED
C3702,51098,34,428,DCA_02,0.6569993588119823,0.36624056489016454,MEDIUM,IN_PROGRESS
C3703,65386,137,618,DCA_01,0.4704973991601574,0.3474548222274899,MEDIUM,IN_PROGRESS
C3704,10569,318,808,DCA_01,0.5920875896999174,0.3815740552917013,MEDIUM,RECOVERED
C3705,57882,120,319,DCA_01,0.6862283328399404,0.4256052867887822,MEDIUM,IN_PROGRESS
C3706,71393,115,534,DCA_01,0.8999042405868825,0.3172418257179287,MEDIUM,RECOVERED
C3707,1340,13,896,DCA_01,0.463490811659065,0.2118340842891071,LOW,RECOVERED
C3708,44949,69,853,DCA_02,0.796538235576778,0.21121172658440612,LOW,RECOVERED
C3709,83302,333,649,DCA_02,0.8994700991445403,0.47956295393649284,MEDIUM,RECOVERED
C3710,63443,257,752,DCA_01,0.802645641485533,0.4394427653017924,MEDIUM,RECOVERED
C3711,92668,89,885,DCA_02,0.7835720797781505,0.22707306995820187,LOW,RECOVERED
C3712,75027,47,808,DCA_02,0.5293405685320244,0.24248115805951387,LOW,RECOVERED
C3713,1138,260,722,DCA_01,0.4016812535804463,0.36646270518434676,MEDIUM,IN_PROGRESS
C3714,1358,228,489,DCA_02,0.5129935440499388,0.4349378019822584,MEDIUM,RECOVERED
C3715,76250,180,424,DCA_02,0.7949000575369477,0.5652385863196787,MEDIUM,IN_PROGRESS
C3716,86376,10,305,DCA_02,0.4536405992828736,0.4180785555366088,MEDIUM,IN_PROGRESS
C3717,31654,284,757,DCA_02,0.548059187412149,0.4197140077529107,MEDIUM,IN_PROGRESS
C3718,26879,126,853,DCA_01,0.6812526354899244,0.2531628458544658,LOW,RECOVERED
C3719,82532,134,869,DCA_01,0.6899051502205115,0.29870950262834617,LOW,RECOVERED
C3720,56778,155,821,DCA_01,0.6714943452226487,0.28451676509750956,LOW,IN_PROGRESS
C3721,38772,248,388,DCA_02,0.8904417476872706,0.6099143237726383,HIGH,RECOVERED
C3722,59478,140,410,DCA_02,0.4061427978254486,0.42608766091250494,MEDIUM,IN_PROGRESS
C3723,65353,318,850,DCA_02,0.6437992550396372,0.440145077388269,MEDIUM,IN_PROGRESS
C3724,27762,176,696,DCA_01,0.6522103101639201,0.3738089555446744,MEDIUM,RECOVERED
C3725,14283,323,310,DCA_01,0.5466610665604752,0.6257052805151961,HIGH,IN_PROGRESS
C3726,64922,174,796,DCA_02,0.6625356378293864,0.2694381511917713,LOW,IN_PROGRESS
C3727,40420,74,315,DCA_01,0.7366399204002878,0.4822003939418641,MEDIUM,IN_PROGRESS
C3728,56568,351,332,DCA_01,0.7363779538252899,0.6555191370079617,HIGH,IN_PROGRESS
C3729,86090,143,788,DCA_01,0.4439284878708453,0.2960217183033049,LOW,RECOVERED
C3730,21219,292,487,DCA_01,0.8012299903322833,0.4908907813108019,MEDIUM,RECOVERED
C3731,58169,112,870,DCA_02,0.8653549150428571,0.21228794820080554,LOW,IN_PROGRESS
C3732,75965,206,757,DCA_01,0.4618059289812984,0.38466053220270624,MEDIUM,RECOVERED
C3733,47840,131,350,DCA_02,0.6083201428526602,0.5238732872531218,MEDIUM,RECOVERED
C3734,45695,110,570,DCA_01,0.6558751138935264,0.3325774058570051,MEDIUM,IN_PROGRESS
C3735,85754,67,763,DCA_02,0.4674108446719565,0.2584439688932062,LOW,RECOVERED
C3736,78988,86,342,DCA_01,0.6516920251095273,0.45028802209120056,MEDIUM,IN_PROGRESS
C3737,59342,275,838,DCA_01,0.5034294183121908,0.33914466353503425,MEDIUM,RECOVERED
C3738,19951,227,867,DCA_02,0.8676804787143929,0.2654239814764412,LOW,RECOVERED
C3739,2307,325,420,DCA_01,0.6242351709129549,0.5750639596580234,MEDIUM,RECOVERED
C3740,81388,10,615,DCA_01,0.8974506256733572,0.3350723526514039,MEDIUM,RECOVERED
C3741,91768,355,414,DCA_01,0.4232555741337331,0.5772175497387957,MEDIUM,IN_PROGRESS
C3742,36428,288,753,DCA_01,0.4637903721810824,0.3739056097584055,MEDIUM,RECOVERED
C3743,93021,112,819,DCA_02,0.6216054002699407,0.283017424913106,LOW,IN_PROGRESS
C3744,76774,24,636,DCA_02,0.8371796424659663,0.3115648517894384,MEDIUM,IN_PROGRESS
C3745,39975,291,539,DCA_01,0.6776128951805882,0.4942271906088421,MEDIUM,IN_PROGRESS
C3746,2140,339,685,DCA_02,0.7661716103245032,0.4045055174569244,MEDIUM,RECOVERED
C3747,25842,326,444,DCA_02,0.6117815786247738,0.5807892427924194,MEDIUM,RECOVERED
C3748,27421,168,676,DCA_01,0.4202560179239973,0.3359121196743873,MEDIUM,RECOVERED
C3749,2708,109,303,DCA_01,0.7239062792168991,0.539694273540271,MEDIUM,IN_PROGRESS
C3750,4630,190,627,DCA_02,0.7170007285658616,0.37283737643709103,MEDIUM,RECOVERED
C3751,20595,355,496,DCA_02,0.4357140160781256,0.5785191556838379,MEDIUM,IN_PROGRESS
C3752,77021,196,688,DCA_02,0.485440734619143,0.39147699464642594,MEDIUM,RECOVERED
C3753,29308,33,560,DCA_02,0.6380778994439096,0.37248785105395554,MEDIUM,RECOVERED
C3754,45789,205,393,DCA_02,0.6233187938719882,0.48308432739217055,MEDIUM,RECOVERED
C3755,56690,312,556,DCA_02,0.7762087501896293,0.568969064166916,MEDIUM,IN_PROGRESS
C3756,27086,182,435,DCA_01,0.5937065684608418,0.4435842325943492,MEDIUM,IN_PROGRESS
C3757,17859,147,824,DCA_02,0.7316501194128324,0.22626079774141128,LOW,RECOVERED
C3758,8684,268,797,DCA_01,0.7522117700238786,0.3277533708910283,MEDIUM,IN_PROGRESS
C3759,92088,11,477,DCA_02,0.7225019297629314,0.3569295461871701,MEDIUM,RECOVERED
C3760,2207,70,411,DCA_02,0.6980627859522268,0.4680383447187888,MEDIUM,RECOVERED
C3761,47099,256,563,DCA_01,0.8028417403259251,0.47010895139324627,MEDIUM,IN_PROGRESS
C3762,68496,219,713,DCA_02,0.728553486741855,0.3841002760815103,MEDIUM,IN_PROGRESS
C3763,67093,297,668,DCA_02,0.817092173206162,0.42167971162408424,MEDIUM,IN_PROGRESS
C3764,30689,362,890,DCA_02,0.7183427633917043,0.36270853775172596,MEDIUM,RECOVERED
C3765,49651,259,677,DCA_02,0.4794865084371447,0.43981420019846207,MEDIUM,RECOVERED
C3766,14893,3,885,DCA_01,0.5547227031951685,0.18756241444059507,LOW,RECOVERED
C3767,98808,84,682,DCA_01,0.5651776662421855,0.28425464486163554,LOW,RECOVERED
C3768,67418,156,810,DCA_01,0.4469577353684508,0.2822417438632443,LOW,RECOVERED
C3769,61011,151,676,DCA_01,0.7461533287471851,0.41003491448223284,MEDIUM,IN_PROGRESS
C3770,39635,176,844,DCA_01,0.69755557316369,0.3212082266292021,MEDIUM,RECOVERED
C3771,57115,195,372,DCA_01,0.6948774608901352,0.5665401214147887,MEDIUM,RECOVERED
C3772,96071,107,803,DCA_01,0.6392586506337474,0.2556143615875939,LOW,RECOVERED
C3773,79405,134,651,DCA_02,0.6715623134165827,0.2774232780552326,LOW,RECOVERED
C3774,73702,276,624,DCA_02,0.4040436457763232,0.48216254588579077,MEDIUM,IN_PROGRESS
C3775,79518,352,687,DCA_01,0.4481240347217181,0.507516148463778,MEDIUM,IN_PROGRESS
C3776,73805,155,539,DCA_01,0.7416764852326526,0.4554583271282171,MEDIUM,RECOVERED
C3777,59954,277,373,DCA_02,0.5307334032003583,0.5470439046277495,MEDIUM,IN_PROGRESS
C3778,29064,236,330,DCA_02,0.4539557686873091,0.6228349414386218,HIGH,IN_PROGRESS
C3779,80063,240,778,DCA_01,0.5643276300940201,0.373986216313112,MEDIUM,IN_PROGRESS
C3780,3454,13,313,DCA_01,0.5272412749800108,0.3749582122401749,MEDIUM,RECOVERED
C3781,21878,342,615,DCA_02,0.4146862318124028,0.4805091348810163,MEDIUM,IN_PROGRESS
C3782,52098,35,367,DCA_01,0.605278901653581,0.39027520842668784,MEDIUM,RECOVERED
C3783,63154,47,837,DCA_02,0.4135145980844464,0.1948172841414224,LOW,RECOVERED
C3784,13991,214,590,DCA_01,0.4001954279234915,0.4311978396077799,MEDIUM,IN_PROGRESS
C3785,69344,146,323,DCA_02,0.796236875326888,0.5946810982708044,MEDIUM,RECOVERED
C3786,37593,159,714,DCA_02,0.5574858148954591,0.3631226161234292,MEDIUM,IN_PROGRESS
C3787,37304,125,335,DCA_01,0.6837931924431625,0.5715615090694024,MEDIUM,RECOVERED
C3788,31386,110,400,DCA_02,0.5488753847469792,0.5255310280880093,MEDIUM,IN_PROGRESS
C3789,56220,37,845,DCA_02,0.8650118485850757,0.2721038861609655,LOW,RECOVERED
C3790,70338,277,338,DCA_02,0.7645906157502422,0.5318094207387829,MEDIUM,IN_PROGRESS
C3791,95289,14,510,DCA_02,0.5845851287818453,0.35785605944054,MEDIUM,RECOVERED
C3792,22083,347,891,DCA_02,0.5053134585264807,0.38875733647436594,MEDIUM,IN_PROGRESS
C3793,19354,232,471,DCA_02,0.4689031913002212,0.4570554792639989,MEDIUM,RECOVERED
C3794,23190,316,741,DCA_01,0.7812093419891459,0.49079548636778814,MEDIUM,RECOVERED
C3795,7142,124,358,DCA_02,0.6265183786819268,0.46791040238362636,MEDIUM,RECOVERED
C3796,29398,279,709,DCA_02,0.5159816894459064,0.411290859043531,MEDIUM,IN_PROGRESS
C3797,52971,111,833,DCA_02,0.8598130356112166,0.21574276416746951,LOW,IN_PROGRESS
C3798,42862,124,664,DCA_02,0.5950481982660125,0.3004677365215843,MEDIUM,IN_PROGRESS
C3799,99668,30,666,DCA_02,0.6717463575944179,0.3459606000047867,MEDIUM,RECOVERED
C3800,54410,115,643,DCA_02,0.8288995921370391,0.3844307935765542,MEDIUM,RECOVERED
C3801,20503,90,595,DCA_02,0.8166875317187429,0.28086779054017386,LOW,RECOVERED
C3802,49456,212,640,DCA_02,0.7189768158627128,0.3909093825858605,MEDIUM,IN_PROGRESS
C3803,83035,38,822,DCA_01,0.8443118915355432,0.22708065618671136,LOW,RECOVERED
C3804,9016,83,564,DCA_02,0.8760490807214034,0.33512244999781804,MEDIUM,RECOVERED
C3805,3384,27,823,DCA_01,0.8675570673084447,0.18570688019744763,LOW,RECOVERED
C3806,63320,217,337,DCA_02,0.5745036678216975,0.5020324286261446,MEDIUM,IN_PROGRESS
C3807,16072,360,430,DCA_01,0.5985855481018951,0.5866251084693642,MEDIUM,RECOVERED
C3808,81018,215,681,DCA_01,0.5202519324906585,0.34816536986675206,MEDIUM,IN_PROGRESS
C3809,41510,221,524,DCA_01,0.8184149217970809,0.5143569483237886,MEDIUM,RECOVERED
C3810,49933,15,442,DCA_02,0.4609123029552487,0.35882268182268295,MEDIUM,RECOVERED
C3811,22826,259,730,DCA_01,0.5775416850844748,0.3444709268889048,MEDIUM,RECOVERED
C3812,69026,266,688,DCA_02,0.40486659835396,0.3949916255982264,MEDIUM,RECOVERED
C3813,26518,120,353,DCA_01,0.6973231218119543,0.424784992019429,MEDIUM,IN_PROGRESS
C3814,25045,128,323,DCA_01,0.7291921534746073,0.4680712876614618,MEDIUM,IN_PROGRESS
C3815,51876,211,694,DCA_02,0.5244937504327525,0.35707794023622985,MEDIUM,IN_PROGRESS
C3816,93446,11,418,DCA_01,0.7683653261494925,0.4475328306534533,MEDIUM,RECOVERED
C3817,91102,176,885,DCA_01,0.5907683939600236,0.2904864885671058,LOW,RECOVERED
C3818,52919,133,484,DCA_01,0.5558555392256603,0.38247697288525384,MEDIUM,RECOVERED
C3819,28103,325,491,DCA_02,0.8780827116387677,0.5208393964227288,MEDIUM,IN_PROGRESS
C3820,37188,320,786,DCA_01,0.6943462322180547,0.34667542224866266,MEDIUM,IN_PROGRESS
C3821,6845,14,683,DCA_02,0.5261596979322466,0.3091623894156076,MEDIUM,RECOVERED
C3822,87698,50,645,DCA_02,0.8916210759258467,0.3366643008624034,MEDIUM,RECOVERED
C3823,37674,72,772,DCA_01,0.5937748191684291,0.21958554277656028,LOW,RECOVERED
C3824,20337,69,302,DCA_01,0.7239148921285716,0.4852018230643108,MEDIUM,IN_PROGRESS
C3825,23313,16,349,DCA_01,0.7619269573370947,0.4036150749757733,MEDIUM,RECOVERED
C3826,27943,334,803,DCA_01,0.6111479101515647,0.32577815008770317,MEDIUM,RECOVERED
C3827,78949,357,510,DCA_02,0.6679583925924679,0.5692004219240409,MEDIUM,RECOVERED
C3828,1276,56,827,DCA_01,0.519890964320812,0.24397421983063183,LOW,RECOVERED
C3829,52151,105,582,DCA_01,0.6329108778833258,0.39678207117338826,MEDIUM,IN_PROGRESS
C3830,18611,132,678,DCA_01,0.5554000440066977,0.3241546480297175,MEDIUM,IN_PROGRESS
C3831,12944,48,625,DCA_01,0.6737289665144275,0.3462624476195586,MEDIUM,RECOVERED
C3832,53887,248,597,DCA_01,0.734945169714015,0.4196011178620196,MEDIUM,RECOVERED
C3833,82442,273,437,DCA_01,0.7070026004301665,0.5622270490382304,MEDIUM,RECOVERED
C3834,50847,111,424,DCA_02,0.7883583803044422,0.5263470090187888,MEDIUM,RECOVERED
C3835,59653,326,691,DCA_02,0.4207650145906922,0.4762130771517491,MEDIUM,RECOVERED
C3836,87072,336,701,DCA_01,0.4392983805288312,0.4693820564593757,MEDIUM,RECOVERED
C3837,57622,349,779,DCA_01,0.5026570531472729,0.44262278156251056,MEDIUM,RECOVERED
C3838,28810,38,700,DCA_02,0.892901266776552,0.27949428397647846,LOW,RECOVERED
C3839,78842,357,869,DCA_01,0.8001340263724894,0.32325210892228784,MEDIUM,IN_PROGRESS
C3840,11503,240,661,DCA_01,0.8620605086239357,0.3537058206671525,MEDIUM,IN_PROGRESS
C3841,85761,318,365,DCA_02,0.5360451757693958,0.644344858193763,HIGH,IN_PROGRESS
C3842,37976,121,727,DCA_01,0.686928247920535,0.284788972965597,LOW,IN_PROGRESS
C3843,12590,48,820,DCA_01,0.6774423981280737,0.19043104458709414,LOW,RECOVERED
C3844,11886,10,731,DCA_02,0.684759475578137,0.2250028565186596,LOW,RECOVERED
C3845,13866,233,404,DCA_01,0.7587834704347918,0.5710137418637069,MEDIUM,IN_PROGRESS
C3846,67624,36,388,DCA_02,0.5969900156821715,0.41151738584109454,MEDIUM,RECOVERED
C3847,69899,4,900,DCA_02,0.7386051800965654,0.16680676255219573,LOW,RECOVERED
C3848,33792,44,305,DCA_01,0.7942185220638469,0.4457183452336686,MEDIUM,RECOVERED
C3849,10764,56,457,DCA_02,0.5445366179991366,0.3861560492182686,MEDIUM,RECOVERED
C3850,87156,42,678,DCA_02,0.8728715995274943,0.3437182023364076,MEDIUM,IN_PROGRESS
C3851,43727,255,629,DCA_02,0.6590240073512894,0.35290324209561075,MEDIUM,RECOVERED
C3852,79471,228,402,DCA_02,0.7663813518872064,0.5969843063310449,MEDIUM,RECOVERED
C3853,9068,114,522,DCA_02,0.7644624500930371,0.40567724167115715,MEDIUM,RECOVERED
C3854,8295,237,701,DCA_02,0.6826216595438745,0.3658280236535777,MEDIUM,IN_PROGRESS
C3855,42160,174,844,DCA_02,0.5613418473251924,0.26551576277471,LOW,RECOVERED
C3856,12390,255,808,DCA_01,0.7334697309795661,0.349750104497467,MEDIUM,RECOVERED
C3857,21131,277,483,DCA_01,0.4436424366627324,0.4389442369949722,MEDIUM,RECOVERED
C3858,95754,335,386,DCA_01,0.8907176938567976,0.621435581877313,HIGH,RECOVERED
C3859,76969,69,880,DCA_02,0.491998630643032,0.17895800621844415,LOW,IN_PROGRESS
C3860,16038,326,679,DCA_02,0.5377130930013085,0.4109976142904269,MEDIUM,RECOVERED
C3861,53327,230,837,DCA_02,0.8772195682799029,0.368131816042631,MEDIUM,RECOVERED
C3862,94718,67,712,DCA_01,0.4932706887080102,0.23677009058090748,LOW,RECOVERED
C3863,78064,304,817,DCA_01,0.4850463491743434,0.3260037174519542,MEDIUM,RECOVERED
C3864,22281,36,594,DCA_02,0.8022679899310798,0.31236037343196477,MEDIUM,RECOVERED
C3865,55189,159,559,DCA_01,0.525644085740111,0.43485995111549736,MEDIUM,IN_PROGRESS
C3866,49511,149,683,DCA_02,0.4473632940068136,0.35283635954791026,MEDIUM,IN_PROGRESS
C3867,9605,27,603,DCA_02,0.5133215139058012,0.26987901747008747,LOW,RECOVERED
C3868,2381,72,615,DCA_01,0.8441867928565991,0.3227510310773911,MEDIUM,RECOVERED
C3869,67634,248,376,DCA_01,0.5401595927270275,0.5463532797835922,MEDIUM,IN_PROGRESS
C3870,20810,101,678,DCA_01,0.7475302582085153,0.2523545481258067,LOW,RECOVERED
C3871,25322,190,760,DCA_01,0.5975696147397377,0.3104481154028944,MEDIUM,IN_PROGRESS
C3872,42869,96,355,DCA_02,0.5310593835508755,0.43131585899464253,MEDIUM,IN_PROGRESS
C3873,33955,282,380,DCA_01,0.4720237035763383,0.6054354387130478,HIGH,IN_PROGRESS
C3874,62388,322,475,DCA_01,0.8860958642772516,0.5970419133670206,MEDIUM,RECOVERED
C3875,11207,278,682,DCA_02,0.660557772133876,0.4015138607326013,MEDIUM,IN_PROGRESS
C3876,88329,17,448,DCA_01,0.4573774965950817,0.3614127469195072,MEDIUM,IN_PROGRESS
C3877,68628,263,580,DCA_02,0.4994069880400231,0.5379738320345253,MEDIUM,RECOVERED
C3878,29220,107,644,DCA_02,0.6036485388585004,0.33654202278242207,MEDIUM,RECOVERED
C3879,85050,68,708,DCA_01,0.6720852633075135,0.2374564305733846,LOW,RECOVERED
C3880,75085,128,329,DCA_01,0.490898399119842,0.5688528123082373,MEDIUM,IN_PROGRESS
C3881,23031,293,721,DCA_01,0.5388641788887011,0.4208969728014772,MEDIUM,RECOVERED
C3882,71721,294,530,DCA_02,0.7918531625582832,0.5707477879463725,MEDIUM,IN_PROGRESS
C3883,81807,96,658,DCA_02,0.6087407999435421,0.3446864701203496,MEDIUM,RECOVERED
C3884,72312,1,461,DCA_01,0.4007011839138611,0.32666837607590826,MEDIUM,RECOVERED
C3885,60766,298,527,DCA_01,0.4269701442032284,0.5201290545798645,MEDIUM,IN_PROGRESS
C3886,13449,180,520,DCA_01,0.619664223136531,0.44291895270960124,MEDIUM,RECOVERED
C3887,90833,181,372,DCA_01,0.4300588687924191,0.5511043831085103,MEDIUM,IN_PROGRESS
C3888,57699,235,698,DCA_02,0.4869522059058874,0.340866440247938,MEDIUM,IN_PROGRESS
C3889,82253,319,394,DCA_01,0.7639382213320387,0.6473101870880467,HIGH,IN_PROGRESS
C3890,47092,337,774,DCA_02,0.6401919123607854,0.45823482758053335,MEDIUM,IN_PROGRESS
C3891,64671,8,394,DCA_02,0.6412309665812947,0.48758023231775705,MEDIUM,RECOVERED
C3892,11350,27,423,DCA_02,0.6991090459157052,0.3902500378335123,MEDIUM,RECOVERED
C3893,97158,308,799,DCA_02,0.7942593340755159,0.4636625355928009,MEDIUM,IN_PROGRESS
C3894,69487,146,347,DCA_01,0.4792929755406855,0.5817439857312607,MEDIUM,IN_PROGRESS
C3895,18622,91,394,DCA_02,0.4865237968074528,0.49555450672013357,MEDIUM,IN_PROGRESS
C3896,71263,342,776,DCA_01,0.460701925112844,0.3485363849246911,MEDIUM,RECOVERED
C3897,54117,272,332,DCA_01,0.8684146386224219,0.6541727717394524,HIGH,IN_PROGRESS
C3898,59394,322,417,DCA_01,0.6886451118183224,0.6141753352914214,HIGH,IN_PROGRESS
C3899,24782,5,550,DCA_02,0.4463202114770669,0.33627201091102443,MEDIUM,RECOVERED
C3900,29454,82,602,DCA_01,0.5103227804508141,0.4009162887049479,MEDIUM,IN_PROGRESS
C3901,68904,219,421,DCA_01,0.7627950249564228,0.5672415477161623,MEDIUM,IN_PROGRESS
C3902,16592,118,517,DCA_02,0.4144958394087723,0.3944211809964795,MEDIUM,RECOVERED
C3903,23173,81,352,DCA_02,0.7628277789934867,0.4329092869011384,MEDIUM,RECOVERED
C3904,34204,70,425,DCA_02,0.8557322090963635,0.4223574417760342,MEDIUM,IN_PROGRESS
C3905,36596,115,458,DCA_01,0.4281908828856936,0.4363097986290819,MEDIUM,RECOVERED
C3906,35324,263,900,DCA_02,0.4932102228792793,0.3076967849560075,MEDIUM,RECOVERED
C3907,62202,306,475,DCA_02,0.4011893008067853,0.6178837511130548,HIGH,IN_PROGRESS
C3908,90400,142,591,DCA_02,0.4545152572952269,0.4116759992996356,MEDIUM,RECOVERED
C3909,31750,207,458,DCA_01,0.7084957603361214,0.5488174001285469,MEDIUM,RECOVERED
C3910,77112,111,790,DCA_01,0.4224088981695678,0.21231085890204382,LOW,IN_PROGRESS
C3911,17566,303,656,DCA_02,0.6129175377431627,0.4396817464938354,MEDIUM,IN_PROGRESS
C3912,8190,112,536,DCA_01,0.6517008832750756,0.32708743241578087,MEDIUM,IN_PROGRESS
C3913,89607,43,727,DCA_02,0.8533145491362715,0.23461201393081854,LOW,RECOVERED
C3914,39333,347,424,DCA_01,0.6371451777569097,0.6558117749984007,HIGH,IN_PROGRESS
C3915,81905,285,614,DCA_01,0.4712727595724194,0.5344491075075198,MEDIUM,IN_PROGRESS
C3916,90571,128,578,DCA_01,0.5446461073154978,0.32753902339576846,MEDIUM,RECOVERED
C3917,2589,185,404,DCA_01,0.7360976828291239,0.4926037842181745,MEDIUM,IN_PROGRESS
C3918,26235,229,341,DCA_01,0.4560579051113821,0.5778080634917608,MEDIUM,IN_PROGRESS
C3919,1159,221,696,DCA_02,0.5158713838343711,0.38350524419296217,MEDIUM,RECOVERED
C3920,13145,352,759,DCA_01,0.8978885605354636,0.4275647706726917,MEDIUM,IN_PROGRESS
C3921,81909,117,790,DCA_02,0.4027672854565096,0.2538369695933418,LOW,RECOVERED
C3922,32921,70,864,DCA_02,0.4760916565982857,0.23931594922522625,LOW,RECOVERED
C3923,17237,70,467,DCA_01,0.8218429206301302,0.35428703461052713,MEDIUM,RECOVERED
C3924,9244,110,473,DCA_02,0.4506910116114872,0.4443767801339119,MEDIUM,RECOVERED
C3925,15743,132,671,DCA_01,0.4168205027922818,0.33288981119769967,MEDIUM,RECOVERED
C3926,98102,56,898,DCA_02,0.4606561519263767,0.2075190242558721,LOW,RECOVERED
C3927,47101,89,449,DCA_01,0.7467985943489113,0.4466378020901276,MEDIUM,RECOVERED
C3928,85227,137,548,DCA_02,0.8965552659113916,0.47014167150079134,MEDIUM,RECOVERED
C3929,57378,131,479,DCA_02,0.6953177828973187,0.42429818005745246,MEDIUM,RECOVERED
C3930,72126,218,419,DCA_02,0.4621581345294934,0.4625106019486124,MEDIUM,IN_PROGRESS
C3931,57071,176,327,DCA_01,0.4918893854806166,0.5876862054748215,MEDIUM,IN_PROGRESS
C3932,72121,171,416,DCA_01,0.6688410042768084,0.4212800932131223,MEDIUM,RECOVERED
C3933,75763,100,561,DCA_01,0.7578290935928084,0.34734573134819813,MEDIUM,RECOVERED
C3934,94814,129,337,DCA_02,0.7314560913870447,0.504013086532294,MEDIUM,IN_PROGRESS
C3935,13237,57,496,DCA_01,0.6873632491622181,0.35158896100319315,MEDIUM,RECOVERED
C3936,16649,181,824,DCA_02,0.8931348879131347,0.37033229961143044,MEDIUM,RECOVERED
C3937,38713,246,736,DCA_02,0.4990169750932434,0.3157635487128285,MEDIUM,IN_PROGRESS
C3938,74463,144,709,DCA_02,0.4864519955347364,0.32287009249440046,MEDIUM,RECOVERED
C3939,46409,51,632,DCA_01,0.8295306052091971,0.29291578695342624,LOW,IN_PROGRESS
C3940,49766,218,830,DCA_01,0.5454108646842613,0.3846733648649362,MEDIUM,IN_PROGRESS
C3941,47154,104,764,DCA_02,0.5662631885818852,0.23846887264700944,LOW,RECOVERED
C3942,8016,55,457,DCA_01,0.674334069997166,0.42533207815452245,MEDIUM,RECOVERED
C3943,80563,257,459,DCA_01,0.5906373996431125,0.47727682930479254,MEDIUM,IN_PROGRESS
C3944,49688,346,633,DCA_02,0.5438202159199348,0.461510852276412,MEDIUM,RECOVERED
C3945,90678,156,675,DCA_01,0.8585876306236845,0.41861109993871204,MEDIUM,IN_PROGRESS
C3946,55238,53,378,DCA_02,0.4646371064843353,0.4605546976473922,MEDIUM,IN_PROGRESS
C3947,59608,329,496,DCA_02,0.6021448917024873,0.5914648948983744,MEDIUM,RECOVERED
C3948,90081,187,419,DCA_02,0.4014835293552455,0.4220317277063934,MEDIUM,IN_PROGRESS
C3949,32897,364,525,DCA_01,0.8037268299828552,0.552226410687991,MEDIUM,IN_PROGRESS
C3950,51961,150,894,DCA_01,0.4842094230479746,0.23347696344498847,LOW,IN_PROGRESS
C3951,69703,264,709,DCA_01,0.7864949984079423,0.3835651571715971,MEDIUM,RECOVERED
C3952,45757,250,837,DCA_02,0.474301557239072,0.3008031243776681,MEDIUM,RECOVERED
C3953,27917,298,638,DCA_02,0.6083694237588018,0.5040751429641112,MEDIUM,RECOVERED
C3954,23736,211,855,DCA_01,0.7640924692514579,0.2613791444174125,LOW,RECOVERED
C3955,28990,25,895,DCA_01,0.5354044015874079,0.2209146682834432,LOW,IN_PROGRESS
C3956,63551,294,836,DCA_01,0.5569585628046961,0.3468652046927967,MEDIUM,RECOVERED
C3957,59161,341,519,DCA_01,0.7336612473883466,0.49984573503466534,MEDIUM,IN_PROGRESS
C3958,80623,152,592,DCA_01,0.4938504918161316,0.3726415342037126,MEDIUM,RECOVERED
C3959,23440,24,503,DCA_02,0.8758921913175757,0.3107329975176324,MEDIUM,RECOVERED
C3960,36205,252,813,DCA_02,0.4943938420953663,0.3148265071046604,MEDIUM,IN_PROGRESS
C3961,81811,60,501,DCA_01,0.7749977301954436,0.3616277523084078,MEDIUM,IN_PROGRESS
C3962,56103,66,331,DCA_01,0.8012994346368307,0.48148736662071845,MEDIUM,RECOVERED
C3963,71812,53,388,DCA_02,0.5871852198037186,0.3700867342520886,MEDIUM,IN_PROGRESS
C3964,42627,106,501,DCA_01,0.4781195703355245,0.4613320880366337,MEDIUM,IN_PROGRESS
C3965,20008,96,592,DCA_02,0.4829517579401239,0.3811620991989293,MEDIUM,RECOVERED
C3966,72274,176,414,DCA_02,0.8927251820045119,0.48136961555803803,MEDIUM,RECOVERED
C3967,33402,39,521,DCA_01,0.7627049682712244,0.38499806827209115,MEDIUM,IN_PROGRESS
C3968,54384,168,481,DCA_02,0.6250237183457312,0.3951335602999343,MEDIUM,RECOVERED
C3969,6793,42,768,DCA_01,0.5286748945826085,0.25100122978410444,LOW,RECOVERED
C3970,6571,104,725,DCA_01,0.4094550613723491,0.3527693737767752,MEDIUM,RECOVERED
C3971,97867,333,851,DCA_02,0.7352319283968005,0.4435005750244989,MEDIUM,RECOVERED
C3972,17209,204,359,DCA_01,0.8784581733403509,0.5848981897526531,MEDIUM,RECOVERED
C3973,91930,8,784,DCA_02,0.4534216038667862,0.24293732315240235,LOW,IN_PROGRESS
C3974,44148,282,310,DCA_02,0.7772456235917512,0.5897704139783413,MEDIUM,RECOVERED
C3975,92218,43,684,DCA_01,0.4766184436299625,0.28879525167577136,LOW,RECOVERED
C3976,3224,110,709,DCA_01,0.7960525913298053,0.3503889082638484,MEDIUM,RECOVERED
C3977,49695,210,341,DCA_02,0.585286422549422,0.5505709173071511,MEDIUM,RECOVERED
C3978,33441,237,422,DCA_01,0.7560307888289391,0.5421979513690957,MEDIUM,IN_PROGRESS
C3979,40129,356,551,DCA_01,0.8631412021699254,0.5565793394745908,MEDIUM,RECOVERED
C3980,63368,319,783,DCA_02,0.7100695974610638,0.4040063889235601,MEDIUM,IN_PROGRESS
C3981,93122,49,512,DCA_01,0.8603495121428704,0.3716381149106117,MEDIUM,RECOVERED
C3982,45760,115,567,DCA_02,0.5175121879754389,0.37212379117433436,MEDIUM,IN_PROGRESS
C3983,24478,155,839,DCA_01,0.8890669047160944,0.24665287072624498,LOW,RECOVERED
C3984,72854,137,434,DCA_01,0.8364240359869791,0.4117528497792834,MEDIUM,IN_PROGRESS
C3985,95230,167,797,DCA_02,0.4537866670704767,0.2539992718467332,LOW,RECOVERED
C3986,86716,321,425,DCA_01,0.6067698722002581,0.6237418691266983,HIGH,RECOVERED
C3987,13180,199,658,DCA_01,0.8635147620233057,0.36911634533292437,MEDIUM,RECOVERED
C3988,99538,71,802,DCA_02,0.4390576824124865,0.2880347987373292,LOW,RECOVERED
C3989,16372,7,617,DCA_01,0.6268813812319561,0.28250788901346136,LOW,RECOVERED
C3990,30796,200,311,DCA_02,0.7617968809905701,0.5961922429409177,MEDIUM,RECOVERED
C3991,59272,336,776,DCA_02,0.4167236549661956,0.47019291200155555,MEDIUM,IN_PROGRESS
C3992,90963,67,593,DCA_02,0.7764154519868187,0.39292853381188475,MEDIUM,RECOVERED
C3993,99826,138,739,DCA_02,0.5806012888912481,0.26291709159217347,LOW,RECOVERED
C3994,94635,242,815,DCA_01,0.5246859082827363,0.30137201924158963,MEDIUM,RECOVERED
C3995,55040,213,690,DCA_02,0.6879861254850821,0.35838117087034627,MEDIUM,IN_PROGRESS
C3996,76357,181,615,DCA_02,0.6721656083195271,0.33777838259989024,MEDIUM,RECOVERED
C3997,72368,254,307,DCA_01,0.8369696430999569,0.5745869529010323,MEDIUM,RECOVERED
C3998,79356,101,807,DCA_01,0.7380014678697671,0.3090837520331249,MEDIUM,RECOVERED
C3999,17211,351,423,DCA_01,0.6109321709597642,0.6337602461811166,HIGH,IN_PROGRESS
C4000,6842,87,671,DCA_01,0.7250692059860453,0.329509689233219,MEDIUM,IN_PROGRESS
C4001,64115,185,613,DCA_01,0.7750740175850823,0.4654030556246671,MEDIUM,IN_PROGRESS
C4002,67852,91,484,DCA_02,0.8686642900575516,0.4263509508786678,MEDIUM,RECOVERED
C4003,46968,248,846,DCA_02,0.7521307951471083,0.30301980916929017,MEDIUM,RECOVERED
C4004,18508,214,884,DCA_02,0.6719361777799673,0.2193689386463037,LOW,RECOVERED
C4005,23005,359,824,DCA_02,0.5864900414698012,0.32009662913919246,MEDIUM,RECOVERED
C4006,55575,249,338,DCA_02,0.8457418161413217,0.5225884823191007,MEDIUM,RECOVERED
C4007,81742,126,383,DCA_01,0.7962598173214563,0.48539517062559745,MEDIUM,RECOVERED
C4008,19971,4,320,DCA_01,0.4385906336103686,0.42445613009542604,MEDIUM,IN_PROGRESS
C4009,26599,88,552,DCA_02,0.7497706024510458,0.41995380633420254,MEDIUM,RECOVERED
C4010,88592,151,602,DCA_01,0.6693747896809487,0.3567957622312812,MEDIUM,RECOVERED
C4011,67914,176,557,DCA_01,0.4518219633281295,0.42986571427422426,MEDIUM,IN_PROGRESS
C4012,68055,211,841,DCA_02,0.68248044202649,0.3871865541922045,MEDIUM,RECOVERED
C4013,88697,259,851,DCA_01,0.4962529665731687,0.37382082042779874,MEDIUM,IN_PROGRESS
C4014,6355,91,760,DCA_01,0.7540724422862866,0.288232219231668,LOW,RECOVERED
C4015,55120,259,523,DCA_01,0.5392306531089459,0.47602922699378225,MEDIUM,RECOVERED
C4016,75619,191,391,DCA_01,0.4751719668333136,0.5794458003407752,MEDIUM,IN_PROGRESS
C4017,39342,81,579,DCA_01,0.44098645947666,0.4246116826916728,MEDIUM,RECOVERED
C4018,86992,138,469,DCA_01,0.6453997313768842,0.46998199579830346,MEDIUM,RECOVERED
C4019,79860,350,547,DCA_02,0.4998173870470082,0.5381921368583891,MEDIUM,RECOVERED
C4020,3257,126,660,DCA_01,0.8275639183438006,0.36460187281277623,MEDIUM,RECOVERED
C4021,28364,356,648,DCA_01,0.4015005524666495,0.524836978516699,MEDIUM,RECOVERED
C4022,25972,309,734,DCA_01,0.821819394802132,0.39417918150223796,MEDIUM,IN_PROGRESS
C4023,27654,343,705,DCA_02,0.6605462029195037,0.5191959048576973,MEDIUM,IN_PROGRESS
C4024,81769,230,900,DCA_01,0.8610727721790103,0.2564534976536943,LOW,IN_PROGRESS
C4025,82423,345,377,DCA_02,0.5023056286500592,0.6302824850803229,HIGH,IN_PROGRESS
C4026,30320,310,757,DCA_02,0.4511368993821084,0.38672247417518824,MEDIUM,RECOVERED
C4027,21808,20,885,DCA_02,0.7124791046138728,0.1946960332046187,LOW,IN_PROGRESS
C4028,53389,49,691,DCA_01,0.7533637098703064,0.2558602925219108,LOW,IN_PROGRESS
C4029,96690,135,313,DCA_02,0.5862925298018404,0.5406783182770002,MEDIUM,IN_PROGRESS
C4030,35773,29,344,DCA_02,0.406840086796935,0.5140085378486148,MEDIUM,IN_PROGRESS
C4031,52168,48,337,DCA_01,0.6034812292031482,0.47624799220364233,MEDIUM,RECOVERED
C4032,28747,269,715,DCA_01,0.5168934621557462,0.3925092544176213,MEDIUM,RECOVERED
C4033,77396,3,544,DCA_01,0.5737348206892912,0.279408199335369,LOW,IN_PROGRESS
C4034,84692,258,361,DCA_01,0.6533772292983879,0.6176676435007787,HIGH,RECOVERED
C4035,58505,16,792,DCA_02,0.7511709146463179,0.2195001348277814,LOW,IN_PROGRESS
C4036,86896,94,622,DCA_01,0.8816126431641889,0.3819133595366885,MEDIUM,IN_PROGRESS
C4037,19135,358,551,DCA_02,0.4719999221940318,0.5305415833496915,MEDIUM,IN_PROGRESS
C4038,91887,134,767,DCA_01,0.7399497132623244,0.3572714240355872,MEDIUM,RECOVERED
C4039,97035,301,360,DCA_01,0.5166057259067898,0.5497286757375561,MEDIUM,IN_PROGRESS
C4040,48377,327,418,DCA_01,0.5103523518781619,0.6269402365581722,HIGH,IN_PROGRESS
C4041,24554,133,386,DCA_01,0.7167770398732854,0.5010634708140421,MEDIUM,RECOVERED
C4042,63491,312,894,DCA_02,0.7879997606818357,0.3139901038758405,MEDIUM,RECOVERED
C4043,56621,32,379,DCA_01,0.8888935212046646,0.33970195768838307,MEDIUM,RECOVERED
C4044,59283,305,527,DCA_01,0.7844154051238512,0.479351519813049,MEDIUM,IN_PROGRESS
C4045,86140,269,782,DCA_01,0.4786574841149875,0.30467061651427685,MEDIUM,RECOVERED
C4046,17923,25,609,DCA_02,0.5127013281634796,0.286889620947096,LOW,RECOVERED
C4047,48591,316,882,DCA_02,0.7806948474607057,0.31869800399645853,MEDIUM,RECOVERED
C4048,63261,59,784,DCA_02,0.663493951901172,0.21256993749673647,LOW,RECOVERED
C4049,55336,213,324,DCA_01,0.5477040066994693,0.518647227908128,MEDIUM,RECOVERED
C4050,75083,156,501,DCA_01,0.6358916231632059,0.42200902155097797,MEDIUM,RECOVERED
C4051,61948,314,524,DCA_02,0.8574440107906123,0.456379673141882,MEDIUM,IN_PROGRESS
C4052,34002,276,809,DCA_02,0.777799683836325,0.33962358497888034,MEDIUM,RECOVERED
C4053,81098,210,878,DCA_02,0.6253488715627641,0.2736492335517695,LOW,RECOVERED
C4054,74016,57,858,DCA_02,0.8902769623228535,0.18006083264566397,LOW,RECOVERED
C4055,27672,185,819,DCA_01,0.7974373132589425,0.23867331863364616,LOW,RECOVERED
C4056,5213,54,482,DCA_01,0.4029354555259411,0.3904365018038235,MEDIUM,IN_PROGRESS
C4057,11293,209,376,DCA_02,0.4561836266768058,0.5044466311288869,MEDIUM,RECOVERED
C4058,56860,342,725,DCA_01,0.676984394403531,0.39272656668116535,MEDIUM,RECOVERED
C4059,63507,293,366,DCA_02,0.574977086857787,0.6729135537705567,HIGH,IN_PROGRESS
C4060,58134,340,793,DCA_02,0.8062793819180819,0.35567579311365727,MEDIUM,IN_PROGRESS
C4061,3100,304,846,DCA_01,0.8478435038278059,0.3541161939626897,MEDIUM,IN_PROGRESS
C4062,62997,252,376,DCA_02,0.5203254133376234,0.49509326890721783,MEDIUM,IN_PROGRESS
C4063,29172,304,354,DCA_01,0.7816429094223686,0.621606981772983,HIGH,IN_PROGRESS
C4064,21132,112,772,DCA_02,0.6676986777182641,0.26235711597392564,LOW,RECOVERED
C4065,19199,6,546,DCA_02,0.5959835202578002,0.35125221665477246,MEDIUM,RECOVERED
C4066,37609,191,738,DCA_02,0.7933900259438811,0.3900506094058902,MEDIUM,RECOVERED
C4067,43965,334,613,DCA_02,0.6824618925189885,0.5200434162059717,MEDIUM,IN_PROGRESS
C4068,9016,279,619,DCA_02,0.7176420249896018,0.4856124864106879,MEDIUM,RECOVERED
C4069,40779,340,519,DCA_02,0.4311270280329065,0.5851128901639331,MEDIUM,IN_PROGRESS
C4070,32881,13,670,DCA_01,0.6929398393630473,0.22936676249022514,LOW,RECOVERED
C4071,83594,303,515,DCA_01,0.5503556358247969,0.5565751597210252,MEDIUM,IN_PROGRESS
C4072,25472,44,348,DCA_01,0.6466471126974402,0.4435131485957149,MEDIUM,RECOVERED
C4073,52813,105,762,DCA_02,0.511005525354419,0.3403071858283102,MEDIUM,RECOVERED
C4074,37021,160,417,DCA_02,0.707237826888888,0.5514392971247903,MEDIUM,IN_PROGRESS
C4075,55131,154,381,DCA_02,0.4737344187721077,0.49520160798737334,MEDIUM,RECOVERED
C4076,25087,242,562,DCA_01,0.4614519584582554,0.4749858485157935,MEDIUM,RECOVERED
C4077,13828,181,888,DCA_02,0.4942056983505624,0.22655264330191116,LOW,RECOVERED
C4078,62610,14,795,DCA_02,0.8087322710440793,0.2651931919590971,LOW,RECOVERED
C4079,97664,180,475,DCA_01,0.4167669694948793,0.44169069548682804,MEDIUM,RECOVERED
C4080,2401,292,388,DCA_02,0.7647886157843322,0.6030170512507012,HIGH,IN_PROGRESS
C4081,86179,264,658,DCA_01,0.4282537934292453,0.4636291069412395,MEDIUM,RECOVERED
C4082,16193,168,585,DCA_01,0.6959286193265338,0.3997946159137976,MEDIUM,IN_PROGRESS
C4083,93389,214,596,DCA_01,0.7867792360141259,0.39175486594858455,MEDIUM,RECOVERED
C4084,45864,150,559,DCA_01,0.5155364646476678,0.40569135991519134,MEDIUM,RECOVERED
C4085,21307,16,774,DCA_02,0.4979734737860977,0.27966889170867193,LOW,RECOVERED
C4086,20611,91,835,DCA_02,0.5445890635261664,0.22509109134010374,LOW,RECOVERED
C4087,44791,120,861,DCA_01,0.7498066375130406,0.209398218258398,LOW,RECOVERED
C4088,12950,253,336,DCA_02,0.5274132933027883,0.5882134702159868,MEDIUM,RECOVERED
C4089,77240,60,480,DCA_01,0.6508849975889774,0.3302574099865918,MEDIUM,IN_PROGRESS
C4090,78403,266,324,DCA_02,0.4672330500957569,0.6702318859958276,HIGH,RECOVERED
C4091,3745,31,648,DCA_02,0.6305978019761334,0.25259752304338956,LOW,RECOVERED
C4092,56243,21,842,DCA_02,0.712364237157065,0.24800401426875185,LOW,RECOVERED
C4093,4866,219,526,DCA_01,0.4359094633260117,0.4728689228959435,MEDIUM,IN_PROGRESS
C4094,33245,81,647,DCA_01,0.8077116465238756,0.28125852653327743,LOW,RECOVERED
C4095,45724,289,337,DCA_02,0.8687179593984069,0.6040474278919719,HIGH,RECOVERED
C4096,72354,31,682,DCA_02,0.4967738795374855,0.2691379991726056,LOW,RECOVERED
C4097,52374,234,869,DCA_02,0.779716372837922,0.3046375788093446,MEDIUM,RECOVERED
C4098,31116,36,535,DCA_02,0.5567333311892974,0.3765706931432373,MEDIUM,IN_PROGRESS
C4099,82029,132,480,DCA_01,0.7383623103649546,0.395726846834371,MEDIUM,IN_PROGRESS
C4100,94574,324,413,DCA_01,0.5533387026313672,0.5944174246021712,MEDIUM,RECOVERED
C4101,21447,346,605,DCA_02,0.8311715664498607,0.5706354315181489,MEDIUM,RECOVERED
C4102,31431,132,431,DCA_01,0.5735540426811898,0.44558617417576085,MEDIUM,IN_PROGRESS
C4103,18908,9,647,DCA_01,0.8244153490420376,0.2738100615939437,LOW,RECOVERED
C4104,30336,30,479,DCA_01,0.7830712859679609,0.3643488003006269,MEDIUM,RECOVERED
C4105,41992,115,714,DCA_02,0.4981619562519692,0.3155309686117016,MEDIUM,RECOVERED
C4106,56350,301,889,DCA_01,0.4784765404789218,0.3578475887292337,MEDIUM,RECOVERED
C4107,70561,4,684,DCA_02,0.7898279423680487,0.3372076629104348,MEDIUM,IN_PROGRESS
C4108,52955,325,811,DCA_02,0.5951516270509141,0.39104706596427696,MEDIUM,RECOVERED
C4109,62240,237,342,DCA_02,0.8746965846307666,0.534221372435655,MEDIUM,RECOVERED
C4110,21093,23,779,DCA_02,0.8714741323476057,0.22529277984221274,LOW,RECOVERED
C4111,7155,16,417,DCA_01,0.7467403153055109,0.3800054545605597,MEDIUM,RECOVERED
C4112,47607,22,870,DCA_02,0.6502901698362262,0.26266699264473226,LOW,RECOVERED
C4113,34487,72,360,DCA_01,0.4974836539195597,0.5448844911405695,MEDIUM,RECOVERED
C4114,56668,304,852,DCA_01,0.8411963681884356,0.3984501791816656,MEDIUM,RECOVERED
C4115,21963,230,487,DCA_01,0.4409989771700621,0.5239577652599978,MEDIUM,IN_PROGRESS
C4116,51124,107,752,DCA_01,0.5851756383966473,0.3139428291681341,MEDIUM,RECOVERED
C4117,53870,208,486,DCA_01,0.5596097552278463,0.4904566458217786,MEDIUM,RECOVERED
C4118,57547,208,763,DCA_02,0.8792144146191547,0.39187378553792374,MEDIUM,RECOVERED
C4119,65110,263,463,DCA_01,0.4590579632461331,0.5198535947771777,MEDIUM,RECOVERED
C4120,54554,51,723,DCA_01,0.8450749983130696,0.25249849121801027,LOW,RECOVERED
C4121,21936,65,401,DCA_01,0.6282173160334574,0.4744687274358613,MEDIUM,IN_PROGRESS
C4122,5426,265,566,DCA_02,0.4237494543089507,0.41800383330307256,MEDIUM,RECOVERED
C4123,89839,338,452,DCA_02,0.7644331762389562,0.5447432222261475,MEDIUM,IN_PROGRESS
C4124,28606,301,728,DCA_01,0.4504396311394523,0.39377889941765487,MEDIUM,IN_PROGRESS
C4125,48832,175,726,DCA_01,0.5185020391449655,0.3991974537724733,MEDIUM,RECOVERED
C4126,29151,152,877,DCA_01,0.7998644174793067,0.2478411447801443,LOW,RECOVERED
C4127,80303,266,835,DCA_02,0.4773660044876511,0.3343573552848079,MEDIUM,IN_PROGRESS
C4128,12308,329,632,DCA_02,0.562735021619921,0.45761265032501464,MEDIUM,RECOVERED
C4129,63522,304,739,DCA_02,0.5804991449190785,0.4046509011713657,MEDIUM,IN_PROGRESS
C4130,46671,163,423,DCA_01,0.6944012844077121,0.49808386166107366,MEDIUM,RECOVERED
C4131,91306,343,601,DCA_02,0.7949666483895381,0.43873025095357354,MEDIUM,RECOVERED
C4132,95108,238,648,DCA_02,0.5154056304886794,0.4129476912218423,MEDIUM,IN_PROGRESS
C4133,3204,199,548,DCA_02,0.5028914596913523,0.45119805592945095,MEDIUM,RECOVERED
C4134,93769,16,570,DCA_02,0.5109512968120176,0.3022793634727766,MEDIUM,RECOVERED
C4135,88265,309,728,DCA_01,0.5908059371090677,0.41462966394104495,MEDIUM,RECOVERED
C4136,32131,296,869,DCA_02,0.6675515812884443,0.28317275547658793,LOW,RECOVERED
C4137,53428,356,883,DCA_02,0.4067224772307748,0.3627449700599029,MEDIUM,IN_PROGRESS
C4138,34870,276,546,DCA_01,0.7901487926912516,0.5384187815032304,MEDIUM,RECOVERED
C4139,50067,239,780,DCA_02,0.8633580923158848,0.3803411403056569,MEDIUM,RECOVERED
C4140,59585,69,397,DCA_02,0.8217597788541091,0.44894191258901095,MEDIUM,IN_PROGRESS
C4141,22607,301,628,DCA_01,0.4185922558666301,0.444863856599802,MEDIUM,RECOVERED
C4142,25968,6,892,DCA_01,0.6622523448602895,0.17150359484234645,LOW,RECOVERED
C4143,99934,220,724,DCA_01,0.8070135556512857,0.3035845355043235,MEDIUM,RECOVERED
C4144,12908,254,876,DCA_01,0.5720572342892982,0.31401523659443353,MEDIUM,RECOVERED
C4145,27423,295,723,DCA_01,0.8485186889582753,0.4770616413589399,MEDIUM,RECOVERED
C4146,75707,358,304,DCA_02,0.8434398392355652,0.67461823929606,HIGH,RECOVERED
C4147,79257,107,758,DCA_02,0.4708522603918769,0.2779046438722036,LOW,RECOVERED
C4148,62215,295,892,DCA_02,0.646815385064852,0.28650412662247937,LOW,IN_PROGRESS
C4149,56835,118,797,DCA_01,0.4128337413706496,0.2864714503855974,LOW,IN_PROGRESS
C4150,50429,168,386,DCA_01,0.5409298038892635,0.5202646764392714,MEDIUM,IN_PROGRESS
C4151,83152,251,701,DCA_02,0.8059364190098708,0.380897392419128,MEDIUM,RECOVERED
C4152,39458,82,592,DCA_02,0.8875703028399091,0.3520838917039435,MEDIUM,IN_PROGRESS
C4153,47169,54,580,DCA_01,0.85666162820385,0.27827031530311686,LOW,RECOVERED
C4154,8659,240,496,DCA_02,0.4212901849005995,0.4480524420557871,MEDIUM,IN_PROGRESS
C4155,61614,12,382,DCA_01,0.8633652625592001,0.4050897723431689,MEDIUM,RECOVERED
C4156,78240,209,326,DCA_01,0.8113240884222703,0.601366322979586,HIGH,RECOVERED
C4157,33793,165,434,DCA_01,0.8338512583753674,0.4459582395823646,MEDIUM,RECOVERED
C4158,47473,294,389,DCA_02,0.8574133876428436,0.651282388374723,HIGH,RECOVERED
C4159,97762,7,505,DCA_01,0.6440899587736422,0.3717054147356502,MEDIUM,IN_PROGRESS
C4160,90388,78,326,DCA_02,0.5056091468802177,0.42158369041797594,MEDIUM,RECOVERED
C4161,98618,65,677,DCA_02,0.4105120434364585,0.2781122532794178,LOW,RECOVERED
C4162,89330,102,870,DCA_01,0.411774135356825,0.24943734429363085,LOW,RECOVERED
C4163,56751,357,883,DCA_02,0.7212557114120366,0.29533191622127963,LOW,RECOVERED
C4164,79915,300,714,DCA_02,0.5686400446519397,0.5136145621021965,MEDIUM,IN_PROGRESS
C4165,55254,287,526,DCA_02,0.6479483261648429,0.544256331440327,MEDIUM,RECOVERED
C4166,8006,171,367,DCA_01,0.4656675885380339,0.5064325474179331,MEDIUM,IN_PROGRESS
C4167,75218,77,661,DCA_02,0.8877566830923823,0.36303361200168005,MEDIUM,RECOVERED
C4168,66344,48,559,DCA_01,0.4649714997948654,0.34153210324756933,MEDIUM,RECOVERED
C4169,34840,255,362,DCA_01,0.6224031718057543,0.5894277937599135,MEDIUM,RECOVERED
C4170,33430,82,691,DCA_01,0.6216767665527632,0.32729354510791275,MEDIUM,RECOVERED
C4171,24091,209,545,DCA_01,0.4043192781563028,0.3645343371190176,MEDIUM,RECOVERED
C4172,33983,209,577,DCA_01,0.7338989869634749,0.4566932054048235,MEDIUM,RECOVERED
C4173,24989,84,646,DCA_02,0.6691052863370979,0.3805725281641118,MEDIUM,IN_PROGRESS
C4174,76451,10,671,DCA_02,0.6487480943652559,0.30122070639116616,MEDIUM,RECOVERED
C4175,19990,29,422,DCA_02,0.8090424191798204,0.41640136111684767,MEDIUM,RECOVERED
C4176,91270,304,356,DCA_02,0.5205685933741704,0.614422501008008,HIGH,RECOVERED
C4177,81360,116,459,DCA_02,0.8305484048923759,0.41438630580508007,MEDIUM,RECOVERED
C4178,37081,269,426,DCA_02,0.8323893315082749,0.5854096675747633,MEDIUM,RECOVERED
C4179,12033,47,610,DCA_02,0.8134311579583007,0.382527702992172,MEDIUM,RECOVERED
C4180,17241,359,817,DCA_01,0.5706988875196627,0.34146681545741486,MEDIUM,RECOVERED
C4181,6939,91,564,DCA_02,0.4812787199228261,0.37413489356593543,MEDIUM,RECOVERED
C4182,48562,53,587,DCA_02,0.6375885546899422,0.3827374262886043,MEDIUM,IN_PROGRESS
C4183,36063,218,719,DCA_01,0.5299205291631839,0.36509489202188306,MEDIUM,RECOVERED
C4184,77721,348,827,DCA_01,0.4260907726298691,0.3758439404726813,MEDIUM,RECOVERED
C4185,28045,77,439,DCA_02,0.5397350060197152,0.4165424485213012,MEDIUM,RECOVERED
C4186,45769,204,774,DCA_02,0.6345641558386438,0.36360629974862857,MEDIUM,IN_PROGRESS
C4187,48118,44,828,DCA_01,0.4563677717369828,0.25056540576041675,LOW,RECOVERED
C4188,85703,156,688,DCA_01,0.8721668669385864,0.4095221178255678,MEDIUM,IN_PROGRESS
C4189,22625,2,810,DCA_02,0.7280505905955966,0.1885021024504564,LOW,RECOVERED
C4190,28076,357,837,DCA_01,0.4681703655916917,0.3740656584120291,MEDIUM,RECOVERED
C4191,65805,313,512,DCA_01,0.806032100394825,0.6134896796513432,HIGH,IN_PROGRESS
C4192,45605,57,812,DCA_02,0.8640441479070625,0.22044159970849964,LOW,RECOVERED
C4193,85565,290,564,DCA_01,0.5313920355817792,0.532056080840364,MEDIUM,RECOVERED
C4194,89509,58,642,DCA_02,0.471626378722014,0.28539180671681186,LOW,RECOVERED
C4195,40121,254,337,DCA_01,0.5612377515212809,0.5820703732594514,MEDIUM,RECOVERED
C4196,66101,180,532,DCA_02,0.8161243998142631,0.5279766755261113,MEDIUM,IN_PROGRESS
C4197,32433,157,559,DCA_01,0.4875469464247988,0.3653365296341604,MEDIUM,IN_PROGRESS
C4198,44309,35,607,DCA_01,0.7896732934060171,0.3015790721864443,MEDIUM,RECOVERED
C4199,68468,75,702,DCA_01,0.7581316308966058,0.285781880539969,LOW,IN_PROGRESS
C4200,45254,289,560,DCA_01,0.7256833537780065,0.4822138285961356,MEDIUM,IN_PROGRESS
C4201,68293,75,775,DCA_01,0.6166587496743119,0.28894532861283706,LOW,RECOVERED
C4202,97258,329,405,DCA_01,0.5833851414504749,0.6110899157161982,HIGH,IN_PROGRESS
C4203,38853,78,546,DCA_01,0.4426289877109944,0.35750007685306207,MEDIUM,RECOVERED
C4204,39405,255,603,DCA_02,0.5786778926307861,0.44231432671173765,MEDIUM,IN_PROGRESS
C4205,67652,265,642,DCA_02,0.7009209030945831,0.48090665553106604,MEDIUM,RECOVERED
C4206,44527,304,746,DCA_01,0.8491046080730855,0.40541856928909337,MEDIUM,RECOVERED
C4207,78227,67,337,DCA_01,0.8165622690799164,0.4155934137911268,MEDIUM,RECOVERED
C4208,1492,221,345,DCA_02,0.4161078651200253,0.5049691711432134,MEDIUM,IN_PROGRESS
C4209,94418,164,519,DCA_02,0.4694314475797486,0.4491442687923297,MEDIUM,RECOVERED
C4210,9811,220,555,DCA_02,0.8242439890523967,0.4270866101836843,MEDIUM,IN_PROGRESS
C4211,94344,172,436,DCA_01,0.8696591825246114,0.43583278086197996,MEDIUM,RECOVERED
C4212,25272,254,530,DCA_01,0.4279044222866203,0.494653148843912,MEDIUM,RECOVERED
C4213,94935,210,877,DCA_01,0.7506260320501534,0.25994718810588724,LOW,RECOVERED
C4214,73010,188,337,DCA_02,0.5828665572321134,0.5730691213654073,MEDIUM,RECOVERED
C4215,93492,191,454,DCA_02,0.5821451237375839,0.5141228770781112,MEDIUM,IN_PROGRESS
C4216,48153,215,802,DCA_01,0.7213345962628608,0.33751065453091667,MEDIUM,RECOVERED
C4217,55110,86,404,DCA_02,0.805108043958355,0.49797844824478454,MEDIUM,IN_PROGRESS
C4218,14979,106,554,DCA_01,0.5374187754401818,0.38015596255602857,MEDIUM,IN_PROGRESS
C4219,29328,332,703,DCA_01,0.7526771720336055,0.4671293483135259,MEDIUM,RECOVERED
C4220,13867,296,787,DCA_02,0.7179381543871759,0.4315593024932455,MEDIUM,IN_PROGRESS
C4221,60234,19,757,DCA_01,0.6586603308021193,0.23432680365027558,LOW,RECOVERED
C4222,26851,47,827,DCA_02,0.7012128744077102,0.257124655586931,LOW,IN_PROGRESS
C4223,32279,65,890,DCA_01,0.4090266914540127,0.22049762636083814,LOW,RECOVERED
C4224,97063,146,824,DCA_01,0.402032964973832,0.2739604819228415,LOW,RECOVERED
C4225,74402,286,669,DCA_01,0.675219283346176,0.407855570932258,MEDIUM,RECOVERED
C4226,16449,66,401,DCA_02,0.6620542323833722,0.3992833190193844,MEDIUM,RECOVERED
C4227,77221,5,898,DCA_02,0.4356676026636777,0.17892345579208402,LOW,RECOVERED
C4228,90080,93,899,DCA_01,0.6460131633115322,0.2751226462026187,LOW,RECOVERED
C4229,6451,353,840,DCA_01,0.7787643875135515,0.4399882308863151,MEDIUM,RECOVERED
C4230,88178,94,811,DCA_01,0.6706012220075531,0.2194009647383539,LOW,RECOVERED
C4231,42316,106,688,DCA_01,0.6588071453789708,0.3119461174818091,MEDIUM,IN_PROGRESS
C4232,64064,133,662,DCA_02,0.7589542269628855,0.31635497069984275,MEDIUM,RECOVERED
C4233,64761,341,414,DCA_02,0.4859221034765555,0.5569677686870637,MEDIUM,IN_PROGRESS
C4234,39870,314,642,DCA_01,0.6287402660743832,0.41370971374443843,MEDIUM,RECOVERED
C4235,97566,79,373,DCA_01,0.4740239384517281,0.48368653830983954,MEDIUM,RECOVERED
C4236,31873,212,434,DCA_01,0.66192014845887,0.48699213972137423,MEDIUM,IN_PROGRESS
C4237,59627,8,889,DCA_01,0.6959707162343238,0.1523863186555816,LOW,RECOVERED
C4238,67155,159,679,DCA_01,0.460836650808878,0.33332700917016456,MEDIUM,RECOVERED
C4239,26372,268,789,DCA_02,0.4377575990307791,0.314411282600469,MEDIUM,RECOVERED
C4240,4642,149,424,DCA_01,0.4833668055579315,0.4290620588907077,MEDIUM,IN_PROGRESS
C4241,29001,350,337,DCA_01,0.6931688116573107,0.656709934953605,HIGH,IN_PROGRESS
C4242,35064,91,609,DCA_01,0.4948095805989583,0.3656467098516456,MEDIUM,RECOVERED
C4243,95826,236,405,DCA_02,0.537621654983848,0.5587702169950659,MEDIUM,RECOVERED
C4244,15122,289,855,DCA_01,0.7512729730930624,0.3812667102277413,MEDIUM,RECOVERED
C4245,25820,356,524,DCA_01,0.5241724135150678,0.5778743447912063,MEDIUM,RECOVERED
C4246,69431,168,541,DCA_02,0.5987634947277846,0.4743701609837566,MEDIUM,IN_PROGRESS
C4247,56745,193,696,DCA_01,0.8644226798501184,0.36722836905923983,MEDIUM,RECOVERED
C4248,51081,187,452,DCA_02,0.8124983056805561,0.5615852079407001,MEDIUM,RECOVERED
C4249,71902,271,835,DCA_01,0.5277361250790809,0.3378567658993542,MEDIUM,RECOVERED
C4250,9711,114,701,DCA_01,0.6987879007009075,0.3386391388485759,MEDIUM,IN_PROGRESS
C4251,86132,11,445,DCA_02,0.7329022113488339,0.3104054005221649,MEDIUM,RECOVERED
C4252,19793,55,490,DCA_02,0.850120754865564,0.37802605782535337,MEDIUM,RECOVERED
C4253,9199,258,882,DCA_01,0.673733658386268,0.3893972850374148,MEDIUM,RECOVERED
C4254,77253,65,500,DCA_01,0.6806434387913872,0.4705382928460258,MEDIUM,IN_PROGRESS
C4255,37191,172,311,DCA_01,0.844223606738725,0.5352905111539206,MEDIUM,RECOVERED
C4256,11211,272,351,DCA_01,0.4271908775906942,0.6726226008149412,HIGH,RECOVERED
C4257,64069,150,601,DCA_02,0.7140706612550014,0.4488838047749196,MEDIUM,IN_PROGRESS
C4258,89896,362,599,DCA_01,0.6083246032388961,0.5079922668924026,MEDIUM,IN_PROGRESS
C4259,57746,146,820,DCA_02,0.8548816924980432,0.2629939145862763,LOW,RECOVERED
C4260,22542,209,439,DCA_01,0.8802701357908902,0.5357031942015698,MEDIUM,IN_PROGRESS
C4261,32312,286,399,DCA_01,0.4851236321130083,0.5700117393128239,MEDIUM,IN_PROGRESS
C4262,46242,10,784,DCA_01,0.5407342353090201,0.21673650303751335,LOW,RECOVERED
C4263,94783,227,436,DCA_02,0.5367289513813625,0.5039815786465001,MEDIUM,IN_PROGRESS
C4264,88893,186,665,DCA_01,0.4503138136308605,0.4428614320715927,MEDIUM,IN_PROGRESS
C4265,56388,62,833,DCA_01,0.6414719527356494,0.1893285038787944,LOW,RECOVERED
C4266,28691,85,806,DCA_02,0.6565407053647627,0.20475703292440395,LOW,RECOVERED
C4267,78960,134,460,DCA_02,0.6864891298297772,0.4613920053366687,MEDIUM,RECOVERED
C4268,85388,323,474,DCA_02,0.7314791832231277,0.590409375238568,MEDIUM,IN_PROGRESS
C4269,23601,297,387,DCA_02,0.4314587262323713,0.6717106562785613,HIGH,IN_PROGRESS
C4270,19020,171,698,DCA_02,0.711241772896197,0.28812879726453555,LOW,RECOVERED
C4271,9155,213,779,DCA_02,0.8569046440870264,0.3339648844709575,MEDIUM,RECOVERED
C4272,70119,18,844,DCA_01,0.6274954894913674,0.21073178641241275,LOW,RECOVERED
C4273,82051,314,776,DCA_01,0.453356221658902,0.4792505616066619,MEDIUM,RECOVERED
C4274,37777,60,582,DCA_02,0.4429720133642148,0.3177753157772627,MEDIUM,RECOVERED
C4275,20710,88,751,DCA_02,0.5408761314554522,0.3103604428952148,MEDIUM,RECOVERED
C4276,25532,27,381,DCA_01,0.7762623131486704,0.41306510687302334,MEDIUM,IN_PROGRESS
C4277,19601,68,512,DCA_01,0.5304998276587953,0.39622607789166986,MEDIUM,RECOVERED
C4278,64227,278,819,DCA_02,0.8071654561505857,0.3639219594676818,MEDIUM,IN_PROGRESS
C4279,5967,40,433,DCA_02,0.8098295734829821,0.36522044096186457,MEDIUM,RECOVERED
C4280,85289,109,746,DCA_01,0.6285559190158554,0.23572536133611988,LOW,RECOVERED
C4281,21022,74,417,DCA_02,0.5503944214519872,0.43043228723386406,MEDIUM,RECOVERED
C4282,44463,66,895,DCA_01,0.6988335763545179,0.23287784266637968,LOW,RECOVERED
C4283,75671,168,542,DCA_01,0.8052650744784052,0.4080559663104165,MEDIUM,RECOVERED
C4284,6722,262,449,DCA_02,0.4322853990004219,0.5022080964528921,MEDIUM,IN_PROGRESS
C4285,28413,274,832,DCA_01,0.8767117716633013,0.373713422833434,MEDIUM,RECOVERED
C4286,93772,337,678,DCA_02,0.722950137470803,0.44013906300639816,MEDIUM,IN_PROGRESS
C4287,82050,358,824,DCA_01,0.5990738781528221,0.4387903886057236,MEDIUM,IN_PROGRESS
C4288,86867,237,812,DCA_02,0.6530096177683029,0.34165279379973357,MEDIUM,IN_PROGRESS
C4289,84596,215,416,DCA_02,0.5927962483884288,0.5298345125059225,MEDIUM,IN_PROGRESS
C4290,67732,286,875,DCA_02,0.60630551456472,0.33244542777861863,MEDIUM,RECOVERED
C4291,13297,149,616,DCA_02,0.6978083054210604,0.37528458614435867,MEDIUM,RECOVERED
C4292,69323,318,311,DCA_02,0.4301202484285852,0.6938401481798578,HIGH,RECOVERED
C4293,24816,107,389,DCA_02,0.4876885624924811,0.4561317559214282,MEDIUM,RECOVERED
C4294,41695,141,687,DCA_02,0.5135197849017629,0.29830901496725437,LOW,RECOVERED
C4295,20702,76,382,DCA_02,0.6037571371391716,0.46535273817331346,MEDIUM,RECOVERED
C4296,26242,9,695,DCA_01,0.5855287647886552,0.31248043874691245,MEDIUM,RECOVERED
C4297,56841,196,844,DCA_01,0.7611022798342315,0.29964564658608084,LOW,RECOVERED
C4298,68712,295,399,DCA_02,0.5295896843536615,0.5462593857131656,MEDIUM,IN_PROGRESS
C4299,86663,280,756,DCA_02,0.4285360668035267,0.41344957204603716,MEDIUM,RECOVERED
C4300,93764,118,627,DCA_01,0.4277211230761155,0.31811543140618537,MEDIUM,RECOVERED
C4301,54574,290,373,DCA_02,0.4056565428866565,0.6183391297884202,HIGH,IN_PROGRESS
C4302,86744,61,395,DCA_02,0.4190130032696688,0.4193308976362774,MEDIUM,IN_PROGRESS
C4303,29482,335,391,DCA_02,0.8293303373738772,0.6098229523790286,HIGH,IN_PROGRESS
C4304,10171,306,629,DCA_01,0.7486214588898734,0.5000562722459372,MEDIUM,RECOVERED
C4305,99932,51,474,DCA_01,0.8979655829490211,0.3620662321198026,MEDIUM,IN_PROGRESS
C4306,4696,52,614,DCA_02,0.4101563640608533,0.33174713910229847,MEDIUM,IN_PROGRESS
C4307,21058,122,867,DCA_02,0.8245007755376597,0.26950233383586575,LOW,RECOVERED
C4308,21313,167,796,DCA_02,0.7480281646331217,0.2952565700597438,LOW,IN_PROGRESS
C4309,20149,8,568,DCA_01,0.7201712157382465,0.30320256209114027,MEDIUM,RECOVERED
C4310,54521,45,727,DCA_02,0.5782660628095919,0.2843814503465708,LOW,IN_PROGRESS
C4311,46740,344,334,DCA_02,0.5883637073949893,0.6568467434236366,HIGH,IN_PROGRESS
C4312,5956,245,418,DCA_02,0.8227805952551521,0.48297047215919486,MEDIUM,IN_PROGRESS
C4313,76731,284,670,DCA_01,0.7567419391306454,0.3751104036779026,MEDIUM,IN_PROGRESS
C4314,83612,107,867,DCA_02,0.7351582901761555,0.24318312181936608,LOW,RECOVERED
C4315,67641,27,750,DCA_01,0.4153246642248887,0.24663425695406815,LOW,RECOVERED
C4316,64811,193,608,DCA_02,0.4921598178193553,0.4630875228822964,MEDIUM,RECOVERED
C4317,53160,337,656,DCA_01,0.881312230118505,0.4635322545333038,MEDIUM,IN_PROGRESS
C4318,52313,357,675,DCA_02,0.6271856248950939,0.4903733025314362,MEDIUM,RECOVERED
C4319,64232,62,404,DCA_01,0.7906966151121191,0.4832095844680868,MEDIUM,RECOVERED
C4320,16417,62,689,DCA_01,0.5946626131112117,0.31493069313152766,MEDIUM,IN_PROGRESS
C4321,25729,282,475,DCA_01,0.782161438571586,0.5971145073212054,MEDIUM,RECOVERED
C4322,31099,121,405,DCA_01,0.4596062840527555,0.4204437497866018,MEDIUM,RECOVERED
C4323,99134,280,891,DCA_02,0.4210640098136488,0.35786992207379165,MEDIUM,RECOVERED
C4324,30961,39,462,DCA_01,0.6330882857603093,0.46803162686432354,MEDIUM,RECOVERED
C4325,13602,277,566,DCA_01,0.6958230983622475,0.5358757655848347,MEDIUM,IN_PROGRESS
C4326,10256,94,862,DCA_01,0.5618509456532207,0.22732449691893386,LOW,RECOVERED
C4327,87120,115,578,DCA_01,0.7580023139898893,0.34944055068201774,MEDIUM,RECOVERED
C4328,35681,176,602,DCA_02,0.6479098244436421,0.36795171840416596,MEDIUM,RECOVERED
C4329,92328,121,886,DCA_02,0.8641584237717213,0.2403705713283254,LOW,RECOVERED
C4330,88440,13,426,DCA_02,0.4424952587401144,0.37153974101032083,MEDIUM,RECOVERED
C4331,65789,163,545,DCA_01,0.43328418220054,0.4655193180866052,MEDIUM,IN_PROGRESS
C4332,44361,275,533,DCA_01,0.852560926123493,0.543733301188426,MEDIUM,RECOVERED
C4333,65503,176,884,DCA_02,0.7345535664037045,0.2667052206312356,LOW,RECOVERED
C4334,35540,337,738,DCA_02,0.7355591440657692,0.40215470386676055,MEDIUM,RECOVERED
C4335,27536,324,436,DCA_02,0.4137776111403831,0.6248019144251327,HIGH,RECOVERED
C4336,85700,173,855,DCA_01,0.8688376127442992,0.21636436375549484,LOW,RECOVERED
C4337,64043,275,448,DCA_01,0.785912527965233,0.5457554660648974,MEDIUM,IN_PROGRESS
C4338,79532,64,355,DCA_02,0.7821574089031735,0.5466127223332766,MEDIUM,IN_PROGRESS
C4339,57575,101,655,DCA_02,0.8559648206735218,0.3990164630341062,MEDIUM,RECOVERED
C4340,3871,322,556,DCA_02,0.6890765830451537,0.4839180458637855,MEDIUM,RECOVERED
C4341,47002,66,362,DCA_02,0.5973331952819032,0.48754562445470606,MEDIUM,RECOVERED
C4342,50812,331,362,DCA_01,0.6403395842927503,0.6339573462495832,HIGH,IN_PROGRESS
C4343,23626,45,328,DCA_01,0.7886203516585779,0.4766907489554597,MEDIUM,RECOVERED
C4344,60979,87,851,DCA_02,0.7843649912569259,0.22809211853373013,LOW,RECOVERED
C4345,77057,67,899,DCA_02,0.7047933107138677,0.19722485158633452,LOW,RECOVERED
C4346,67668,259,867,DCA_01,0.5090401799798756,0.260821543805714,LOW,RECOVERED
C4347,81070,205,599,DCA_01,0.8094420456735176,0.40316886592667367,MEDIUM,RECOVERED
C4348,90390,178,514,DCA_01,0.7236207841050983,0.4310405411757584,MEDIUM,RECOVERED
C4349,43998,280,440,DCA_01,0.5106310104474546,0.5231500615016242,MEDIUM,IN_PROGRESS
C4350,64814,344,806,DCA_02,0.6403222248786686,0.3959201128248354,MEDIUM,IN_PROGRESS
C4351,46607,17,860,DCA_01,0.898603165373929,0.18894636872806092,LOW,RECOVERED
C4352,8812,296,798,DCA_01,0.5641899195401984,0.44651428234560153,MEDIUM,IN_PROGRESS
C4353,62844,202,801,DCA_01,0.4582803073854254,0.31121013336304093,MEDIUM,RECOVERED
C4354,71093,172,886,DCA_01,0.410833708592084,0.28790980196309646,LOW,RECOVERED
C4355,3179,262,490,DCA_02,0.4923161785802148,0.5296900686558456,MEDIUM,IN_PROGRESS
C4356,44798,194,348,DCA_02,0.4934831530318564,0.5246968755024126,MEDIUM,RECOVERED
C4357,75601,149,662,DCA_01,0.8290342224331578,0.35416784918642763,MEDIUM,RECOVERED
C4358,9275,35,795,DCA_02,0.4780773745987531,0.18071523284765645,LOW,RECOVERED
C4359,51574,29,576,DCA_01,0.8313254709392153,0.2870554091690416,LOW,IN_PROGRESS
C4360,48857,263,346,DCA_01,0.4433582542215698,0.6736647721101245,HIGH,IN_PROGRESS
C4361,21700,221,515,DCA_02,0.8533221499253169,0.5033656706037628,MEDIUM,IN_PROGRESS
C4362,40464,53,529,DCA_02,0.5281767509606687,0.34881818756034644,MEDIUM,RECOVERED
C4363,43351,279,622,DCA_02,0.7057490309951016,0.49965802559784933,MEDIUM,IN_PROGRESS
C4364,94330,353,720,DCA_01,0.479863592389406,0.48090551593120767,MEDIUM,IN_PROGRESS
C4365,95319,76,524,DCA_01,0.5950278158368032,0.40378914385898024,MEDIUM,RECOVERED
C4366,83534,176,586,DCA_02,0.4428839023417247,0.3803689250099791,MEDIUM,RECOVERED
C4367,14869,10,345,DCA_02,0.6897641021284212,0.40863790333998484,MEDIUM,RECOVERED
C4368,61315,117,313,DCA_01,0.572938743264094,0.5395454234822634,MEDIUM,RECOVERED
C4369,94688,280,674,DCA_02,0.8260750418060799,0.40328196557507,MEDIUM,IN_PROGRESS
C4370,21954,218,632,DCA_02,0.4909082391496139,0.3855078562623361,MEDIUM,RECOVERED
C4371,32555,175,465,DCA_01,0.5399940322106559,0.49404519620785303,MEDIUM,IN_PROGRESS
C4372,64353,234,806,DCA_01,0.4886273386886468,0.2979564556805556,LOW,IN_PROGRESS
C4373,83190,252,416,DCA_01,0.6819113901180152,0.5178123303995346,MEDIUM,RECOVERED
C4374,46026,295,865,DCA_01,0.4558735918812436,0.3665360267644462,MEDIUM,RECOVERED
C4375,47976,322,738,DCA_02,0.4946785026304274,0.4024124074923804,MEDIUM,IN_PROGRESS
C4376,81578,6,603,DCA_02,0.739244971721006,0.23232841759329315,LOW,IN_PROGRESS
C4377,92502,21,756,DCA_01,0.4372072632679701,0.22959192898781688,LOW,RECOVERED
C4378,46095,73,570,DCA_02,0.7715818360472397,0.41431162882699424,MEDIUM,IN_PROGRESS
C4379,15270,330,515,DCA_02,0.4521667445422068,0.551592884062466,MEDIUM,RECOVERED
C4380,31908,36,412,DCA_02,0.6927443797919022,0.38557624009309466,MEDIUM,RECOVERED
C4381,16523,233,315,DCA_02,0.8989047277914742,0.5174478199344366,MEDIUM,IN_PROGRESS
C4382,63433,216,515,DCA_01,0.4869464533945003,0.4287232661233935,MEDIUM,RECOVERED
C4383,48068,206,726,DCA_01,0.5305431593331572,0.37859085872840825,MEDIUM,IN_PROGRESS
C4384,20991,44,434,DCA_01,0.8492133269945263,0.41634529679599186,MEDIUM,IN_PROGRESS
C4385,11775,91,342,DCA_02,0.713143267252136,0.47216834677517683,MEDIUM,RECOVERED
C4386,78801,316,583,DCA_01,0.6462656494021555,0.4808558705451914,MEDIUM,IN_PROGRESS
C4387,85995,93,397,DCA_01,0.6813525486350183,0.41567683673274336,MEDIUM,IN_PROGRESS
C4388,62250,339,359,DCA_02,0.5477476723191611,0.6330377722584717,HIGH,IN_PROGRESS
C4389,17673,83,529,DCA_01,0.8276608909759567,0.3442658968057076,MEDIUM,RECOVERED
C4390,28056,333,684,DCA_02,0.7726345125167644,0.4680241642265691,MEDIUM,IN_PROGRESS
C4391,7614,282,458,DCA_02,0.7212332161669577,0.5271578082451418,MEDIUM,IN_PROGRESS
C4392,8415,21,770,DCA_02,0.8658712991135673,0.24888302067141999,LOW,RECOVERED
C4393,89691,228,895,DCA_02,0.6890554302713378,0.29529638337750197,LOW,RECOVERED
C4394,44884,130,507,DCA_02,0.6559385542726583,0.4736373471017049,MEDIUM,IN_PROGRESS
C4395,17964,175,473,DCA_01,0.8878467011670041,0.47170800505064403,MEDIUM,IN_PROGRESS
C4396,38726,108,380,DCA_02,0.5030070566331933,0.5472030638261169,MEDIUM,IN_PROGRESS
C4397,38044,283,317,DCA_01,0.4709840865988523,0.5666416801830909,MEDIUM,IN_PROGRESS
C4398,58149,71,590,DCA_02,0.4811414347668917,0.3816622081637925,MEDIUM,RECOVERED
C4399,38544,50,659,DCA_01,0.894721004008098,0.24433959270960226,LOW,RECOVERED
C4400,50976,95,578,DCA_01,0.7261255274488472,0.37042449032577673,MEDIUM,RECOVERED
C4401,33252,279,696,DCA_02,0.5529614409407566,0.42007473252698035,MEDIUM,RECOVERED
C4402,4832,337,441,DCA_01,0.5244889021746778,0.5649393752050869,MEDIUM,IN_PROGRESS
C4403,91811,132,816,DCA_02,0.4283192950453359,0.30380525707322714,MEDIUM,RECOVERED
C4404,81437,276,550,DCA_02,0.4659736643520038,0.5281465703705621,MEDIUM,IN_PROGRESS
C4405,35148,13,839,DCA_01,0.8540862906683933,0.2514740894077542,LOW,RECOVERED
C4406,62240,3,536,DCA_01,0.7736705303597948,0.2980736308944478,LOW,RECOVERED
C4407,89454,224,431,DCA_01,0.8707798672519984,0.5141835226344191,MEDIUM,IN_PROGRESS
C4408,86076,175,605,DCA_02,0.6118654682276043,0.4007597973925756,MEDIUM,IN_PROGRESS
C4409,78116,90,657,DCA_01,0.7006186230306051,0.3633765379389774,MEDIUM,RECOVERED
C4410,54459,241,584,DCA_02,0.6418356294994954,0.4411010809023226,MEDIUM,RECOVERED
C4411,39402,35,592,DCA_01,0.84069269824391,0.3870815997947926,MEDIUM,RECOVERED
C4412,58727,14,462,DCA_01,0.8956909435864067,0.36903294245394336,MEDIUM,RECOVERED
C4413,39578,195,718,DCA_01,0.8663876038251848,0.3557388891818658,MEDIUM,RECOVERED
C4414,91453,306,767,DCA_02,0.69902792389131,0.4903662442482376,MEDIUM,RECOVERED
C4415,23318,334,869,DCA_02,0.4309009885941108,0.3423449136777327,MEDIUM,IN_PROGRESS
C4416,76715,213,806,DCA_01,0.7087633065110733,0.3870021392857008,MEDIUM,RECOVERED
C4417,78787,3,777,DCA_02,0.4485237107655579,0.22026636290293133,LOW,RECOVERED
C4418,86029,179,661,DCA_01,0.4694107368178496,0.40068826853470874,MEDIUM,RECOVERED
C4419,21466,40,611,DCA_02,0.4956723490945675,0.2822801993898296,LOW,IN_PROGRESS
C4420,96742,164,544,DCA_01,0.5817467105273786,0.46989484131094905,MEDIUM,IN_PROGRESS
C4421,46475,307,776,DCA_01,0.6958932418252477,0.40552428363432524,MEDIUM,RECOVERED
C4422,61142,235,735,DCA_02,0.5667768370868691,0.37038930619601096,MEDIUM,RECOVERED
C4423,86160,257,549,DCA_01,0.6261335536680164,0.4099378013134105,MEDIUM,IN_PROGRESS
C4424,27564,360,321,DCA_01,0.4236445165424671,0.6003243163971168,HIGH,IN_PROGRESS
C4425,23412,116,776,DCA_02,0.709878900362211,0.3347200669239593,MEDIUM,RECOVERED
C4426,94526,52,871,DCA_01,0.728515882752971,0.22339818528263133,LOW,RECOVERED
C4427,52001,142,810,DCA_02,0.449695074024974,0.2933112117542136,LOW,RECOVERED
C4428,58649,86,635,DCA_02,0.7925585779965989,0.36032591277992365,MEDIUM,RECOVERED
C4429,61957,46,641,DCA_01,0.7237297788309927,0.31549572302951245,MEDIUM,RECOVERED
C4430,36517,332,637,DCA_02,0.6448647146406816,0.4070094056728969,MEDIUM,RECOVERED
C4431,14156,238,779,DCA_02,0.676429937090773,0.32794317312274135,MEDIUM,IN_PROGRESS
C4432,24064,10,341,DCA_02,0.6515228672763979,0.4377920593160626,MEDIUM,IN_PROGRESS
C4433,26711,152,373,DCA_01,0.426896471863867,0.4684077566763998,MEDIUM,RECOVERED
C4434,31106,61,321,DCA_02,0.7675747304654419,0.4351907048322955,MEDIUM,IN_PROGRESS
C4435,66458,18,519,DCA_02,0.6559053184402683,0.3420959978755117,MEDIUM,RECOVERED
C4436,17589,86,378,DCA_01,0.4864119267484791,0.4663525851957654,MEDIUM,RECOVERED
C4437,90272,137,534,DCA_02,0.7403654268733998,0.3942952987768752,MEDIUM,RECOVERED
C4438,87511,230,456,DCA_01,0.7475328030310275,0.42916567059197586,MEDIUM,IN_PROGRESS
C4439,8214,128,626,DCA_01,0.5067477347064283,0.38616113596357104,MEDIUM,RECOVERED
C4440,97117,104,413,DCA_01,0.7982475363622217,0.5330908538164859,MEDIUM,RECOVERED
C4441,86731,186,886,DCA_02,0.6282523629405075,0.31125758350979293,MEDIUM,RECOVERED
C4442,28127,178,574,DCA_02,0.4903048062535288,0.37208807819055956,MEDIUM,RECOVERED
C4443,6141,357,680,DCA_01,0.7288100016565195,0.5064165529986386,MEDIUM,RECOVERED
C4444,29884,6,319,DCA_02,0.6983634822671738,0.41184488654192175,MEDIUM,IN_PROGRESS
C4445,91421,341,508,DCA_02,0.4852031629117275,0.5936599875994808,MEDIUM,IN_PROGRESS
C4446,3708,307,893,DCA_01,0.8361744498888339,0.3524802838306924,MEDIUM,RECOVERED
C4447,19375,36,459,DCA_02,0.8272671663531861,0.3816856149190082,MEDIUM,RECOVERED
C4448,16088,327,872,DCA_02,0.8181222939280215,0.30791646727778754,MEDIUM,IN_PROGRESS
C4449,58615,356,337,DCA_01,0.5996139294815506,0.6771190519203489,HIGH,RECOVERED
C4450,46046,281,417,DCA_01,0.8123113873781701,0.5766842677112103,MEDIUM,IN_PROGRESS
C4451,11014,300,689,DCA_01,0.8223976541906852,0.4432157218155999,MEDIUM,RECOVERED
C4452,65425,14,676,DCA_02,0.8982701360561507,0.3074530548557305,MEDIUM,IN_PROGRESS
C4453,4273,237,675,DCA_02,0.8788023090868242,0.4050976411488312,MEDIUM,IN_PROGRESS
C4454,48135,285,880,DCA_02,0.5914236675188522,0.30101509621872513,MEDIUM,RECOVERED
C4455,31881,330,894,DCA_01,0.4991021249152622,0.3188193774974831,MEDIUM,RECOVERED
C4456,98022,50,341,DCA_02,0.5462311964281878,0.45246797798450555,MEDIUM,IN_PROGRESS
C4457,79077,261,769,DCA_01,0.6473906133329463,0.3855563578371024,MEDIUM,IN_PROGRESS
C4458,9712,110,757,DCA_01,0.802728816928556,0.21721505006706754,LOW,IN_PROGRESS
C4459,75704,197,429,DCA_01,0.7614920278630475,0.4618319951412658,MEDIUM,RECOVERED
C4460,53874,252,327,DCA_02,0.7938563794056805,0.5832056335824882,MEDIUM,IN_PROGRESS
C4461,70087,88,625,DCA_01,0.5899631864943011,0.33392077149019905,MEDIUM,RECOVERED
C4462,13297,313,808,DCA_01,0.5234523221414765,0.30042554523737297,MEDIUM,RECOVERED
C4463,28128,26,624,DCA_01,0.4120648368592299,0.29811811301406144,LOW,IN_PROGRESS
C4464,69368,262,459,DCA_02,0.7130918110394142,0.5094559787087001,MEDIUM,RECOVERED
C4465,95019,144,815,DCA_02,0.7975188679165628,0.3301020954134588,MEDIUM,RECOVERED
C4466,88599,60,553,DCA_01,0.8445702470450414,0.32689440600976116,MEDIUM,IN_PROGRESS
C4467,89499,356,547,DCA_02,0.6381189416756952,0.5935417255213278,MEDIUM,RECOVERED
C4468,79958,268,652,DCA_02,0.8638228891036273,0.46109303227234,MEDIUM,IN_PROGRESS
C4469,33920,75,697,DCA_01,0.5012060308161793,0.28237381934760597,LOW,RECOVERED
C4470,12156,3,881,DCA_02,0.6571890615722655,0.16104378716969914,LOW,RECOVERED
C4471,12108,63,502,DCA_01,0.5068838724349071,0.31691195501692015,MEDIUM,RECOVERED
C4472,32845,236,601,DCA_01,0.4940377562929835,0.46259222645143994,MEDIUM,IN_PROGRESS
C4473,3800,229,447,DCA_01,0.8766940660011759,0.46615519248539483,MEDIUM,RECOVERED
C4474,43712,275,520,DCA_01,0.8088703443650489,0.548870104527603,MEDIUM,IN_PROGRESS
C4475,3610,18,859,DCA_01,0.4058999482206323,0.2212198713192589,LOW,RECOVERED
C4476,78603,80,562,DCA_01,0.5342564975692286,0.35503036520447784,MEDIUM,RECOVERED
C4477,34872,215,595,DCA_01,0.5025676255268614,0.39805954754560136,MEDIUM,RECOVERED
C4478,11728,171,614,DCA_01,0.4735670900722963,0.3838431238903157,MEDIUM,RECOVERED
C4479,96102,329,591,DCA_01,0.7487062146823213,0.5440066887089166,MEDIUM,IN_PROGRESS
C4480,96319,255,330,DCA_01,0.6834189156677334,0.5761051678397908,MEDIUM,IN_PROGRESS
C4481,21583,126,343,DCA_02,0.6269672853750554,0.511406427677977,MEDIUM,RECOVERED
C4482,86774,255,854,DCA_01,0.4947485292199071,0.3031665635759624,MEDIUM,IN_PROGRESS
C4483,8263,72,433,DCA_01,0.5388090281408283,0.4346646273075946,MEDIUM,RECOVERED
C4484,68450,38,648,DCA_02,0.5780505245122964,0.314041366005387,MEDIUM,IN_PROGRESS
C4485,90285,324,518,DCA_01,0.7927413429161523,0.5155083829257473,MEDIUM,RECOVERED
C4486,20456,204,749,DCA_01,0.8945947167867847,0.3289385611774591,MEDIUM,RECOVERED
C4487,92118,172,803,DCA_02,0.4919885273381349,0.2883916717332984,LOW,IN_PROGRESS
C4488,66942,223,385,DCA_01,0.5707613344466518,0.48279042667492833,MEDIUM,RECOVERED
C4489,14689,217,550,DCA_01,0.5401007732723062,0.49206870473260644,MEDIUM,IN_PROGRESS
C4490,33934,245,564,DCA_01,0.4220336972961378,0.4002316788279946,MEDIUM,RECOVERED
C4491,34276,336,822,DCA_02,0.5096094284673277,0.37635431861279856,MEDIUM,RECOVERED
C4492,20873,191,379,DCA_02,0.8508069716924033,0.5116513398832248,MEDIUM,IN_PROGRESS
C4493,14050,298,760,DCA_02,0.8214290894361982,0.3927534769333748,MEDIUM,RECOVERED
C4494,67216,320,551,DCA_02,0.4837986575573781,0.5147458856988207,MEDIUM,IN_PROGRESS
C4495,85444,182,317,DCA_02,0.5830815063081451,0.5035018289749806,MEDIUM,RECOVERED
C4496,85040,334,555,DCA_02,0.5554015276359804,0.5315930063821928,MEDIUM,RECOVERED
C4497,22644,205,544,DCA_02,0.4738704040270782,0.40365896305313675,MEDIUM,RECOVERED
C4498,63021,361,452,DCA_01,0.7111041048189137,0.6123099694053171,HIGH,IN_PROGRESS
C4499,38125,199,799,DCA_01,0.6786488801826434,0.29599608783213616,LOW,IN_PROGRESS
C4500,67899,332,757,DCA_02,0.6134956663691858,0.4665190715685382,MEDIUM,IN_PROGRESS
C4501,43291,165,841,DCA_02,0.8277491640541104,0.3261839545547437,MEDIUM,RECOVERED
C4502,36060,242,414,DCA_02,0.7098556700064538,0.5214608511571555,MEDIUM,IN_PROGRESS
C4503,2538,130,746,DCA_02,0.5296368412837033,0.27221564420469724,LOW,RECOVERED
C4504,37176,227,652,DCA_02,0.5868523685999344,0.4699931103626428,MEDIUM,IN_PROGRESS
C4505,42520,122,840,DCA_02,0.4750783648915666,0.22493776233518537,LOW,RECOVERED
C4506,26675,44,621,DCA_01,0.695686636555082,0.31993603877727383,MEDIUM,RECOVERED
C4507,19287,196,758,DCA_01,0.6933145439853072,0.3122914249894997,MEDIUM,RECOVERED
C4508,1174,358,525,DCA_01,0.8350918429862006,0.5781307605514904,MEDIUM,RECOVERED
C4509,93268,204,660,DCA_01,0.8279083505210063,0.38957627568178843,MEDIUM,IN_PROGRESS
C4510,35998,318,830,DCA_02,0.8184710167299739,0.3834532126085235,MEDIUM,IN_PROGRESS
C4511,54312,257,411,DCA_02,0.6744761598507651,0.5508359508124359,MEDIUM,IN_PROGRESS
C4512,13112,17,511,DCA_02,0.7260099053787217,0.3740540200631597,MEDIUM,RECOVERED
C4513,76225,272,532,DCA_01,0.787770971984139,0.43788241035474973,MEDIUM,RECOVERED
C4514,45814,9,458,DCA_01,0.4458424154778429,0.3197459976124162,MEDIUM,RECOVERED
C4515,86091,249,871,DCA_01,0.550298947588928,0.32806026244657915,MEDIUM,RECOVERED
C4516,51719,201,623,DCA_02,0.4845449714098359,0.39537799259499884,MEDIUM,IN_PROGRESS
C4517,34919,59,392,DCA_02,0.6557338471730529,0.5074043882577848,MEDIUM,RECOVERED
C4518,74155,140,547,DCA_01,0.8188339783163039,0.4734094481702603,MEDIUM,RECOVERED
C4519,72569,119,440,DCA_02,0.515355984824879,0.4505685143040966,MEDIUM,RECOVERED
C4520,42328,41,703,DCA_02,0.7654517675853638,0.22272168512740376,LOW,RECOVERED
C4521,71482,322,703,DCA_02,0.6029119981932443,0.45838894775058436,MEDIUM,RECOVERED
C4522,25618,331,900,DCA_01,0.8515374501793567,0.29695374159508237,LOW,RECOVERED
C4523,35675,267,713,DCA_02,0.7133947704232978,0.3707743458766547,MEDIUM,RECOVERED
C4524,19919,8,739,DCA_01,0.8882765027978318,0.2798433309846865,LOW,IN_PROGRESS
C4525,5173,183,532,DCA_02,0.5228348878638905,0.41734802077129673,MEDIUM,IN_PROGRESS
C4526,27400,134,492,DCA_01,0.8619791891193979,0.4508150352437268,MEDIUM,RECOVERED
C4527,51445,181,398,DCA_01,0.5785278823240272,0.46539572227506676,MEDIUM,IN_PROGRESS
C4528,71305,355,412,DCA_01,0.7109837311501895,0.6311899163340542,HIGH,IN_PROGRESS
C4529,38564,72,835,DCA_01,0.4872541067236202,0.235335479730725,LOW,RECOVERED
C4530,46814,113,580,DCA_01,0.7798925600694122,0.42215644757675896,MEDIUM,RECOVERED
C4531,80747,107,822,DCA_01,0.8891252170183253,0.305356228467348,MEDIUM,RECOVERED
C4532,89791,290,649,DCA_01,0.7937130581960599,0.4882985164442356,MEDIUM,IN_PROGRESS
C4533,28962,313,615,DCA_01,0.7078983712468021,0.46108754188521184,MEDIUM,RECOVERED
C4534,85892,117,799,DCA_01,0.624106987706535,0.27802253470725347,LOW,IN_PROGRESS
C4535,86842,120,836,DCA_02,0.572618153903377,0.2144772428245313,LOW,IN_PROGRESS
C4536,71533,147,735,DCA_02,0.6095063082592581,0.3318881842898329,MEDIUM,RECOVERED
C4537,57184,327,822,DCA_02,0.5641441563825011,0.36420282440997453,MEDIUM,RECOVERED
C4538,83912,210,892,DCA_02,0.8163549335024795,0.3213816869228604,MEDIUM,RECOVERED
C4539,11578,296,743,DCA_02,0.846555561613749,0.3888225642319558,MEDIUM,RECOVERED
C4540,19624,103,507,DCA_02,0.8748288428548694,0.3375485444202898,MEDIUM,RECOVERED
C4541,40194,124,575,DCA_01,0.6091811609539252,0.360487388597468,MEDIUM,RECOVERED
C4542,1389,245,796,DCA_01,0.6731096017175462,0.3211700468909102,MEDIUM,IN_PROGRESS
C4543,68391,356,596,DCA_02,0.6884477105212445,0.548286086814156,MEDIUM,RECOVERED
C4544,14794,209,673,DCA_01,0.7255440886891693,0.38436950753379473,MEDIUM,RECOVERED
C4545,59002,314,874,DCA_02,0.4012281704459365,0.38287209503451636,MEDIUM,IN_PROGRESS
C4546,36531,109,483,DCA_02,0.8213448357168343,0.4144591275058843,MEDIUM,RECOVERED
C4547,53815,348,331,DCA_02,0.5340703270162321,0.6717814988132131,HIGH,RECOVERED
C4548,5986,50,582,DCA_01,0.6360820343731414,0.3397470403439786,MEDIUM,RECOVERED
C4549,33298,105,731,DCA_02,0.8207841285225921,0.3330525584975229,MEDIUM,IN_PROGRESS
C4550,2481,27,818,DCA_02,0.8984280734753449,0.1882842595437969,LOW,IN_PROGRESS
C4551,57408,288,761,DCA_01,0.7974417523927595,0.4317917763121748,MEDIUM,RECOVERED
C4552,70267,257,667,DCA_01,0.4124166186429883,0.389142279187788,MEDIUM,IN_PROGRESS
C4553,17835,273,551,DCA_01,0.5843770853904531,0.411324583581815,MEDIUM,RECOVERED
C4554,28798,137,465,DCA_02,0.5236053180665025,0.43094328505513035,MEDIUM,RECOVERED
C4555,92649,340,828,DCA_01,0.8820658664527197,0.40474972313614344,MEDIUM,RECOVERED
C4556,65887,301,670,DCA_02,0.5321144582388171,0.42589824334875526,MEDIUM,RECOVERED
C4557,20477,322,897,DCA_01,0.8716750951697216,0.3597516610282363,MEDIUM,RECOVERED
C4558,18266,32,402,DCA_02,0.8687587567509503,0.3985289237941989,MEDIUM,IN_PROGRESS
C4559,87328,45,893,DCA_02,0.8197051564626553,0.19171322668733248,LOW,RECOVERED
C4560,86988,265,425,DCA_01,0.4490358833491203,0.5019382678994446,MEDIUM,IN_PROGRESS
C4561,44526,30,337,DCA_01,0.4009976140032423,0.4546058127971542,MEDIUM,IN_PROGRESS
C4562,12889,84,647,DCA_01,0.7969415421068569,0.30635643947355407,MEDIUM,IN_PROGRESS
C4563,25335,166,512,DCA_02,0.8216495287956329,0.5129309805304724,MEDIUM,RECOVERED
C4564,12254,316,618,DCA_01,0.881090846615807,0.4028108894824377,MEDIUM,RECOVERED
C4565,87610,1,725,DCA_02,0.5091913057263896,0.24925100148231805,LOW,RECOVERED
C4566,12442,249,546,DCA_02,0.7665732339621245,0.4193446182495226,MEDIUM,RECOVERED
C4567,47289,261,585,DCA_01,0.6595322087155973,0.41145637369133625,MEDIUM,RECOVERED
C4568,54747,63,530,DCA_02,0.5642411025980374,0.35917312913143673,MEDIUM,IN_PROGRESS
C4569,38327,164,619,DCA_02,0.7031455050295123,0.39173212842440475,MEDIUM,RECOVERED
C4570,17199,321,811,DCA_02,0.6740996967939827,0.43590164381321506,MEDIUM,IN_PROGRESS
C4571,73827,334,820,DCA_02,0.5461471996390015,0.45827493268985575,MEDIUM,RECOVERED
C4572,1112,201,524,DCA_01,0.5342312310659009,0.48581290665507526,MEDIUM,IN_PROGRESS
C4573,88051,222,805,DCA_02,0.6432901120736356,0.34160853054236184,MEDIUM,IN_PROGRESS
C4574,20581,152,406,DCA_02,0.6370182542430397,0.4836229673323361,MEDIUM,RECOVERED
C4575,60722,132,630,DCA_02,0.5510263515839982,0.351539020534418,MEDIUM,IN_PROGRESS
C4576,93036,114,304,DCA_02,0.5318655790201844,0.5462829746834013,MEDIUM,RECOVERED
C4577,98562,217,767,DCA_01,0.8771537045704849,0.3296337202975407,MEDIUM,RECOVERED
C4578,17523,196,815,DCA_01,0.8311852523726901,0.2604888907905971,LOW,RECOVERED
C4579,67960,281,462,DCA_01,0.8083895527122669,0.5463051505341658,MEDIUM,IN_PROGRESS
C4580,20552,202,830,DCA_02,0.5071418843385034,0.33146117225678795,MEDIUM,RECOVERED
C4581,11808,135,381,DCA_02,0.4946455174929006,0.5043306756994559,MEDIUM,RECOVERED
C4582,73525,234,780,DCA_02,0.8046645091490492,0.4018786069690785,MEDIUM,RECOVERED
C4583,24620,141,815,DCA_01,0.4923371738461239,0.29265985570205244,LOW,RECOVERED
C4584,1887,196,486,DCA_01,0.6517679678775181,0.4776633696525424,MEDIUM,IN_PROGRESS
C4585,32802,43,445,DCA_02,0.5107108933851267,0.41791341114056146,MEDIUM,RECOVERED
C4586,86024,57,451,DCA_02,0.5890348918350761,0.3554370247876376,MEDIUM,IN_PROGRESS
C4587,96549,142,662,DCA_01,0.8267271137047716,0.3610858460089943,MEDIUM,IN_PROGRESS
C4588,82938,210,392,DCA_01,0.8457091716263133,0.5398742971470366,MEDIUM,IN_PROGRESS
C4589,87741,72,330,DCA_01,0.8983396254408968,0.4912760718651612,MEDIUM,RECOVERED
C4590,27049,224,839,DCA_01,0.8719521400075408,0.3380933474720591,MEDIUM,IN_PROGRESS
C4591,78789,27,348,DCA_01,0.7356253621928677,0.4084690104004164,MEDIUM,IN_PROGRESS
C4592,85526,128,557,DCA_01,0.6158629970988208,0.42843125096702706,MEDIUM,IN_PROGRESS
C4593,8846,106,817,DCA_01,0.428846187645971,0.2167167257747893,LOW,RECOVERED
C4594,91563,165,840,DCA_01,0.7040830567517398,0.342455401893074,MEDIUM,IN_PROGRESS
C4595,47220,215,709,DCA_02,0.5053403310020228,0.40202380534739257,MEDIUM,RECOVERED
C4596,47163,71,455,DCA_02,0.8250681419148032,0.3872420893233426,MEDIUM,IN_PROGRESS
C4597,4765,204,845,DCA_01,0.6744494396748602,0.3021656040873686,MEDIUM,RECOVERED
C4598,82486,153,739,DCA_02,0.7667508414480686,0.2839011285874887,LOW,IN_PROGRESS
C4599,46270,67,536,DCA_01,0.7367475173435131,0.38579970847565626,MEDIUM,RECOVERED
C4600,76277,90,667,DCA_01,0.5736655959156665,0.2917899097319281,LOW,RECOVERED
C4601,89278,260,356,DCA_01,0.7795430251063121,0.6106851402767306,HIGH,IN_PROGRESS
C4602,91239,362,474,DCA_02,0.82168762193451,0.552490852283584,MEDIUM,RECOVERED
C4603,23931,228,513,DCA_02,0.7720652181843222,0.4735607798418323,MEDIUM,RECOVERED
C4604,90116,79,326,DCA_02,0.7884033901621486,0.5065655166354363,MEDIUM,RECOVERED
C4605,56633,96,418,DCA_02,0.5800077698333659,0.4544010154224528,MEDIUM,RECOVERED
C4606,81702,349,446,DCA_02,0.8718439663741185,0.5328554005141322,MEDIUM,IN_PROGRESS
C4607,52913,330,564,DCA_01,0.6122860591780381,0.5086553673181486,MEDIUM,IN_PROGRESS
C4608,95776,246,702,DCA_02,0.8485251092732322,0.40204647545057826,MEDIUM,IN_PROGRESS
C4609,26991,272,557,DCA_02,0.8289046949040079,0.3967927015890784,MEDIUM,RECOVERED
C4610,55845,157,488,DCA_02,0.4621654876892142,0.41660272821894206,MEDIUM,RECOVERED
C4611,99505,116,798,DCA_02,0.8831352797958087,0.3234758169338029,MEDIUM,RECOVERED
C4612,56312,18,538,DCA_02,0.898170842691685,0.33438683024981697,MEDIUM,RECOVERED
C4613,11561,172,626,DCA_02,0.7030732583645003,0.40283399591184754,MEDIUM,IN_PROGRESS
C4614,17901,16,369,DCA_01,0.7915550254299741,0.420566527793215,MEDIUM,RECOVERED
C4615,96556,240,324,DCA_02,0.8668435187759083,0.5611447095904156,MEDIUM,IN_PROGRESS
C4616,63875,56,881,DCA_01,0.410012195234815,0.23461188189496796,LOW,RECOVERED
C4617,26917,79,455,DCA_01,0.8649950121489908,0.3666068215976104,MEDIUM,RECOVERED
C4618,63120,103,518,DCA_01,0.7136830688795539,0.4312152300731834,MEDIUM,IN_PROGRESS
C4619,2988,284,860,DCA_02,0.8142282001846416,0.3138635110894039,MEDIUM,IN_PROGRESS
C4620,15256,193,678,DCA_01,0.6703611365099367,0.3977598815544866,MEDIUM,RECOVERED
C4621,88728,5,493,DCA_01,0.6652730196967582,0.3037271538517493,MEDIUM,RECOVERED
C4622,29230,106,339,DCA_02,0.848759102872305,0.4469914791913281,MEDIUM,IN_PROGRESS
C4623,60778,278,896,DCA_02,0.6537360032423878,0.2847277342743417,LOW,RECOVERED
C4624,46833,100,642,DCA_01,0.6358946905603979,0.31351519859523524,MEDIUM,IN_PROGRESS
C4625,23625,238,802,DCA_01,0.7040944042141957,0.3486537972300463,MEDIUM,IN_PROGRESS
C4626,33088,269,749,DCA_02,0.6592849905811791,0.321919417670228,MEDIUM,RECOVERED
C4627,80650,321,635,DCA_02,0.6231434780692262,0.4683368123888956,MEDIUM,RECOVERED
C4628,42167,86,303,DCA_02,0.4902619141138977,0.47301345892132207,MEDIUM,RECOVERED
C4629,72291,320,816,DCA_01,0.5987002435665674,0.437706712171243,MEDIUM,RECOVERED
C4630,66303,32,796,DCA_01,0.5410228504171719,0.2403714695493987,LOW,RECOVERED
C4631,77361,336,525,DCA_01,0.6002323632575852,0.5458610812538792,MEDIUM,RECOVERED
C4632,89229,51,449,DCA_02,0.6965791476564922,0.3846780886997413,MEDIUM,RECOVERED
C4633,5117,79,537,DCA_02,0.7044258685487053,0.41017269506504084,MEDIUM,IN_PROGRESS
C4634,91265,186,402,DCA_01,0.5193307391463544,0.496263109425919,MEDIUM,IN_PROGRESS
C4635,98718,174,474,DCA_02,0.4422393233079828,0.453192133886791,MEDIUM,RECOVERED
C4636,61710,106,760,DCA_01,0.7722188445170817,0.2430429233746345,LOW,RECOVERED
C4637,95426,63,333,DCA_02,0.6642853463732141,0.5029596818994072,MEDIUM,RECOVERED
C4638,95876,76,817,DCA_01,0.6210506748184982,0.2405795939050609,LOW,RECOVERED
C4639,68054,316,739,DCA_01,0.4647977344022713,0.4642330947877952,MEDIUM,RECOVERED
C4640,31949,321,584,DCA_02,0.6073318754734411,0.4949578738193382,MEDIUM,RECOVERED
C4641,23547,81,524,DCA_02,0.8090877083102748,0.3461729738257693,MEDIUM,IN_PROGRESS
C4642,82882,361,864,DCA_02,0.6907178147322772,0.4308689711717143,MEDIUM,RECOVERED
C4643,69136,128,556,DCA_02,0.4454877563679572,0.48249229484269707,MEDIUM,RECOVERED
C4644,65619,183,358,DCA_02,0.5661375665636798,0.5047277972760498,MEDIUM,IN_PROGRESS
C4645,62842,243,545,DCA_01,0.8899010129567932,0.4840263288714721,MEDIUM,RECOVERED
C4646,95803,185,818,DCA_01,0.6722537357010365,0.32454779397298306,MEDIUM,RECOVERED
C4647,27990,220,513,DCA_02,0.5431980397979512,0.46542131945962595,MEDIUM,IN_PROGRESS
C4648,17193,71,889,DCA_02,0.8567223731009603,0.20465921937523512,LOW,IN_PROGRESS
C4649,31109,342,515,DCA_01,0.5680003170016943,0.49985128185436134,MEDIUM,RECOVERED
C4650,20233,154,702,DCA_02,0.7649536672495743,0.3353906871420931,MEDIUM,IN_PROGRESS
C4651,82730,245,582,DCA_01,0.4736102528590598,0.4925344904363287,MEDIUM,IN_PROGRESS
C4652,35510,140,872,DCA_02,0.47824655704947,0.20668969974242413,LOW,RECOVERED
C4653,2306,71,872,DCA_02,0.6806570101644278,0.2831905413752954,LOW,IN_PROGRESS
C4654,4849,46,514,DCA_02,0.519911659287517,0.3779827837411257,MEDIUM,IN_PROGRESS
C4655,13360,47,681,DCA_02,0.4246660432641738,0.2561321116876315,LOW,RECOVERED
C4656,95767,79,344,DCA_02,0.8632327199878337,0.4345995713522256,MEDIUM,IN_PROGRESS
C4657,46800,149,471,DCA_02,0.4279947743072916,0.5274667175713429,MEDIUM,IN_PROGRESS
C4658,37963,130,520,DCA_01,0.7587189433478326,0.40178234301145355,MEDIUM,IN_PROGRESS
C4659,55330,127,684,DCA_01,0.5664929113487298,0.4015795789992723,MEDIUM,IN_PROGRESS
C4660,52707,119,394,DCA_02,0.8667524825551549,0.4711494708555537,MEDIUM,IN_PROGRESS
C4661,19689,357,343,DCA_01,0.8930261945867135,0.5973063115861719,MEDIUM,RECOVERED
C4662,30084,262,527,DCA_02,0.5677153256655332,0.5130517611644088,MEDIUM,IN_PROGRESS
C4663,41387,244,873,DCA_02,0.6955534098017311,0.26394446817720296,LOW,IN_PROGRESS
C4664,75816,103,616,DCA_02,0.7864923772854759,0.4339447592592012,MEDIUM,RECOVERED
C4665,3642,37,634,DCA_02,0.4617046749916427,0.22927820604050897,LOW,RECOVERED
C4666,43137,142,900,DCA_01,0.754731151936458,0.2495336471214401,LOW,RECOVERED
C4667,80832,37,766,DCA_01,0.8530987422078304,0.24080573621740664,LOW,RECOVERED
C4668,56561,8,596,DCA_01,0.4892512736360123,0.2779362707881132,LOW,RECOVERED
C4669,63260,231,844,DCA_01,0.8193550456641749,0.27864086322268056,LOW,IN_PROGRESS
C4670,16438,333,788,DCA_01,0.4578017363354685,0.4357396534410589,MEDIUM,IN_PROGRESS
C4671,49442,296,514,DCA_01,0.6841508482711347,0.5347623609061093,MEDIUM,IN_PROGRESS
C4672,3994,107,823,DCA_02,0.5696818346398993,0.30619076299620573,MEDIUM,RECOVERED
C4673,2813,348,301,DCA_02,0.6358579302864374,0.6831294727241101,HIGH,RECOVERED
C4674,94027,18,506,DCA_02,0.5503160923022334,0.36223866242076463,MEDIUM,RECOVERED
C4675,85381,313,640,DCA_01,0.5302696858067337,0.45535418632756897,MEDIUM,IN_PROGRESS
C4676,56276,83,706,DCA_01,0.7715695949538683,0.2749749546264245,LOW,IN_PROGRESS
C4677,42243,288,605,DCA_02,0.5115566073805543,0.4278922559123117,MEDIUM,RECOVERED
C4678,63912,194,806,DCA_01,0.6042065220851429,0.34085329219115024,MEDIUM,IN_PROGRESS
C4679,61272,215,768,DCA_02,0.5372785396584139,0.30538789792379495,MEDIUM,RECOVERED
C4680,43051,281,857,DCA_02,0.5193175420590859,0.331884062655703,MEDIUM,RECOVERED
C4681,79854,220,794,DCA_02,0.7135480555103604,0.37616021772968056,MEDIUM,RECOVERED
C4682,83736,289,560,DCA_01,0.4227143081290113,0.45741609938336236,MEDIUM,IN_PROGRESS
C4683,66618,344,877,DCA_02,0.7944493685018543,0.35131434355540636,MEDIUM,RECOVERED
C4684,2920,194,881,DCA_02,0.6731170319766941,0.24797832709382084,LOW,RECOVERED
C4685,78219,158,663,DCA_01,0.8142186980536696,0.3216927100403799,MEDIUM,IN_PROGRESS
C4686,77872,104,813,DCA_02,0.506507991699064,0.29897379911375577,LOW,RECOVERED
C4687,82132,34,840,DCA_01,0.7547030204202779,0.20471455594840382,LOW,IN_PROGRESS
C4688,3093,102,872,DCA_01,0.6102919207159105,0.25017434027449026,LOW,IN_PROGRESS
C4689,13905,127,754,DCA_02,0.4384019885828515,0.2884784825345639,LOW,RECOVERED
C4690,25351,214,443,DCA_01,0.776238196106166,0.5584825040951465,MEDIUM,IN_PROGRESS
C4691,31981,325,491,DCA_02,0.7810936176997242,0.5840669247192996,MEDIUM,IN_PROGRESS
C4692,74903,296,652,DCA_01,0.5354584329452423,0.41251585322989526,MEDIUM,IN_PROGRESS
C4693,71821,179,598,DCA_02,0.8580230094790586,0.4377811275566179,MEDIUM,RECOVERED
C4694,83289,80,759,DCA_02,0.7819848983833624,0.3293306610074237,MEDIUM,RECOVERED
C4695,85021,141,726,DCA_02,0.5533786845616947,0.2868836114432429,LOW,IN_PROGRESS
C4696,79513,31,330,DCA_01,0.5195544712027044,0.4531717163961717,MEDIUM,RECOVERED
C4697,20874,63,631,DCA_01,0.6200447778569147,0.31598733351055797,MEDIUM,IN_PROGRESS
C4698,51931,48,710,DCA_01,0.5463949073889557,0.32937261877500523,MEDIUM,RECOVERED
C4699,8674,87,351,DCA_02,0.5085115269572538,0.4723502199515367,MEDIUM,RECOVERED
C4700,51516,304,683,DCA_01,0.5995503786126197,0.4080639685930373,MEDIUM,RECOVERED
C4701,95574,61,542,DCA_02,0.4128521114131745,0.41703872842224454,MEDIUM,IN_PROGRESS
C4702,61686,334,716,DCA_01,0.6007055353406909,0.4321121519418142,MEDIUM,IN_PROGRESS
C4703,95851,274,774,DCA_01,0.5108313141086509,0.3203553055889091,MEDIUM,RECOVERED
C4704,70212,284,691,DCA_02,0.5321670934879923,0.39710258578060464,MEDIUM,IN_PROGRESS
C4705,3426,80,688,DCA_02,0.4412766431161032,0.26924340336861574,LOW,IN_PROGRESS
C4706,91009,180,872,DCA_02,0.6944658418178109,0.29658663031888877,LOW,RECOVERED
C4707,69498,272,768,DCA_02,0.636004613786318,0.30077563241059113,MEDIUM,IN_PROGRESS
C4708,30943,77,707,DCA_01,0.7753136889448895,0.30794733925344975,MEDIUM,RECOVERED
C4709,67395,221,818,DCA_02,0.8935493125896736,0.26778479003310374,LOW,RECOVERED
C4710,45816,282,488,DCA_02,0.4597670042393946,0.6049507806366374,HIGH,RECOVERED
C4711,5138,28,894,DCA_02,0.5362125444767127,0.20532896985641724,LOW,RECOVERED
C4712,92176,361,650,DCA_02,0.7412270640224521,0.5221341799769019,MEDIUM,IN_PROGRESS
C4713,76945,77,582,DCA_02,0.5186560045507255,0.33159080886154924,MEDIUM,RECOVERED
C4714,5017,164,456,DCA_02,0.4150737577582011,0.47182060945446624,MEDIUM,IN_PROGRESS
C4715,11451,9,898,DCA_01,0.4549033119739827,0.1658938833264767,LOW,RECOVERED
C4716,63956,175,447,DCA_02,0.6168134637292402,0.45011556790903995,MEDIUM,IN_PROGRESS
C4717,94863,307,369,DCA_02,0.615392326061347,0.5613966755589337,MEDIUM,IN_PROGRESS
C4718,11278,76,669,DCA_02,0.8861523453134457,0.31247057107006326,MEDIUM,RECOVERED
C4719,91480,245,887,DCA_01,0.6329750169488837,0.29756518431313217,LOW,IN_PROGRESS
C4720,44764,122,814,DCA_01,0.7390338537342467,0.258315082454182,LOW,IN_PROGRESS
C4721,2134,185,533,DCA_01,0.646100500856672,0.38437471917896104,MEDIUM,RECOVERED
C4722,63943,32,766,DCA_02,0.5349592494564133,0.23776237555245006,LOW,IN_PROGRESS
C4723,96667,250,856,DCA_01,0.4527255325573001,0.29758448035400475,LOW,RECOVERED
C4724,55318,57,586,DCA_01,0.8295370080449485,0.33647726907762576,MEDIUM,IN_PROGRESS
C4725,61128,310,593,DCA_02,0.4763313472176126,0.528994663102543,MEDIUM,IN_PROGRESS
C4726,89056,144,780,DCA_02,0.4484468079614329,0.3215670279046966,MEDIUM,IN_PROGRESS
C4727,22869,318,433,DCA_02,0.5069143055145203,0.5494050772633826,MEDIUM,IN_PROGRESS
C4728,6039,84,307,DCA_02,0.4012443196174702,0.497984936355083,MEDIUM,IN_PROGRESS
C4729,22281,56,327,DCA_01,0.4359825749124965,0.47424947612620993,MEDIUM,RECOVERED
C4730,11442,279,819,DCA_01,0.7175983842170524,0.3446702230096278,MEDIUM,RECOVERED
C4731,74788,273,609,DCA_01,0.5217738034289476,0.4387743873408546,MEDIUM,IN_PROGRESS
C4732,28586,166,840,DCA_01,0.5692560478209605,0.30672622266516214,MEDIUM,RECOVERED
C4733,54053,158,793,DCA_02,0.8176498774248464,0.24500453079684115,LOW,IN_PROGRESS
C4734,51489,249,333,DCA_01,0.7864497914694406,0.620087800578625,HIGH,RECOVERED
C4735,84104,186,306,DCA_01,0.6461240505186814,0.5964383791693845,MEDIUM,RECOVERED
C4736,87346,78,339,DCA_01,0.7064883291302138,0.45515471417313325,MEDIUM,IN_PROGRESS
C4737,68087,22,629,DCA_01,0.4429056392201106,0.2622444319797721,LOW,RECOVERED
C4738,13625,108,361,DCA_02,0.7807973507406789,0.4655420626339498,MEDIUM,IN_PROGRESS
C4739,35397,273,385,DCA_02,0.658095733347626,0.5537482075290101,MEDIUM,RECOVERED
C4740,59671,252,415,DCA_02,0.6854745509713137,0.5532047980313985,MEDIUM,IN_PROGRESS
C4741,92785,15,876,DCA_02,0.7327634827181706,0.2049289748333719,LOW,RECOVERED
C4742,67897,304,596,DCA_01,0.6500876495513569,0.44381348016635347,MEDIUM,RECOVERED
C4743,27149,160,678,DCA_02,0.6608463150951287,0.37835409955151533,MEDIUM,IN_PROGRESS
C4744,61030,205,621,DCA_02,0.6498177934114389,0.4069566872030035,MEDIUM,RECOVERED
C4745,70906,113,694,DCA_01,0.6484087390717852,0.3177913261555966,MEDIUM,RECOVERED
C4746,6283,168,656,DCA_02,0.7751026503541616,0.3717692670722861,MEDIUM,RECOVERED
C4747,8610,353,861,DCA_02,0.6136042635904,0.3466543468213613,MEDIUM,RECOVERED
C4748,44326,253,718,DCA_02,0.4014466592483686,0.4142628518876674,MEDIUM,IN_PROGRESS
C4749,15924,186,777,DCA_01,0.7060315880609411,0.3089141526587408,MEDIUM,IN_PROGRESS
C4750,77162,347,635,DCA_01,0.8763312374631418,0.4956245504389527,MEDIUM,RECOVERED
C4751,1869,227,890,DCA_02,0.5284799153957824,0.30777434165541284,MEDIUM,RECOVERED
C4752,98088,16,319,DCA_02,0.8080966655860833,0.39625166071304285,MEDIUM,RECOVERED
C4753,2014,156,711,DCA_01,0.6277451041415401,0.3308155329598812,MEDIUM,RECOVERED
C4754,11103,354,848,DCA_02,0.72149103495403,0.31439727591326483,MEDIUM,RECOVERED
C4755,83522,111,558,DCA_01,0.8454368655636927,0.44770808610673807,MEDIUM,IN_PROGRESS
C4756,97007,1,656,DCA_01,0.7855068063991368,0.32270940408442217,MEDIUM,RECOVERED
C4757,34458,41,500,DCA_02,0.8422866942209041,0.4264437443234378,MEDIUM,RECOVERED
C4758,91605,48,710,DCA_01,0.4047599894380905,0.2712748720927577,LOW,RECOVERED
C4759,83409,108,587,DCA_02,0.4936574923216755,0.35892326286089604,MEDIUM,RECOVERED
C4760,24248,161,347,DCA_02,0.6117472062829046,0.546014789171344,MEDIUM,IN_PROGRESS
C4761,90160,161,857,DCA_02,0.8239208987265516,0.2107741499222251,LOW,IN_PROGRESS
C4762,44516,359,669,DCA_01,0.8191959660867635,0.46260369020349124,MEDIUM,RECOVERED
C4763,30061,128,530,DCA_01,0.4925701659869738,0.3614879323144311,MEDIUM,IN_PROGRESS
C4764,25170,210,394,DCA_01,0.4711212165478607,0.4839402234886031,MEDIUM,IN_PROGRESS
C4765,9024,151,602,DCA_02,0.8173512175982662,0.41026190801992113,MEDIUM,IN_PROGRESS
C4766,83214,255,517,DCA_02,0.6707171470153773,0.5329705771694118,MEDIUM,IN_PROGRESS
C4767,86947,218,851,DCA_01,0.713384877934788,0.32891584077679326,MEDIUM,RECOVERED
C4768,44803,30,686,DCA_01,0.8046030373327899,0.31170135246823494,MEDIUM,RECOVERED
C4769,20296,45,390,DCA_01,0.5058732317935809,0.39253764758262155,MEDIUM,RECOVERED
C4770,92829,80,357,DCA_01,0.46824239995237,0.4166432078872123,MEDIUM,RECOVERED
C4771,93708,39,733,DCA_02,0.829522131392078,0.2710641495051269,LOW,RECOVERED
C4772,87664,240,821,DCA_02,0.4558870529581016,0.3398955735615544,MEDIUM,RECOVERED
C4773,19257,45,782,DCA_02,0.4440904253480382,0.2029864814685869,LOW,RECOVERED
C4774,13855,78,666,DCA_02,0.5385375878083551,0.3451391346324312,MEDIUM,IN_PROGRESS
C4775,86178,337,706,DCA_01,0.5584244301003718,0.40304572833379904,MEDIUM,RECOVERED
C4776,21025,349,817,DCA_02,0.5205676770256008,0.4503449467831303,MEDIUM,IN_PROGRESS
C4777,5458,288,630,DCA_01,0.7708116362501078,0.44917473393569407,MEDIUM,RECOVERED
C4778,64610,280,534,DCA_01,0.8866770563964947,0.5601051058457631,MEDIUM,RECOVERED
C4779,71843,116,710,DCA_02,0.4997956713623172,0.2884707214596858,LOW,RECOVERED
C4780,84961,269,482,DCA_02,0.7909260947660733,0.5299392308883392,MEDIUM,RECOVERED
C4781,50831,335,586,DCA_01,0.4221211051340584,0.5043641586457925,MEDIUM,RECOVERED
C4782,44427,312,422,DCA_02,0.4594513302094105,0.5652769775729973,MEDIUM,RECOVERED
C4783,94809,53,457,DCA_01,0.6575587084894812,0.44210884921793425,MEDIUM,IN_PROGRESS
C4784,39506,68,622,DCA_02,0.8998044347461127,0.26850260910332335,LOW,IN_PROGRESS
C4785,6668,182,312,DCA_02,0.8746828248906824,0.602954074712586,HIGH,RECOVERED
C4786,92470,34,865,DCA_01,0.4559714700862999,0.2758782842366595,LOW,RECOVERED
C4787,48195,284,854,DCA_02,0.5198434580229472,0.33401561802206003,MEDIUM,RECOVERED
C4788,74233,306,862,DCA_01,0.8728959248619809,0.41688794670017004,MEDIUM,RECOVERED
C4789,25417,249,503,DCA_02,0.4753619530178221,0.4634528124285021,MEDIUM,IN_PROGRESS
C4790,82982,111,601,DCA_02,0.7713944876138327,0.2866117234176767,LOW,IN_PROGRESS
C4791,11751,94,342,DCA_01,0.4005540117038426,0.509600224744136,MEDIUM,IN_PROGRESS
C4792,47218,179,896,DCA_01,0.7158560513375862,0.23297967586903756,LOW,IN_PROGRESS
C4793,8352,47,805,DCA_01,0.6473002109213615,0.2645608472348804,LOW,RECOVERED
C4794,80052,282,490,DCA_01,0.6355126398583826,0.5870093786781361,MEDIUM,RECOVERED
C4795,89835,340,359,DCA_01,0.8145958753766973,0.5942556915339193,MEDIUM,RECOVERED
C4796,98493,362,765,DCA_01,0.4403671726239657,0.4541257863520325,MEDIUM,IN_PROGRESS
C4797,29927,92,678,DCA_01,0.5886660719550492,0.30747825885377333,MEDIUM,IN_PROGRESS
C4798,42094,212,728,DCA_02,0.6230192724866495,0.3911728814391894,MEDIUM,RECOVERED
C4799,55122,75,361,DCA_01,0.4619632798286083,0.4577199394068068,MEDIUM,IN_PROGRESS
C4800,30493,202,601,DCA_01,0.442833273187168,0.3847839473725869,MEDIUM,RECOVERED
C4801,93247,297,471,DCA_01,0.4898071522786678,0.5734496268452475,MEDIUM,RECOVERED
C4802,74539,308,804,DCA_02,0.5205238624899021,0.35295799365730085,MEDIUM,IN_PROGRESS
C4803,32707,211,362,DCA_01,0.883030288728601,0.5388129904233856,MEDIUM,RECOVERED
C4804,69814,338,315,DCA_01,0.6378068556258414,0.6662751366144973,HIGH,RECOVERED
C4805,8296,134,400,DCA_01,0.6551445163362628,0.48292961196582784,MEDIUM,RECOVERED
C4806,26398,330,475,DCA_01,0.7534991024803679,0.5424526825063524,MEDIUM,IN_PROGRESS
C4807,36842,66,492,DCA_02,0.7421333989017953,0.37546797745837446,MEDIUM,RECOVERED
C4808,14261,280,572,DCA_02,0.6513887010564829,0.5331323410603814,MEDIUM,IN_PROGRESS
C4809,77709,28,766,DCA_02,0.5699191970922546,0.25986072223194845,LOW,IN_PROGRESS
C4810,96985,117,474,DCA_02,0.5655258467937199,0.45318695658133146,MEDIUM,RECOVERED
C4811,57704,317,533,DCA_02,0.4288553669447556,0.616675183921398,HIGH,IN_PROGRESS
C4812,68173,325,515,DCA_02,0.8498150696362128,0.5567567974258355,MEDIUM,IN_PROGRESS
C4813,32781,114,790,DCA_01,0.7846972618633783,0.24103182454133554,LOW,IN_PROGRESS
C4814,14652,75,716,DCA_01,0.7116716206507472,0.3193275839005185,MEDIUM,RECOVERED
C4815,6103,202,832,DCA_01,0.5980408716071122,0.2476085318583281,LOW,IN_PROGRESS
C4816,26500,59,750,DCA_01,0.6912328653254387,0.2623015140149235,LOW,RECOVERED
C4817,36529,15,579,DCA_01,0.6425449024842997,0.24218712711120582,LOW,RECOVERED
C4818,19452,231,543,DCA_02,0.536967489239442,0.46720673477543107,MEDIUM,IN_PROGRESS
C4819,50393,105,445,DCA_01,0.5492863733540172,0.4472720629683986,MEDIUM,RECOVERED
C4820,32174,165,366,DCA_02,0.8372398532280276,0.5159532910104736,MEDIUM,RECOVERED
C4821,65450,199,402,DCA_01,0.7174540362379516,0.5656402849930713,MEDIUM,RECOVERED
C4822,36436,354,609,DCA_01,0.4007112423710643,0.42541965537945003,MEDIUM,IN_PROGRESS
C4823,48406,35,416,DCA_02,0.563435882553154,0.3343351580147037,MEDIUM,IN_PROGRESS
C4824,64059,162,771,DCA_01,0.5699727323626769,0.2587852072477137,LOW,RECOVERED
C4825,16954,245,620,DCA_01,0.7531677797258081,0.48620672201948134,MEDIUM,RECOVERED
C4826,83722,287,734,DCA_02,0.7502266712405559,0.43139438128801555,MEDIUM,IN_PROGRESS
C4827,13356,19,669,DCA_01,0.6320774265026046,0.3187677210848948,MEDIUM,RECOVERED
C4828,99499,280,486,DCA_01,0.8754897064056973,0.5668885985480407,MEDIUM,IN_PROGRESS
C4829,3187,340,887,DCA_01,0.836114584867073,0.32372118325436683,MEDIUM,RECOVERED
C4830,78243,348,768,DCA_02,0.8331053573645107,0.35555159810223336,MEDIUM,IN_PROGRESS
C4831,36098,182,772,DCA_02,0.574132755485814,0.321321262848661,MEDIUM,IN_PROGRESS
C4832,93471,147,855,DCA_02,0.6154998945762149,0.3070288618303332,MEDIUM,RECOVERED
C4833,22225,176,753,DCA_01,0.6094809622641614,0.33358329558723665,MEDIUM,RECOVERED
C4834,4606,163,745,DCA_01,0.6201334412319985,0.31465209803216654,MEDIUM,IN_PROGRESS
C4835,58620,175,393,DCA_02,0.8446053975054333,0.5132419084242437,MEDIUM,IN_PROGRESS
C4836,33828,47,337,DCA_02,0.5245603497849,0.45450776849105134,MEDIUM,IN_PROGRESS
C4837,27489,256,781,DCA_01,0.8010975354796617,0.3184674242572143,MEDIUM,RECOVERED
C4838,15387,174,410,DCA_01,0.6570199875223868,0.4403124234068422,MEDIUM,RECOVERED
C4839,70463,103,709,DCA_02,0.5245420928666411,0.2547405692162703,LOW,RECOVERED
C4840,72832,121,467,DCA_01,0.6636468894297771,0.3836735790940894,MEDIUM,RECOVERED
C4841,96980,350,865,DCA_01,0.4977208103370216,0.3708361628686333,MEDIUM,IN_PROGRESS
C4842,3591,145,696,DCA_01,0.4540896487535175,0.3391223629404133,MEDIUM,RECOVERED
C4843,49516,42,426,DCA_02,0.8190887089160255,0.37481600487066224,MEDIUM,IN_PROGRESS
C4844,92683,29,341,DCA_01,0.74966101171533,0.402139677611022,MEDIUM,RECOVERED
C4845,63061,273,340,DCA_01,0.5024894951069345,0.6835465106693209,HIGH,IN_PROGRESS
C4846,67736,14,861,DCA_01,0.8711473651293244,0.2295631576863698,LOW,RECOVERED
C4847,82257,306,786,DCA_02,0.4121991866706246,0.43486095170802486,MEDIUM,RECOVERED
C4848,62753,313,698,DCA_01,0.5666400935250907,0.4847448731701054,MEDIUM,RECOVERED
C4849,85774,189,481,DCA_02,0.4108265192457683,0.5646035366626858,MEDIUM,IN_PROGRESS
C4850,12087,360,480,DCA_01,0.4711487966446666,0.515199008373243,MEDIUM,RECOVERED
C4851,31816,295,763,DCA_01,0.4900396880817057,0.4163402100499606,MEDIUM,RECOVERED
C4852,24408,183,349,DCA_02,0.8051674338652839,0.5420301051531736,MEDIUM,RECOVERED
C4853,1136,352,707,DCA_01,0.8965198352666923,0.4307947860476702,MEDIUM,RECOVERED
C4854,18413,36,700,DCA_02,0.8336601373055277,0.30286789637724576,MEDIUM,RECOVERED
C4855,60500,37,445,DCA_01,0.717566494391019,0.38192414143680065,MEDIUM,IN_PROGRESS
C4856,85514,14,597,DCA_01,0.7614617150287111,0.2735520545714816,LOW,RECOVERED
C4857,57358,123,444,DCA_01,0.6614104970103426,0.4074997685677486,MEDIUM,RECOVERED
C4858,67197,83,315,DCA_01,0.6112718033239959,0.470853368229744,MEDIUM,IN_PROGRESS
C4859,93789,159,384,DCA_02,0.7460844654212196,0.5294474841210589,MEDIUM,RECOVERED
C4860,93420,329,515,DCA_01,0.8865583430046912,0.4957783021658534,MEDIUM,IN_PROGRESS
C4861,33854,102,781,DCA_01,0.4144470211781585,0.22227736446541357,LOW,RECOVERED
C4862,77240,337,351,DCA_01,0.557042475162013,0.688430553366745,HIGH,RECOVERED
C4863,91063,83,847,DCA_01,0.5650299015035603,0.2097989384876614,LOW,RECOVERED
C4864,17322,44,406,DCA_02,0.6071254279100498,0.45567618233063867,MEDIUM,RECOVERED
C4865,7968,68,518,DCA_02,0.7134460734507244,0.38205226019732075,MEDIUM,IN_PROGRESS
C4866,28518,48,636,DCA_01,0.6568765812398507,0.27897132643178413,LOW,RECOVERED
C4867,52925,57,670,DCA_01,0.4093645245128956,0.3070684448626406,MEDIUM,RECOVERED
C4868,60848,75,553,DCA_02,0.6058047891926859,0.3234280062559912,MEDIUM,IN_PROGRESS
C4869,94422,22,704,DCA_01,0.7097243522616516,0.304453049282016,MEDIUM,RECOVERED
C4870,2700,132,879,DCA_02,0.652412362465242,0.25819158204320947,LOW,RECOVERED
C4871,94782,302,329,DCA_02,0.8360309320906572,0.6094949367981224,HIGH,RECOVERED
C4872,24199,267,484,DCA_02,0.5992978353340103,0.4884366941389552,MEDIUM,IN_PROGRESS
C4873,45589,287,588,DCA_01,0.4062793399134558,0.45591985151528047,MEDIUM,RECOVERED
C4874,33115,120,658,DCA_02,0.5424492587772494,0.33985836165883276,MEDIUM,RECOVERED
C4875,62934,246,773,DCA_01,0.4678363134844941,0.38201547181866713,MEDIUM,IN_PROGRESS
C4876,55316,56,864,DCA_02,0.5251151617264126,0.2020258550881402,LOW,RECOVERED
C4877,6520,38,699,DCA_02,0.5810440090184374,0.24610317184128916,LOW,IN_PROGRESS
C4878,37455,245,432,DCA_01,0.7383278261605777,0.5139651547006638,MEDIUM,RECOVERED
C4879,87465,21,801,DCA_02,0.5620849976490899,0.19979977850254582,LOW,RECOVERED
C4880,42605,110,802,DCA_02,0.8420545875319332,0.2836387162360544,LOW,IN_PROGRESS
C4881,15955,94,376,DCA_02,0.5497839546948162,0.4418149138872982,MEDIUM,IN_PROGRESS
C4882,45049,136,649,DCA_02,0.4684667060707555,0.29528215142956404,LOW,RECOVERED
C4883,14917,231,359,DCA_02,0.4844327087354615,0.5379711397385509,MEDIUM,IN_PROGRESS
C4884,71293,8,754,DCA_01,0.8672899319409808,0.17981677908725768,LOW,IN_PROGRESS
C4885,79581,328,764,DCA_02,0.6274072356493793,0.4106749949352777,MEDIUM,RECOVERED
C4886,65925,290,610,DCA_01,0.6015630340312501,0.4803576645893858,MEDIUM,RECOVERED
C4887,71269,251,390,DCA_02,0.4344504405492631,0.5626111328882127,MEDIUM,IN_PROGRESS
C4888,31954,361,597,DCA_01,0.7666605343909593,0.5859715546080086,MEDIUM,IN_PROGRESS
C4889,97671,87,624,DCA_01,0.7473262628883499,0.37090790013519837,MEDIUM,RECOVERED
C4890,73617,204,579,DCA_02,0.587870274717379,0.5207303731984152,MEDIUM,RECOVERED
C4891,42458,219,417,DCA_02,0.74588177484194,0.5376776461487149,MEDIUM,RECOVERED
C4892,90037,241,866,DCA_02,0.5837258802566907,0.35521629672648203,MEDIUM,RECOVERED
C4893,22113,320,570,DCA_01,0.4365790106971222,0.4217749018224479,MEDIUM,RECOVERED
C4894,91226,258,816,DCA_01,0.769049688653888,0.3458791773696115,MEDIUM,RECOVERED
C4895,44939,109,400,DCA_02,0.8826006466888531,0.536656079284113,MEDIUM,RECOVERED
C4896,30345,256,687,DCA_01,0.7241452640870414,0.38701440569458667,MEDIUM,IN_PROGRESS
C4897,47313,282,585,DCA_02,0.5382306176071778,0.403275719545934,MEDIUM,RECOVERED
C4898,93365,220,352,DCA_01,0.5349601427324517,0.6105380347766316,HIGH,RECOVERED
C4899,70166,83,539,DCA_01,0.8644887982434505,0.4376520463533564,MEDIUM,IN_PROGRESS
C4900,48861,107,513,DCA_02,0.5516451536988937,0.48852704440113204,MEDIUM,IN_PROGRESS
C4901,98406,69,660,DCA_02,0.7840961166914091,0.2578369545685466,LOW,RECOVERED
C4902,50298,97,663,DCA_01,0.7214574911520065,0.28492402107528214,LOW,RECOVERED
C4903,48221,212,626,DCA_02,0.6963009056277851,0.4182996426215726,MEDIUM,RECOVERED
C4904,45942,286,775,DCA_01,0.4905374407010425,0.3734156942392004,MEDIUM,IN_PROGRESS
C4905,4453,237,396,DCA_02,0.4172055229522623,0.5743648607385031,MEDIUM,IN_PROGRESS
C4906,55935,8,626,DCA_02,0.6443385656639442,0.27862688232259514,LOW,RECOVERED
C4907,44370,294,372,DCA_02,0.8940793036248924,0.5632355124495267,MEDIUM,IN_PROGRESS
C4908,9328,189,555,DCA_02,0.4978799521167101,0.41928773628977356,MEDIUM,RECOVERED
C4909,16534,81,469,DCA_02,0.6684360272195617,0.4902764496838361,MEDIUM,RECOVERED
C4910,86280,108,632,DCA_02,0.7354896473222754,0.3383559966794284,MEDIUM,RECOVERED
C4911,85925,321,456,DCA_02,0.641838858261194,0.5653642434270245,MEDIUM,RECOVERED
C4912,37320,67,718,DCA_01,0.653466903298597,0.33648147740902035,MEDIUM,RECOVERED
C4913,50170,174,757,DCA_01,0.730613752136797,0.2600793518779918,LOW,RECOVERED
C4914,81201,346,398,DCA_01,0.807452748502486,0.5916496710065777,MEDIUM,IN_PROGRESS
C4915,9640,351,543,DCA_01,0.5666438067412152,0.543615494699595,MEDIUM,RECOVERED
C4916,92057,328,776,DCA_01,0.8496376158088579,0.43152436885189593,MEDIUM,RECOVERED
C4917,31049,43,740,DCA_01,0.6424504364415132,0.24874325965010258,LOW,RECOVERED
C4918,6618,187,493,DCA_01,0.7309387360873332,0.5025389930761047,MEDIUM,IN_PROGRESS
C4919,57053,302,674,DCA_02,0.4532568170412193,0.5127831925776123,MEDIUM,RECOVERED
C4920,2920,200,666,DCA_02,0.6462396431889079,0.397748022483869,MEDIUM,IN_PROGRESS
C4921,44937,39,454,DCA_02,0.4080532230786705,0.3190567932117099,MEDIUM,IN_PROGRESS
C4922,70724,220,798,DCA_02,0.5955123694200197,0.364577166266125,MEDIUM,RECOVERED
C4923,13207,307,833,DCA_02,0.4272421002844733,0.3665616488097936,MEDIUM,RECOVERED
C4924,66774,4,757,DCA_01,0.8484904188277893,0.19678608405009212,LOW,RECOVERED
C4925,33972,121,412,DCA_02,0.7364025604365179,0.4367626406018338,MEDIUM,IN_PROGRESS
C4926,11799,336,323,DCA_02,0.7959381781148822,0.6334618873065204,HIGH,IN_PROGRESS
C4927,72088,77,582,DCA_01,0.6338397422347086,0.32908974032892446,MEDIUM,RECOVERED
C4928,29916,179,591,DCA_02,0.825948869222884,0.3237463265382259,MEDIUM,RECOVERED
C4929,71463,133,662,DCA_01,0.8365202949088453,0.30860384318387135,MEDIUM,RECOVERED
C4930,94500,311,700,DCA_02,0.5784091199210111,0.4235701768194101,MEDIUM,RECOVERED
C4931,77700,229,867,DCA_01,0.5884274541964665,0.3059333272622251,MEDIUM,RECOVERED
C4932,38158,276,565,DCA_01,0.6541203543437002,0.5064391570932633,MEDIUM,RECOVERED
C4933,85607,152,353,DCA_01,0.4211217475210608,0.5204450323531605,MEDIUM,RECOVERED
C4934,72696,164,721,DCA_02,0.8978841484822331,0.3478488077901536,MEDIUM,IN_PROGRESS
C4935,62510,290,773,DCA_01,0.579590616996662,0.4300203824593255,MEDIUM,RECOVERED
C4936,59692,109,542,DCA_01,0.635421656678363,0.32808033895749866,MEDIUM,RECOVERED
C4937,62744,126,653,DCA_02,0.7773785390673256,0.28737166928167723,LOW,RECOVERED
C4938,16810,240,687,DCA_02,0.5487567504626858,0.39602242334482785,MEDIUM,RECOVERED
C4939,6126,310,477,DCA_02,0.5008157117771808,0.5398572166075204,MEDIUM,IN_PROGRESS
C4940,31009,345,774,DCA_02,0.4637250604908736,0.42246975690027977,MEDIUM,RECOVERED
C4941,91932,146,872,DCA_01,0.6640086545406384,0.2720429831665564,LOW,IN_PROGRESS
C4942,1192,252,704,DCA_02,0.4027491437513777,0.40294836321346617,MEDIUM,RECOVERED
C4943,37413,183,335,DCA_02,0.7547603455019147,0.5338304961979264,MEDIUM,IN_PROGRESS
C4944,13816,309,657,DCA_02,0.6306947502345519,0.4574715821548163,MEDIUM,RECOVERED
C4945,40082,306,857,DCA_01,0.6659114128240147,0.38157564116489695,MEDIUM,IN_PROGRESS
C4946,66048,72,626,DCA_02,0.5316023244461738,0.4084731545627869,MEDIUM,RECOVERED
C4947,51940,219,343,DCA_02,0.4891265274942812,0.63862346255786,HIGH,RECOVERED
C4948,33130,207,619,DCA_02,0.7499948356237047,0.40738229924611036,MEDIUM,RECOVERED
C4949,41142,173,771,DCA_02,0.5051367668131821,0.3059803798759624,MEDIUM,IN_PROGRESS
C4950,37468,141,568,DCA_01,0.7900429792087382,0.37518841323288377,MEDIUM,RECOVERED
C4951,31698,272,824,DCA_02,0.5018362597558708,0.3657681530775021,MEDIUM,RECOVERED
C4952,11655,214,324,DCA_01,0.7063415515273743,0.5019959178557931,MEDIUM,IN_PROGRESS
C4953,48897,269,850,DCA_02,0.721936032032054,0.32808359880098037,MEDIUM,RECOVERED
C4954,31075,20,456,DCA_01,0.6528227955107502,0.39335805045063155,MEDIUM,RECOVERED
C4955,10359,66,484,DCA_01,0.8983953826369813,0.4255582382317862,MEDIUM,IN_PROGRESS
C4956,43056,303,473,DCA_02,0.5879215056263813,0.5640874021584654,MEDIUM,IN_PROGRESS
C4957,52831,147,693,DCA_01,0.8416605725777475,0.31030309038685244,MEDIUM,RECOVERED
C4958,60191,165,485,DCA_02,0.4846140961691553,0.4977886423903315,MEDIUM,RECOVERED
C4959,34272,310,580,DCA_01,0.5686054362269031,0.41111238964263896,MEDIUM,IN_PROGRESS
C4960,15671,6,885,DCA_02,0.4726835604485688,0.19995654163335308,LOW,RECOVERED
C4961,28048,14,594,DCA_02,0.7018122606753081,0.35267477577740514,MEDIUM,IN_PROGRESS
C4962,77274,132,827,DCA_02,0.7191286500711735,0.291511369362218,LOW,RECOVERED
C4963,26963,342,487,DCA_02,0.6267519922565061,0.598745229435989,MEDIUM,RECOVERED
C4964,44954,243,711,DCA_01,0.7600805248260039,0.4049697830030681,MEDIUM,RECOVERED
C4965,73309,231,485,DCA_01,0.8338262272539962,0.5549171776091201,MEDIUM,IN_PROGRESS
C4966,96430,228,843,DCA_02,0.7882796550554729,0.3011574549325341,MEDIUM,RECOVERED
C4967,1717,162,874,DCA_01,0.5208311784622807,0.23543921151110891,LOW,IN_PROGRESS
C4968,12676,283,600,DCA_01,0.5601996275087393,0.3813283770291156,MEDIUM,RECOVERED
C4969,5434,263,608,DCA_01,0.5901382770228601,0.44082920908762435,MEDIUM,IN_PROGRESS
C4970,50810,131,488,DCA_02,0.501883129766,0.4384270012971043,MEDIUM,IN_PROGRESS
C4971,95636,225,710,DCA_01,0.5806181182857093,0.34164425521788044,MEDIUM,IN_PROGRESS
C4972,5994,258,837,DCA_01,0.5190228384301576,0.3529158541444767,MEDIUM,IN_PROGRESS
C4973,5234,234,686,DCA_02,0.8978639277293341,0.32713944648226867,MEDIUM,IN_PROGRESS
C4974,70300,336,850,DCA_01,0.7916251701942032,0.37061378928555566,MEDIUM,IN_PROGRESS
C4975,44949,316,492,DCA_02,0.8300085350055533,0.5357610735178306,MEDIUM,RECOVERED
C4976,38405,24,462,DCA_01,0.8610734484253304,0.3657648304540948,MEDIUM,RECOVERED
C4977,35872,271,352,DCA_01,0.7325004957991622,0.5163680609426549,MEDIUM,IN_PROGRESS
C4978,43215,95,774,DCA_01,0.4879882837942823,0.2568268471376228,LOW,IN_PROGRESS
C4979,24185,142,473,DCA_01,0.7792630347377714,0.439785160454908,MEDIUM,RECOVERED
C4980,44442,182,495,DCA_01,0.4078057333135926,0.44876121577513595,MEDIUM,RECOVERED
C4981,52759,206,510,DCA_01,0.4566152196053294,0.46525155367987947,MEDIUM,IN_PROGRESS
C4982,42153,81,689,DCA_01,0.4147922291567489,0.2641525374513105,LOW,IN_PROGRESS
C4983,78535,274,607,DCA_02,0.4677225581405643,0.49983190878497885,MEDIUM,IN_PROGRESS
C4984,3581,276,756,DCA_01,0.7760021198205723,0.37253355905577845,MEDIUM,RECOVERED
C4985,52717,208,630,DCA_01,0.8427402842660716,0.37346300279314426,MEDIUM,IN_PROGRESS
C4986,3763,296,794,DCA_01,0.5394201402309142,0.3255638584147025,MEDIUM,RECOVERED
C4987,93910,39,628,DCA_02,0.4595635982925464,0.24884542226406092,LOW,RECOVERED
C4988,56480,288,328,DCA_02,0.5364798443282053,0.6869736801251392,HIGH,RECOVERED
C4989,39759,124,421,DCA_02,0.7235568762215023,0.4609491279812954,MEDIUM,IN_PROGRESS
C4990,77067,364,757,DCA_01,0.5751015201398041,0.42632188550754313,MEDIUM,IN_PROGRESS
C4991,26307,283,717,DCA_02,0.8805730120664449,0.384459999417724,MEDIUM,RECOVERED
C4992,97371,180,458,DCA_01,0.4654893982182104,0.5266422447661163,MEDIUM,IN_PROGRESS
C4993,12064,97,897,DCA_02,0.8951712618972069,0.19067141239791452,LOW,RECOVERED
C4994,77848,191,815,DCA_01,0.406225845723905,0.28300142508878756,LOW,IN_PROGRESS
C4995,38548,74,301,DCA_01,0.6258464828644907,0.4994427820849896,MEDIUM,RECOVERED
C4996,37945,273,601,DCA_02,0.5259058865903046,0.39757565401021955,MEDIUM,RECOVERED
C4997,48937,49,378,DCA_01,0.6831427345625072,0.49836296306100925,MEDIUM,IN_PROGRESS
C4998,7476,337,614,DCA_02,0.448275415990536,0.47405466068109114,MEDIUM,IN_PROGRESS
C4999,52756,210,627,DCA_02,0.8379114375645146,0.34624047642383304,MEDIUM,IN_PROGRESS
C5000,91101,116,575,DCA_01,0.4682632002056485,0.42190805986917135,MEDIUM,RECOVERED
C5001,3382,23,751,DCA_01,0.6936946662197256,0.3005822059666361,MEDIUM,RECOVERED
C5002,50683,98,864,DCA_01,0.4166734315272716,0.2636997407688726,LOW,RECOVERED
C5003,88999,328,785,DCA_01,0.555496048570205,0.3374688884902236,MEDIUM,RECOVERED
C5004,46276,313,406,DCA_01,0.4748614511383724,0.5691120843771406,MEDIUM,RECOVERED
C5005,34402,190,866,DCA_01,0.8889233228725169,0.27054042986359383,LOW,IN_PROGRESS
C5006,92881,182,545,DCA_02,0.4060106838152045,0.47186850779944767,MEDIUM,IN_PROGRESS
C5007,27946,148,463,DCA_01,0.5761976702564805,0.4311845834652044,MEDIUM,IN_PROGRESS
C5008,80698,342,826,DCA_01,0.5513880386681251,0.42556021660264043,MEDIUM,IN_PROGRESS
C5009,74933,23,300,DCA_02,0.7286867957908766,0.5368768128903276,MEDIUM,RECOVERED
C5010,23335,105,436,DCA_01,0.4281889833735225,0.4797284133357408,MEDIUM,RECOVERED
C5011,46095,163,450,DCA_02,0.805308885838631,0.4172247091704111,MEDIUM,IN_PROGRESS
C5012,80930,67,479,DCA_02,0.6332618983534078,0.47220149697075,MEDIUM,RECOVERED
C5013,28197,290,786,DCA_02,0.6263862853806477,0.3735723971141415,MEDIUM,RECOVERED
C5014,23010,289,317,DCA_01,0.5133949401910345,0.6431655353819603,HIGH,IN_PROGRESS
C5015,25123,46,524,DCA_02,0.6450233836515784,0.32456427584515546,MEDIUM,IN_PROGRESS
C5016,88923,81,404,DCA_01,0.5819467276676785,0.5013992208975977,MEDIUM,RECOVERED
C5017,3890,147,364,DCA_02,0.5225682181261344,0.525663000836879,MEDIUM,IN_PROGRESS
C5018,94305,222,632,DCA_02,0.4843334692107301,0.43321682252688154,MEDIUM,RECOVERED
C5019,9026,343,671,DCA_02,0.7641677839367558,0.49249211791468694,MEDIUM,RECOVERED
C5020,65925,15,506,DCA_01,0.4710214866716531,0.35919874788473183,MEDIUM,RECOVERED
C5021,69842,121,528,DCA_01,0.4839909980704436,0.35380790368002923,MEDIUM,RECOVERED
C5022,34665,78,880,DCA_02,0.6885356736316461,0.20514068442536448,LOW,RECOVERED
C5023,10277,322,441,DCA_02,0.5130387536611187,0.6488952821402811,HIGH,IN_PROGRESS
C5024,43239,295,630,DCA_02,0.6296882284219363,0.4624401881443766,MEDIUM,RECOVERED
C5025,48664,241,570,DCA_02,0.6764586764032232,0.4895575140538231,MEDIUM,IN_PROGRESS
C5026,49008,18,624,DCA_01,0.5372148784909155,0.3116873838770561,MEDIUM,RECOVERED
C5027,15683,256,826,DCA_01,0.5717771254347503,0.29760578874711474,LOW,RECOVERED
C5028,1670,277,846,DCA_01,0.5051034135261727,0.3388826808824672,MEDIUM,RECOVERED
C5029,90211,27,368,DCA_01,0.6302122445811464,0.4846461900233401,MEDIUM,IN_PROGRESS
C5030,18889,2,511,DCA_02,0.8961999546687016,0.2973041233931851,LOW,RECOVERED
C5031,56612,353,857,DCA_01,0.5813559504341418,0.41719448861727637,MEDIUM,IN_PROGRESS
C5032,45535,295,681,DCA_01,0.7266651896217696,0.5020031684597882,MEDIUM,IN_PROGRESS
C5033,79542,312,719,DCA_01,0.7179472255096657,0.44037289258154644,MEDIUM,RECOVERED
C5034,55319,363,896,DCA_01,0.7932409164245706,0.3387579627470998,MEDIUM,RECOVERED
C5035,93067,239,347,DCA_02,0.7559592186252161,0.5803591791367151,MEDIUM,RECOVERED
C5036,22639,13,530,DCA_01,0.4058898669860085,0.3402022037901894,MEDIUM,RECOVERED
C5037,65712,184,878,DCA_01,0.5546085462518362,0.2199618424523193,LOW,RECOVERED
C5038,17633,194,776,DCA_01,0.8351167389389602,0.313689105839593,MEDIUM,IN_PROGRESS
C5039,35660,56,388,DCA_02,0.6697751092885624,0.34821458475386724,MEDIUM,RECOVERED
C5040,69975,230,351,DCA_02,0.4521120430943285,0.49486469710405634,MEDIUM,IN_PROGRESS
C5041,33172,28,833,DCA_01,0.5380684438370645,0.20122444149196472,LOW,RECOVERED
C5042,60197,320,721,DCA_02,0.5416930576462908,0.3925952471544988,MEDIUM,RECOVERED
C5043,59847,71,745,DCA_02,0.8365886771955449,0.2705160139804049,LOW,RECOVERED
C5044,12577,210,430,DCA_02,0.6767006355352938,0.5292908900128204,MEDIUM,IN_PROGRESS
C5045,78299,184,899,DCA_01,0.7041618104226999,0.2886005497566433,LOW,RECOVERED
C5046,21176,356,673,DCA_02,0.5835323453000207,0.4227841516959163,MEDIUM,RECOVERED
C5047,45386,41,850,DCA_01,0.4301551920121994,0.22396285927471504,LOW,RECOVERED
C5048,64972,260,829,DCA_02,0.4376241414983893,0.37387968926979576,MEDIUM,RECOVERED
C5049,90791,344,404,DCA_01,0.6101912708138804,0.5555459066318501,MEDIUM,IN_PROGRESS
C5050,42003,84,686,DCA_01,0.4887469392047978,0.24340611459810702,LOW,RECOVERED
C5051,20996,46,635,DCA_02,0.4521312797671977,0.2501520549161673,LOW,RECOVERED
C5052,87598,159,416,DCA_01,0.5311217724155897,0.4047844666554443,MEDIUM,IN_PROGRESS
C5053,36931,344,300,DCA_01,0.7710231803003383,0.6896045918379001,HIGH,IN_PROGRESS
C5054,36710,7,837,DCA_02,0.4365091521985647,0.22697848370925056,LOW,RECOVERED
C5055,35693,333,735,DCA_01,0.624112954618923,0.4125907605242578,MEDIUM,RECOVERED
C5056,36740,136,795,DCA_01,0.8130435797820144,0.2767772219986002,LOW,IN_PROGRESS
C5057,78241,183,311,DCA_02,0.5339624075702645,0.5951625675871355,MEDIUM,IN_PROGRESS
C5058,94583,197,593,DCA_01,0.5509371076152063,0.4205360954498366,MEDIUM,IN_PROGRESS
C5059,77502,172,807,DCA_01,0.8421036393020016,0.2950354999706186,LOW,RECOVERED
C5060,18374,349,864,DCA_02,0.7250017901318798,0.35059559369205784,MEDIUM,RECOVERED
C5061,77674,276,427,DCA_01,0.7988560475669069,0.49611661880323166,MEDIUM,RECOVERED
C5062,82471,78,375,DCA_01,0.5446021082719179,0.4380546586954348,MEDIUM,RECOVERED
C5063,46913,178,568,DCA_01,0.8983897621046799,0.49348943018310987,MEDIUM,RECOVERED
C5064,67025,27,445,DCA_02,0.4704481849549887,0.38068731131150857,MEDIUM,IN_PROGRESS
C5065,45516,120,702,DCA_02,0.8809685438021426,0.364321312957283,MEDIUM,IN_PROGRESS
C5066,88796,281,798,DCA_02,0.8510495595758433,0.32298968821832885,MEDIUM,RECOVERED
C5067,27069,308,859,DCA_02,0.6759473245526045,0.36065641950909544,MEDIUM,IN_PROGRESS
C5068,57233,196,498,DCA_02,0.6926482399785736,0.5235570060258429,MEDIUM,RECOVERED
C5069,85811,277,882,DCA_02,0.7875239392386397,0.34561405619618935,MEDIUM,RECOVERED
C5070,60049,18,802,DCA_02,0.5533910530960302,0.24878969450048272,LOW,IN_PROGRESS
C5071,40178,295,702,DCA_02,0.6637348910272579,0.4130874044650734,MEDIUM,RECOVERED
C5072,33821,271,508,DCA_01,0.8511878968647524,0.53388693745268,MEDIUM,IN_PROGRESS
C5073,52727,53,641,DCA_01,0.4341245186174305,0.2796284149814634,LOW,RECOVERED
C5074,61935,294,347,DCA_01,0.8527643346786098,0.6080954888503805,HIGH,IN_PROGRESS
C5075,17999,52,840,DCA_01,0.7643889696446238,0.21382559193632644,LOW,RECOVERED
C5076,63522,216,475,DCA_02,0.7849224144697338,0.5187876578915411,MEDIUM,RECOVERED
C5077,39712,72,810,DCA_02,0.432359051516883,0.2313046088908035,LOW,RECOVERED
C5078,65551,28,318,DCA_01,0.4938783344524886,0.4997520500198456,MEDIUM,RECOVERED
C5079,41172,252,794,DCA_02,0.8626308996662042,0.43385384224748724,MEDIUM,RECOVERED
C5080,34722,35,654,DCA_02,0.4620257242365667,0.3676793525972176,MEDIUM,IN_PROGRESS
C5081,11625,201,858,DCA_01,0.715591427789168,0.3095023072175421,MEDIUM,RECOVERED
C5082,68165,249,644,DCA_02,0.791346274846269,0.42909900546852586,MEDIUM,RECOVERED
C5083,77509,99,359,DCA_02,0.5156410122522898,0.5360513639128881,MEDIUM,IN_PROGRESS
C5084,7859,308,528,DCA_02,0.7493951056423886,0.5071938681602257,MEDIUM,RECOVERED
C5085,42609,140,446,DCA_02,0.4327882566476205,0.5246228062403715,MEDIUM,RECOVERED
C5086,44307,83,597,DCA_01,0.6493842015213214,0.2790945416218409,LOW,RECOVERED
C5087,22839,48,632,DCA_02,0.5672165588748457,0.37425696912321804,MEDIUM,IN_PROGRESS
C5088,28216,278,631,DCA_02,0.7228710086793477,0.4354999739077777,MEDIUM,IN_PROGRESS
C5089,53953,248,732,DCA_02,0.844502423035548,0.454048975650309,MEDIUM,IN_PROGRESS
C5090,85481,177,698,DCA_01,0.4627454590616608,0.3184015721680401,MEDIUM,IN_PROGRESS
C5091,61593,52,634,DCA_02,0.6251538262361139,0.24952503463133613,LOW,IN_PROGRESS
C5092,73075,79,508,DCA_01,0.6115969032517565,0.38018288455147553,MEDIUM,RECOVERED
C5093,50522,322,710,DCA_01,0.5618976191969607,0.49250541202534703,MEDIUM,RECOVERED
C5094,5886,64,886,DCA_02,0.6400833827503498,0.193900484731104,LOW,RECOVERED
C5095,8485,8,898,DCA_02,0.8403642389244832,0.18319191827091508,LOW,RECOVERED
C5096,32455,214,570,DCA_01,0.8868309668829246,0.3940751903215918,MEDIUM,RECOVERED
C5097,17767,25,479,DCA_01,0.4014214436919252,0.3164793811353571,MEDIUM,RECOVERED
C5098,29453,256,714,DCA_02,0.769515771556563,0.4434720391028757,MEDIUM,IN_PROGRESS
C5099,77280,243,645,DCA_02,0.7075406001565104,0.47909467679448914,MEDIUM,IN_PROGRESS
C5100,54442,198,818,DCA_01,0.8972560735931726,0.32014084044465296,MEDIUM,RECOVERED
C5101,52877,94,737,DCA_01,0.4449656979443348,0.2726438459612517,LOW,RECOVERED
C5102,13226,207,312,DCA_02,0.8056731507888515,0.5886538047262418,MEDIUM,IN_PROGRESS
C5103,94405,15,703,DCA_01,0.8669640897276496,0.25607307958758463,LOW,RECOVERED
C5104,23588,178,679,DCA_02,0.8560578159614086,0.43228432692529395,MEDIUM,RECOVERED
C5105,79976,75,720,DCA_01,0.6802863521089076,0.2688574819550422,LOW,RECOVERED
C5106,32709,104,479,DCA_01,0.5637780725083588,0.42668753951153127,MEDIUM,IN_PROGRESS
C5107,48788,294,582,DCA_02,0.7199519185154419,0.5182171079895093,MEDIUM,IN_PROGRESS
C5108,89031,168,717,DCA_01,0.5530359976116169,0.28714866792844596,LOW,RECOVERED
C5109,38019,115,655,DCA_02,0.6061346296501999,0.35277973958075637,MEDIUM,IN_PROGRESS
C5110,45948,39,315,DCA_02,0.6228624923959298,0.42805386227644215,MEDIUM,RECOVERED
C5111,66133,364,614,DCA_01,0.5509750882072983,0.4890610663432793,MEDIUM,RECOVERED
C5112,67458,273,832,DCA_01,0.5709136823720122,0.30822541626980204,MEDIUM,RECOVERED
C5113,28526,135,315,DCA_01,0.4036565594835923,0.467173806513033,MEDIUM,IN_PROGRESS
C5114,74493,232,764,DCA_02,0.548539431880824,0.3664133872492402,MEDIUM,RECOVERED
C5115,53198,39,762,DCA_02,0.6361526870800043,0.3017679756389452,MEDIUM,RECOVERED
C5116,44395,291,844,DCA_01,0.4865036851086803,0.40333171365850173,MEDIUM,IN_PROGRESS
C5117,25031,307,368,DCA_02,0.8027922884265007,0.6373216360245226,HIGH,IN_PROGRESS
C5118,76542,47,710,DCA_02,0.6688185110642877,0.33102083249970693,MEDIUM,RECOVERED
C5119,38701,36,351,DCA_01,0.7969403340897414,0.40778557155247064,MEDIUM,RECOVERED
C5120,26939,320,364,DCA_02,0.4640517161856957,0.6380763262770106,HIGH,RECOVERED
C5121,50145,95,766,DCA_02,0.8102556288793107,0.2672789681090262,LOW,RECOVERED
C5122,21324,361,571,DCA_01,0.8791314635930684,0.4900053708432557,MEDIUM,IN_PROGRESS
C5123,23867,13,738,DCA_02,0.5762269930182976,0.2674669536197576,LOW,RECOVERED
C5124,1203,146,829,DCA_02,0.5419762022337857,0.256334959590251,LOW,RECOVERED
C5125,17544,65,572,DCA_01,0.7234157714185723,0.37238082173428155,MEDIUM,IN_PROGRESS
C5126,16899,228,758,DCA_01,0.7179570552712025,0.30238614022971755,MEDIUM,RECOVERED
C5127,30063,242,472,DCA_02,0.4562340194521073,0.5005171058933278,MEDIUM,RECOVERED
C5128,91880,8,867,DCA_01,0.8633793923503926,0.20345177417216487,LOW,IN_PROGRESS
C5129,4748,304,820,DCA_02,0.63952807768558,0.36272882539960616,MEDIUM,IN_PROGRESS
C5130,67629,341,796,DCA_01,0.7822082073452975,0.44943450384146744,MEDIUM,IN_PROGRESS
C5131,81764,43,833,DCA_01,0.5796588380917848,0.2327027413684235,LOW,RECOVERED
C5132,21884,244,371,DCA_02,0.5307683209778877,0.5670536505642233,MEDIUM,IN_PROGRESS
C5133,26183,181,471,DCA_01,0.4556359480429011,0.5573202472176284,MEDIUM,IN_PROGRESS
C5134,82570,85,591,DCA_02,0.5372593573814803,0.3960442811938899,MEDIUM,RECOVERED
C5135,72246,155,551,DCA_02,0.8967155727631482,0.4335438612626793,MEDIUM,RECOVERED
C5136,20259,275,708,DCA_01,0.7289800919416569,0.40390884731150833,MEDIUM,IN_PROGRESS
C5137,36959,23,666,DCA_02,0.8013911650212847,0.22881989881759268,LOW,RECOVERED
C5138,34457,115,555,DCA_01,0.879254564276742,0.42342654739625885,MEDIUM,RECOVERED
C5139,86679,306,824,DCA_02,0.4394956758979587,0.3469882788664691,MEDIUM,IN_PROGRESS
C5140,3103,299,739,DCA_02,0.4823472128674968,0.41508381782745474,MEDIUM,RECOVERED
C5141,66901,99,634,DCA_01,0.8639828459971424,0.2999949928816197,LOW,RECOVERED
C5142,45535,104,734,DCA_02,0.6822768408299739,0.23431064069071594,LOW,RECOVERED
C5143,17103,51,760,DCA_02,0.717424602702922,0.29432598561113554,LOW,RECOVERED
C5144,99046,362,607,DCA_02,0.6138171411931975,0.5354640772360311,MEDIUM,RECOVERED
C5145,91012,112,394,DCA_01,0.8072143673947654,0.5380668239265618,MEDIUM,RECOVERED
C5146,79278,244,708,DCA_01,0.658622107585042,0.38045879562539753,MEDIUM,RECOVERED
C5147,13391,169,467,DCA_02,0.8130647291596651,0.4706391854082399,MEDIUM,IN_PROGRESS
C5148,29901,72,386,DCA_02,0.8960933017895207,0.3680512889178116,MEDIUM,IN_PROGRESS
C5149,98537,139,302,DCA_02,0.7233633921348812,0.5601216752556502,MEDIUM,IN_PROGRESS
C5150,82159,336,671,DCA_01,0.6644067919173489,0.4289559842149836,MEDIUM,RECOVERED
C5151,68914,231,827,DCA_01,0.5825789271326134,0.31613389305308326,MEDIUM,IN_PROGRESS
C5152,51357,239,322,DCA_01,0.4973482212393238,0.5927757387603638,MEDIUM,IN_PROGRESS
C5153,87908,253,397,DCA_01,0.7283288937777856,0.5211409334055136,MEDIUM,IN_PROGRESS
C5154,39437,49,821,DCA_01,0.4313185958487721,0.28063946594569156,LOW,IN_PROGRESS
C5155,36503,303,620,DCA_01,0.8781437926671201,0.4923113521180218,MEDIUM,IN_PROGRESS
C5156,97282,72,833,DCA_01,0.7237776027521144,0.2432820053325967,LOW,RECOVERED
C5157,94459,263,666,DCA_01,0.8796813866339731,0.4826556174618647,MEDIUM,RECOVERED
C5158,76403,322,483,DCA_02,0.5361372551479713,0.537988317822811,MEDIUM,IN_PROGRESS
C5159,42258,222,716,DCA_01,0.8732579069754443,0.3685495617876128,MEDIUM,RECOVERED
C5160,34724,77,513,DCA_01,0.7060625710935486,0.400842926821665,MEDIUM,RECOVERED
C5161,65286,62,509,DCA_01,0.8051319830763112,0.3748576518088945,MEDIUM,RECOVERED
C5162,75842,157,432,DCA_02,0.489461651357185,0.4767809487575443,MEDIUM,RECOVERED
C5163,15908,294,352,DCA_02,0.6500551857289112,0.6118598021728259,HIGH,RECOVERED
C5164,93617,125,322,DCA_01,0.6844801830430682,0.5267764483511395,MEDIUM,IN_PROGRESS
C5165,51626,229,405,DCA_02,0.5964272124101194,0.48563152409347554,MEDIUM,IN_PROGRESS
C5166,38228,340,759,DCA_01,0.52661636760904,0.4353113725687129,MEDIUM,RECOVERED
C5167,24386,161,781,DCA_01,0.8523873707498915,0.24133167100184116,LOW,RECOVERED
C5168,47754,29,419,DCA_01,0.4425294408025428,0.4527690742259124,MEDIUM,RECOVERED
C5169,29302,114,507,DCA_01,0.4769935455508778,0.3261014505810662,MEDIUM,IN_PROGRESS
C5170,61815,79,617,DCA_01,0.5602552665659006,0.36602772245337567,MEDIUM,IN_PROGRESS
C5171,85748,23,637,DCA_02,0.8598850007485297,0.2936271277542635,LOW,RECOVERED
C5172,64344,106,454,DCA_01,0.6821051851504691,0.44617194415024264,MEDIUM,RECOVERED
C5173,36618,131,454,DCA_01,0.5865868459154779,0.46562321325873934,MEDIUM,IN_PROGRESS
C5174,77234,357,693,DCA_01,0.6013391076087169,0.4707209972734434,MEDIUM,RECOVERED
C5175,62114,173,804,DCA_02,0.8188887962327815,0.2924323808455025,LOW,RECOVERED
C5176,71130,264,612,DCA_01,0.4133897872945523,0.4538599543589784,MEDIUM,IN_PROGRESS
C5177,26525,342,558,DCA_02,0.4056695291171948,0.5851559651239142,MEDIUM,IN_PROGRESS
C5178,80818,285,456,DCA_01,0.4230423480674695,0.486669848069498,MEDIUM,RECOVERED
C5179,15334,2,313,DCA_01,0.6346025003098191,0.4995934213768164,MEDIUM,IN_PROGRESS
C5180,95715,233,376,DCA_02,0.6906246973040875,0.6063341586206885,HIGH,IN_PROGRESS
C5181,63767,251,638,DCA_01,0.7122344052539819,0.46364960836519675,MEDIUM,RECOVERED
C5182,7644,321,708,DCA_02,0.7655685622003099,0.4337738381678594,MEDIUM,RECOVERED
C5183,33933,108,693,DCA_01,0.4948618933015645,0.35091945658817103,MEDIUM,IN_PROGRESS
C5184,44469,276,519,DCA_01,0.5311423380765574,0.5624577042414498,MEDIUM,IN_PROGRESS
C5185,34687,180,732,DCA_02,0.5217535079756499,0.39766913453623975,MEDIUM,IN_PROGRESS
C5186,53656,213,754,DCA_01,0.47458604905533,0.341718776772847,MEDIUM,RECOVERED
C5187,18375,293,439,DCA_01,0.5221977882018383,0.5784713923975964,MEDIUM,RECOVERED
C5188,66206,72,797,DCA_02,0.7068263223584199,0.2191659320862699,LOW,IN_PROGRESS
C5189,97462,283,829,DCA_02,0.5832057968581212,0.3401971022351513,MEDIUM,IN_PROGRESS
C5190,37607,175,395,DCA_01,0.7839562184652954,0.4815764183163934,MEDIUM,IN_PROGRESS
C5191,84178,123,327,DCA_02,0.6682093996715336,0.5217211983965835,MEDIUM,RECOVERED
C5192,24993,227,529,DCA_02,0.5060195835583934,0.46136854795296356,MEDIUM,IN_PROGRESS
C5193,45386,301,715,DCA_02,0.6336910002916694,0.3602751697845672,MEDIUM,IN_PROGRESS
C5194,47287,83,755,DCA_01,0.6966844012943374,0.26426964725470725,LOW,IN_PROGRESS
C5195,87724,253,324,DCA_01,0.8330974857144088,0.5909847289108445,MEDIUM,IN_PROGRESS
C5196,99132,146,703,DCA_01,0.8168588000329986,0.408230309857888,MEDIUM,RECOVERED
C5197,94308,120,841,DCA_02,0.6132399177581578,0.2586499086544467,LOW,RECOVERED
C5198,97393,65,464,DCA_01,0.7238379095487746,0.33412720868421575,MEDIUM,RECOVERED
C5199,77312,281,507,DCA_02,0.5489023898328538,0.5342151327301445,MEDIUM,RECOVERED
C5200,99371,283,672,DCA_01,0.7165016547248821,0.43119625594890965,MEDIUM,RECOVERED
C5201,76324,106,368,DCA_01,0.8563962225146375,0.4714081106046343,MEDIUM,RECOVERED
C5202,72196,300,819,DCA_02,0.7122713848318074,0.33143848492127925,MEDIUM,RECOVERED
C5203,71014,107,652,DCA_01,0.5518859187084277,0.32570707262344456,MEDIUM,IN_PROGRESS
C5204,9210,36,400,DCA_02,0.7219917116852443,0.37809563347612984,MEDIUM,IN_PROGRESS
C5205,11922,147,300,DCA_02,0.8513773354164593,0.5232926184990012,MEDIUM,IN_PROGRESS
C5206,37289,262,650,DCA_02,0.4685234653860819,0.43785976339892496,MEDIUM,RECOVERED
C5207,34340,159,306,DCA_01,0.6412234589477073,0.5749574776613244,MEDIUM,IN_PROGRESS
C5208,40850,265,617,DCA_01,0.5605254749678875,0.5046922261879173,MEDIUM,IN_PROGRESS
C5209,57984,202,808,DCA_01,0.5207337269466958,0.358030416719319,MEDIUM,RECOVERED
C5210,85178,155,485,DCA_01,0.5981044881495714,0.42746620723511997,MEDIUM,RECOVERED
C5211,12094,13,761,DCA_01,0.5969840229905717,0.17597537940950148,LOW,RECOVERED
C5212,88959,297,642,DCA_01,0.5052164984466134,0.5510211544128167,MEDIUM,IN_PROGRESS
C5213,34418,322,307,DCA_01,0.6018125642555607,0.6739884127015923,HIGH,RECOVERED
C5214,6741,85,875,DCA_02,0.7168659101412104,0.2550218317908053,LOW,RECOVERED
C5215,73374,280,435,DCA_01,0.4128659826018749,0.5261101244030203,MEDIUM,IN_PROGRESS
C5216,69798,245,682,DCA_02,0.8946126063239921,0.3238073494810174,MEDIUM,RECOVERED
C5217,71532,300,485,DCA_01,0.5479721624569541,0.5688657839080027,MEDIUM,IN_PROGRESS
C5218,23164,362,671,DCA_01,0.7118226822525637,0.5148322437577025,MEDIUM,IN_PROGRESS
C5219,36595,354,860,DCA_01,0.5417744725832122,0.39955071945077825,MEDIUM,RECOVERED
C5220,31257,316,465,DCA_02,0.5967679388097585,0.5922381729049464,MEDIUM,IN_PROGRESS
C5221,15211,9,620,DCA_02,0.6746187379011003,0.25235769767685623,LOW,RECOVERED
C5222,96989,247,456,DCA_02,0.7059262513182238,0.5309131143408853,MEDIUM,IN_PROGRESS
C5223,6232,312,584,DCA_01,0.785228974760044,0.5386835318882149,MEDIUM,IN_PROGRESS
C5224,68753,278,327,DCA_02,0.7958419074446246,0.5475334900738855,MEDIUM,RECOVERED
C5225,53691,238,650,DCA_01,0.6593515895613105,0.3829627854482398,MEDIUM,RECOVERED
C5226,90765,203,382,DCA_02,0.437862877131878,0.4841155595234472,MEDIUM,RECOVERED
C5227,80768,247,669,DCA_01,0.6788917794422686,0.40566869557227236,MEDIUM,RECOVERED
C5228,26613,235,840,DCA_02,0.6387901420346694,0.2997566071803297,LOW,RECOVERED
C5229,15026,81,694,DCA_02,0.5076933036326391,0.2879813012801524,LOW,RECOVERED
C5230,54535,356,779,DCA_01,0.4050814359948946,0.34350933185142984,MEDIUM,RECOVERED
C5231,95090,13,512,DCA_02,0.5579829870903594,0.3404977072395601,MEDIUM,RECOVERED
C5232,31908,327,659,DCA_01,0.5297441610340132,0.4576867715920939,MEDIUM,RECOVERED
C5233,53113,16,513,DCA_01,0.6414551091751481,0.40652676912773156,MEDIUM,IN_PROGRESS
C5234,20610,45,603,DCA_02,0.7808007846255007,0.2542482641121272,LOW,RECOVERED
C5235,47646,321,454,DCA_02,0.6195200055419314,0.5637041201907482,MEDIUM,RECOVERED
C5236,64185,139,679,DCA_01,0.8757842100176235,0.4024587812853049,MEDIUM,RECOVERED
C5237,73567,326,499,DCA_01,0.5106566590553476,0.5599741608166753,MEDIUM,IN_PROGRESS
C5238,48574,148,537,DCA_02,0.5104760207840763,0.4236739013206777,MEDIUM,RECOVERED
C5239,92051,355,466,DCA_01,0.702224781419382,0.593831239951646,MEDIUM,IN_PROGRESS
C5240,37182,236,525,DCA_02,0.8481312968928868,0.5423074849685219,MEDIUM,IN_PROGRESS
C5241,1570,191,550,DCA_02,0.7359287836378754,0.47251104573801084,MEDIUM,RECOVERED
C5242,98790,101,579,DCA_01,0.7368391147776983,0.3117280596796551,MEDIUM,RECOVERED
C5243,20288,105,775,DCA_02,0.803142987220905,0.20942977159360388,LOW,RECOVERED
C5244,79824,250,797,DCA_02,0.7343397713672887,0.3934336548741767,MEDIUM,RECOVERED
C5245,30877,94,834,DCA_02,0.7796738511115668,0.2881282843653684,LOW,RECOVERED
C5246,85425,220,710,DCA_01,0.8330637308048416,0.34864389225684844,MEDIUM,IN_PROGRESS
C5247,1917,298,728,DCA_01,0.4039553537774837,0.39068292012432393,MEDIUM,RECOVERED
C5248,76602,339,838,DCA_02,0.8428114551970803,0.3898148609256311,MEDIUM,IN_PROGRESS
C5249,96040,133,742,DCA_02,0.5076321888691901,0.28322957874990495,LOW,RECOVERED
C5250,65575,361,509,DCA_01,0.856052738391611,0.6124865396986741,HIGH,RECOVERED
C5251,73518,155,846,DCA_01,0.5330916476404972,0.27441802695742634,LOW,IN_PROGRESS
C5252,40104,28,790,DCA_02,0.6276194696686677,0.22200799460168374,LOW,IN_PROGRESS
C5253,19062,282,770,DCA_02,0.8669416849026308,0.33771946576200884,MEDIUM,IN_PROGRESS
C5254,17999,116,867,DCA_02,0.4548734063549681,0.2341934546217146,LOW,RECOVERED
C5255,62845,305,762,DCA_02,0.7726415641977176,0.3312041539369509,MEDIUM,RECOVERED
C5256,10941,234,849,DCA_02,0.5962243193505397,0.24998847780226152,LOW,IN_PROGRESS
C5257,62169,1,776,DCA_02,0.4120503735399483,0.25126959113834146,LOW,RECOVERED
C5258,24470,348,497,DCA_02,0.8695665335073691,0.5628831629284634,MEDIUM,RECOVERED
C5259,60821,240,820,DCA_02,0.4589144311675256,0.27905654819401293,LOW,IN_PROGRESS
C5260,87669,58,798,DCA_01,0.7870708854319381,0.22310599276008025,LOW,RECOVERED
C5261,45435,335,810,DCA_02,0.5921350734051336,0.4156125633988531,MEDIUM,RECOVERED
C5262,5529,183,624,DCA_02,0.8052914641554365,0.4063391354680177,MEDIUM,RECOVERED
C5263,84055,337,766,DCA_02,0.7751436323924321,0.4342488313162949,MEDIUM,IN_PROGRESS
C5264,13192,26,895,DCA_01,0.7166092710575332,0.18984448524144137,LOW,IN_PROGRESS
C5265,75102,77,438,DCA_01,0.8696112585240878,0.4989988710013641,MEDIUM,IN_PROGRESS
C5266,73762,217,541,DCA_02,0.4494617403731694,0.430183901615528,MEDIUM,IN_PROGRESS
C5267,87795,328,615,DCA_02,0.7992895642563298,0.4970159109190804,MEDIUM,IN_PROGRESS
C5268,35087,325,434,DCA_02,0.7353926407990419,0.5199953261951511,MEDIUM,RECOVERED
C5269,67677,262,487,DCA_02,0.5573603712692012,0.4775296826280675,MEDIUM,IN_PROGRESS
C5270,5627,23,878,DCA_02,0.6729860956925129,0.23890831330431928,LOW,RECOVERED
C5271,57541,244,368,DCA_02,0.7223138399718927,0.5668365562101273,MEDIUM,IN_PROGRESS
C5272,69226,158,738,DCA_01,0.7681357174901607,0.28720243888082186,LOW,IN_PROGRESS
C5273,4255,206,376,DCA_01,0.4935298602814025,0.5303080235390469,MEDIUM,RECOVERED
C5274,58433,310,699,DCA_02,0.4510567604951231,0.3849215328560005,MEDIUM,RECOVERED
C5275,6213,87,673,DCA_02,0.4510279456165962,0.2809870518735321,LOW,RECOVERED
C5276,20404,267,311,DCA_01,0.5469343309618508,0.6322039745647543,HIGH,RECOVERED
C5277,26380,134,786,DCA_02,0.4770865770262053,0.26758590565253737,LOW,IN_PROGRESS
C5278,92056,267,716,DCA_01,0.6678207864876146,0.4462146341716895,MEDIUM,RECOVERED
C5279,20173,333,506,DCA_01,0.6185199960026277,0.5952649423531262,MEDIUM,RECOVERED
C5280,54027,268,640,DCA_01,0.8465332817918076,0.4494309846270297,MEDIUM,RECOVERED
C5281,24989,53,610,DCA_02,0.7587012421432892,0.3267296893951124,MEDIUM,RECOVERED
C5282,25519,99,607,DCA_01,0.5029061038880818,0.32045782604321393,MEDIUM,IN_PROGRESS
C5283,23439,247,592,DCA_02,0.422863505184795,0.4302551009926281,MEDIUM,IN_PROGRESS
C5284,77949,36,675,DCA_02,0.7545779319011331,0.2608070868254674,LOW,RECOVERED
C5285,15995,28,826,DCA_02,0.8229137766951461,0.22207588797106326,LOW,RECOVERED
C5286,24559,220,639,DCA_01,0.7504968103275138,0.40794570370945027,MEDIUM,IN_PROGRESS
C5287,90049,102,382,DCA_02,0.7218971831644138,0.4278456035371335,MEDIUM,RECOVERED
C5288,6021,263,876,DCA_01,0.5246575342367431,0.33234841601542453,MEDIUM,RECOVERED
C5289,99000,271,751,DCA_01,0.6473017506126864,0.4332005895787593,MEDIUM,IN_PROGRESS
C5290,22119,224,302,DCA_01,0.7624808486313153,0.555455899411625,MEDIUM,RECOVERED
C5291,52539,139,755,DCA_01,0.4966873863719331,0.2938282246729843,LOW,IN_PROGRESS
C5292,95835,280,535,DCA_02,0.638271771888647,0.44265985442927425,MEDIUM,RECOVERED
C5293,40350,286,688,DCA_01,0.4585141354116107,0.4170248680132992,MEDIUM,RECOVERED
C5294,47223,250,692,DCA_02,0.6653594925498191,0.4458663598655631,MEDIUM,IN_PROGRESS
C5295,26517,322,329,DCA_02,0.6867686495813025,0.61306076592086,HIGH,IN_PROGRESS
C5296,79653,317,882,DCA_02,0.6676928152353114,0.4356362640704944,MEDIUM,IN_PROGRESS
C5297,23250,78,447,DCA_02,0.6347323094115771,0.4457534069357927,MEDIUM,IN_PROGRESS
C5298,85486,297,582,DCA_02,0.6937269787531342,0.4826455951386397,MEDIUM,IN_PROGRESS
C5299,83895,338,537,DCA_02,0.898399760559589,0.5099319870069093,MEDIUM,RECOVERED
C5300,90132,307,618,DCA_01,0.7112682155666128,0.5487402702442317,MEDIUM,RECOVERED
C5301,92066,351,636,DCA_02,0.7762838611532945,0.48068399372936865,MEDIUM,IN_PROGRESS
C5302,67798,13,330,DCA_01,0.4960604506073298,0.4800790497859848,MEDIUM,RECOVERED
C5303,55199,346,506,DCA_02,0.665011702599638,0.5707493712028657,MEDIUM,IN_PROGRESS
C5304,60546,82,528,DCA_01,0.4037526938872028,0.42085824995883026,MEDIUM,RECOVERED
C5305,89151,9,882,DCA_01,0.4157288759038601,0.20193448182245022,LOW,RECOVERED
C5306,4327,213,641,DCA_02,0.5612402030300232,0.3472847137770466,MEDIUM,IN_PROGRESS
C5307,30768,48,759,DCA_02,0.6333002388560038,0.2495281468656254,LOW,RECOVERED
C5308,65418,49,435,DCA_01,0.6878184188120731,0.43789465287204765,MEDIUM,RECOVERED
C5309,95386,309,583,DCA_02,0.8440021835986538,0.5890567203936898,MEDIUM,IN_PROGRESS
C5310,43788,40,650,DCA_01,0.7858781821134994,0.2977875339919037,LOW,RECOVERED
C5311,83384,363,316,DCA_02,0.5499884796997239,0.6934974943117671,HIGH,IN_PROGRESS
C5312,47830,280,514,DCA_01,0.7717420880316594,0.47194847612936797,MEDIUM,IN_PROGRESS
C5313,53446,226,694,DCA_01,0.67469554148665,0.3246073161528934,MEDIUM,IN_PROGRESS
C5314,16160,108,698,DCA_02,0.7895906434659852,0.30695836515461905,MEDIUM,IN_PROGRESS
C5315,57583,245,713,DCA_01,0.6055247974089315,0.42186988527796176,MEDIUM,IN_PROGRESS
C5316,34998,255,543,DCA_01,0.4459466584990098,0.5274178792281816,MEDIUM,IN_PROGRESS
C5317,28230,33,394,DCA_01,0.7092438846362854,0.38143899521129265,MEDIUM,RECOVERED
C5318,10076,23,305,DCA_02,0.6785187803220696,0.4694732420766011,MEDIUM,IN_PROGRESS
C5319,70341,333,386,DCA_02,0.8768017657739284,0.5430157115051886,MEDIUM,RECOVERED
C5320,32085,54,488,DCA_01,0.4810650695733728,0.39942841376955407,MEDIUM,IN_PROGRESS
C5321,56571,309,719,DCA_01,0.7280664721222039,0.4338552647827456,MEDIUM,IN_PROGRESS
C5322,15715,49,366,DCA_02,0.6370367303571881,0.4816330462048669,MEDIUM,IN_PROGRESS
C5323,6750,78,547,DCA_01,0.5894612280161471,0.44617466265268746,MEDIUM,RECOVERED
C5324,79768,336,506,DCA_02,0.7972837819776579,0.49425642423844296,MEDIUM,IN_PROGRESS
C5325,36903,358,504,DCA_01,0.8053251351317454,0.5579971182697798,MEDIUM,RECOVERED
C5326,73489,122,618,DCA_01,0.7573002941742164,0.3839038008024269,MEDIUM,RECOVERED
C5327,33093,359,382,DCA_02,0.4418007503679853,0.6095650731001323,HIGH,RECOVERED
C5328,92036,90,723,DCA_01,0.5725553569943701,0.3335242586858137,MEDIUM,IN_PROGRESS
C5329,88954,346,381,DCA_02,0.4233750926605945,0.5991536889453368,MEDIUM,IN_PROGRESS
C5330,35314,193,848,DCA_02,0.5718405943002901,0.3124235125099336,MEDIUM,RECOVERED
C5331,49225,244,786,DCA_02,0.7239588892940756,0.2940334914920274,LOW,IN_PROGRESS
C5332,88985,149,432,DCA_01,0.6593533859403665,0.5085244996502715,MEDIUM,IN_PROGRESS
C5333,84014,146,414,DCA_02,0.7514684120254257,0.48265545714029534,MEDIUM,RECOVERED
C5334,36179,316,676,DCA_01,0.6757308952558577,0.4379323831814248,MEDIUM,IN_PROGRESS
C5335,26338,141,510,DCA_02,0.6779068882241945,0.4465071463429189,MEDIUM,IN_PROGRESS
C5336,93435,286,431,DCA_01,0.655482609448989,0.5030779629247786,MEDIUM,IN_PROGRESS
C5337,70681,339,673,DCA_01,0.5821626763733485,0.462692328326637,MEDIUM,RECOVERED
C5338,33101,111,453,DCA_02,0.6232824398594102,0.5208569964734454,MEDIUM,RECOVERED
C5339,3775,108,722,DCA_01,0.4562188723069863,0.30870273861803443,MEDIUM,IN_PROGRESS
C5340,98183,281,665,DCA_01,0.8172542251901015,0.42007513980409794,MEDIUM,IN_PROGRESS
C5341,46619,50,446,DCA_02,0.8446058192328041,0.42999221342129545,MEDIUM,IN_PROGRESS
C5342,46838,14,426,DCA_02,0.7831354067304437,0.3453126489690397,MEDIUM,IN_PROGRESS
C5343,20539,134,607,DCA_01,0.6917930060838245,0.36791137871779944,MEDIUM,RECOVERED
C5344,58124,76,417,DCA_01,0.6845896240239722,0.46424792230133183,MEDIUM,RECOVERED
C5345,66149,84,872,DCA_01,0.63516181450186,0.22772188896279855,LOW,IN_PROGRESS
C5346,27616,343,530,DCA_01,0.5156733657938524,0.5534963141278868,MEDIUM,IN_PROGRESS
C5347,80655,158,750,DCA_01,0.5919019124725295,0.3617839732726903,MEDIUM,RECOVERED
C5348,91695,286,799,DCA_01,0.8949529068120043,0.3759708443446864,MEDIUM,IN_PROGRESS
C5349,55567,314,444,DCA_02,0.4729015062416407,0.6049581136656684,HIGH,IN_PROGRESS
C5350,38099,94,348,DCA_01,0.6713416299423607,0.4551580152338369,MEDIUM,RECOVERED
C5351,76831,297,406,DCA_01,0.8332628994907549,0.6145973112684604,HIGH,IN_PROGRESS
C5352,62799,94,392,DCA_02,0.6265008405103046,0.461393390374911,MEDIUM,IN_PROGRESS
C5353,91221,57,439,DCA_02,0.7028051327865095,0.43635910235483366,MEDIUM,IN_PROGRESS
C5354,26479,164,613,DCA_02,0.8138965762055268,0.4356202709031678,MEDIUM,RECOVERED
C5355,47172,320,310,DCA_01,0.6737806790521773,0.6482609356648151,HIGH,RECOVERED
C5356,56863,98,747,DCA_02,0.7657345807571652,0.3059773215235726,MEDIUM,IN_PROGRESS
C5357,43043,16,694,DCA_01,0.5736361909327368,0.307362615161172,MEDIUM,RECOVERED
C5358,83569,344,804,DCA_01,0.7665116078927527,0.449171574737657,MEDIUM,RECOVERED
C5359,16408,78,677,DCA_01,0.4205106583206799,0.31874270959046225,MEDIUM,RECOVERED
C5360,58980,346,660,DCA_02,0.4764496473583705,0.47917554390260797,MEDIUM,IN_PROGRESS
C5361,83956,72,847,DCA_01,0.7186480881497542,0.24106531514249563,LOW,RECOVERED
C5362,17351,270,872,DCA_02,0.6244772756693304,0.31908676077898324,MEDIUM,RECOVERED
C5363,5131,287,860,DCA_02,0.8141744734800718,0.3142464041113512,MEDIUM,IN_PROGRESS
C5364,45825,66,695,DCA_02,0.5709872380659845,0.3176323176756075,MEDIUM,RECOVERED
C5365,12349,68,485,DCA_02,0.7836041567127352,0.3472524669310073,MEDIUM,IN_PROGRESS
C5366,61931,193,520,DCA_02,0.4695564336269515,0.45783973914169884,MEDIUM,RECOVERED
C5367,45254,55,817,DCA_02,0.865073289446285,0.21645521215390806,LOW,RECOVERED
C5368,39225,168,599,DCA_02,0.6092196690317144,0.3528437964043286,MEDIUM,IN_PROGRESS
C5369,13453,25,474,DCA_02,0.515450931986686,0.4188609531975427,MEDIUM,RECOVERED
C5370,19814,131,670,DCA_01,0.7945760268368213,0.34544093055506475,MEDIUM,IN_PROGRESS
C5371,19263,325,808,DCA_01,0.8739430815289926,0.3785858933689352,MEDIUM,IN_PROGRESS
C5372,78694,102,503,DCA_01,0.8590408642559847,0.4173203082098774,MEDIUM,IN_PROGRESS
C5373,16735,282,581,DCA_02,0.5189694650003047,0.44647707704459016,MEDIUM,RECOVERED
C5374,16830,296,715,DCA_01,0.7360038497013968,0.3965497060150801,MEDIUM,IN_PROGRESS
C5375,48893,294,332,DCA_02,0.6734289963021425,0.5439527837866862,MEDIUM,IN_PROGRESS
C5376,45673,263,381,DCA_01,0.7625520846071348,0.5501285520946528,MEDIUM,IN_PROGRESS
C5377,90462,120,782,DCA_02,0.6434664242843162,0.27662742587731015,LOW,RECOVERED
C5378,46066,231,447,DCA_02,0.6348815783345438,0.4299882971609055,MEDIUM,RECOVERED
C5379,4373,291,794,DCA_01,0.8413534229174711,0.37352945481530664,MEDIUM,IN_PROGRESS
C5380,11335,161,469,DCA_02,0.8356282066400857,0.4789608054365936,MEDIUM,RECOVERED
C5381,24741,161,306,DCA_01,0.7937981625916231,0.48906327863005117,MEDIUM,IN_PROGRESS
C5382,11692,78,679,DCA_02,0.752447440810067,0.2968107537818889,LOW,RECOVERED
C5383,48295,38,733,DCA_02,0.7391832894638917,0.21110294096413063,LOW,RECOVERED
C5384,46541,28,333,DCA_02,0.4280909529461139,0.4347317151811382,MEDIUM,RECOVERED
C5385,35057,100,862,DCA_02,0.7747680926760276,0.19958476645709422,LOW,RECOVERED
C5386,67983,294,437,DCA_02,0.7190522399010121,0.5629256358061447,MEDIUM,IN_PROGRESS
C5387,20583,124,666,DCA_02,0.5512056981255249,0.2865002797379811,LOW,RECOVERED
C5388,23765,92,405,DCA_01,0.8100507430893356,0.44606891385485936,MEDIUM,IN_PROGRESS
C5389,60287,255,331,DCA_02,0.8162235361376622,0.5837514959114412,MEDIUM,IN_PROGRESS
C5390,24906,97,823,DCA_02,0.8660953336268067,0.26750166675375886,LOW,RECOVERED
C5391,86103,6,467,DCA_01,0.6091790167333442,0.34803173076939053,MEDIUM,RECOVERED
C5392,80675,169,377,DCA_02,0.6756249845365263,0.46395029447390446,MEDIUM,IN_PROGRESS
C5393,47525,271,845,DCA_01,0.8529771250058606,0.32623908656536227,MEDIUM,IN_PROGRESS
C5394,39230,108,508,DCA_01,0.5584007001409445,0.49065263972016127,MEDIUM,IN_PROGRESS
C5395,20520,299,710,DCA_02,0.7983213186695057,0.39774398036722036,MEDIUM,RECOVERED
C5396,86238,47,307,DCA_01,0.8959833035566527,0.3875631762141907,MEDIUM,RECOVERED
C5397,52934,99,526,DCA_02,0.7259678306592793,0.4647751235113743,MEDIUM,RECOVERED
C5398,26566,14,474,DCA_02,0.8918519889167252,0.3301746879890165,MEDIUM,IN_PROGRESS
C5399,74193,194,380,DCA_01,0.6579062158526316,0.6173718275860064,HIGH,RECOVERED
C5400,31134,157,356,DCA_02,0.4765266944255961,0.5495142007446496,MEDIUM,IN_PROGRESS
C5401,11345,154,434,DCA_02,0.4877979403122711,0.51344151082604,MEDIUM,RECOVERED
C5402,42185,115,537,DCA_01,0.7656872409297804,0.43768121445037866,MEDIUM,IN_PROGRESS
C5403,93949,258,771,DCA_01,0.4004543833210903,0.3044820819029156,MEDIUM,IN_PROGRESS
C5404,71744,145,516,DCA_02,0.730943959775662,0.3755113493428752,MEDIUM,RECOVERED
C5405,34455,291,325,DCA_02,0.4756358887050168,0.6577655396277235,HIGH,IN_PROGRESS
C5406,29018,10,486,DCA_01,0.8921842920431571,0.3515269027301725,MEDIUM,RECOVERED
C5407,55219,214,415,DCA_01,0.4815637637271738,0.4372483164349885,MEDIUM,IN_PROGRESS
C5408,46991,233,462,DCA_02,0.676231997488436,0.5353306537521169,MEDIUM,IN_PROGRESS
C5409,74616,171,713,DCA_02,0.7347228876146112,0.3673009896077347,MEDIUM,RECOVERED
C5410,88438,21,477,DCA_02,0.809748092795703,0.38943255380366393,MEDIUM,RECOVERED
C5411,10486,15,579,DCA_02,0.6296318593923423,0.3263646677976354,MEDIUM,IN_PROGRESS
C5412,39862,126,511,DCA_02,0.8668993789849246,0.40540070370888637,MEDIUM,RECOVERED
C5413,59870,341,353,DCA_01,0.6401231865327324,0.677817580304862,HIGH,RECOVERED
C5414,87694,341,366,DCA_02,0.526029970063667,0.615704368683677,HIGH,RECOVERED
C5415,44856,213,843,DCA_02,0.6965176087579852,0.28501217529064715,LOW,IN_PROGRESS
C5416,87055,188,819,DCA_02,0.7290027899002269,0.34508504424523356,MEDIUM,RECOVERED
C5417,32379,172,798,DCA_01,0.6536955715011976,0.23304597874561572,LOW,RECOVERED
C5418,65729,247,730,DCA_02,0.7665910640610889,0.30300004300756056,MEDIUM,RECOVERED
C5419,29378,5,345,DCA_02,0.6103403885382555,0.4237926604084853,MEDIUM,IN_PROGRESS
C5420,55353,231,891,DCA_02,0.4021684119074514,0.3426612563957748,MEDIUM,RECOVERED
C5421,50996,201,334,DCA_01,0.532269468944136,0.6009953585253655,HIGH,IN_PROGRESS
C5422,15031,149,488,DCA_01,0.8729526641873019,0.4238740924395986,MEDIUM,IN_PROGRESS
C5423,81072,72,388,DCA_01,0.7816116265837811,0.523270161896706,MEDIUM,RECOVERED
C5424,66982,226,634,DCA_02,0.4947669121236713,0.4203071265357605,MEDIUM,IN_PROGRESS
C5425,37683,74,435,DCA_01,0.4333264959642781,0.4199547243479349,MEDIUM,IN_PROGRESS
C5426,18618,307,845,DCA_02,0.5753984492253154,0.3696854342134296,MEDIUM,IN_PROGRESS
C5427,7587,169,412,DCA_01,0.818150964460083,0.49728614796978166,MEDIUM,RECOVERED
C5428,63790,249,471,DCA_02,0.4529897066357638,0.5517376355776364,MEDIUM,IN_PROGRESS
C5429,32480,280,638,DCA_01,0.6716769356481482,0.4564381677155106,MEDIUM,RECOVERED
C5430,99530,152,854,DCA_02,0.5375001225254454,0.2583569603733331,LOW,RECOVERED
C5431,21527,224,824,DCA_01,0.7631275111696099,0.2918295922865476,LOW,RECOVERED
C5432,24569,225,473,DCA_01,0.4002051579186934,0.5303304372672015,MEDIUM,RECOVERED
C5433,12151,38,631,DCA_01,0.5385870635074124,0.3176347922831617,MEDIUM,IN_PROGRESS
C5434,72094,44,506,DCA_01,0.7396251822367559,0.3296301385096998,MEDIUM,RECOVERED
C5435,60174,185,642,DCA_02,0.67337525600816,0.3172747153763624,MEDIUM,IN_PROGRESS
C5436,45739,241,403,DCA_01,0.7894328132923979,0.5484393935696259,MEDIUM,RECOVERED
C5437,33954,331,339,DCA_02,0.4788379667202692,0.6762920512283929,HIGH,IN_PROGRESS
C5438,36303,351,322,DCA_02,0.665487767453294,0.7047682938730464,HIGH,RECOVERED
C5439,35700,210,551,DCA_01,0.4978848952265401,0.47817302017255736,MEDIUM,IN_PROGRESS
C5440,94036,23,589,DCA_02,0.7196100696573356,0.3398860612467298,MEDIUM,IN_PROGRESS
C5441,68568,124,501,DCA_01,0.4656712629175199,0.39954376666016067,MEDIUM,IN_PROGRESS
C5442,67788,86,454,DCA_02,0.4743469053328927,0.3991645363622378,MEDIUM,RECOVERED
C5443,72045,43,866,DCA_02,0.5641026208139659,0.191014023480501,LOW,IN_PROGRESS
C5444,38842,40,405,DCA_01,0.6009532120364154,0.3944875850053191,MEDIUM,RECOVERED
C5445,14900,303,559,DCA_01,0.6492798252586937,0.46762002962683735,MEDIUM,RECOVERED
C5446,81059,169,499,DCA_01,0.6903534350035208,0.5176343401936953,MEDIUM,RECOVERED
C5447,2881,175,516,DCA_02,0.6344069099069409,0.37597502486728773,MEDIUM,IN_PROGRESS
C5448,34037,20,710,DCA_01,0.422819361058971,0.1972334906452501,LOW,RECOVERED
C5449,2630,109,858,DCA_02,0.5717301884593982,0.266884459252552,LOW,IN_PROGRESS
C5450,21789,193,416,DCA_01,0.4306909727334322,0.498624972472422,MEDIUM,IN_PROGRESS
C5451,89059,244,723,DCA_01,0.4590418871843302,0.32607556430940055,MEDIUM,RECOVERED
C5452,84494,324,511,DCA_01,0.4464117838806955,0.5407940789926959,MEDIUM,IN_PROGRESS
C5453,47151,280,454,DCA_01,0.4790477685592774,0.5354272684643472,MEDIUM,IN_PROGRESS
C5454,49920,228,562,DCA_02,0.8064602666782796,0.4962757045450732,MEDIUM,RECOVERED
C5455,68231,36,806,DCA_02,0.713786198318635,0.22570896486191439,LOW,RECOVERED
C5456,81357,45,450,DCA_02,0.6533904550432592,0.45202951351066767,MEDIUM,RECOVERED
C5457,4262,28,511,DCA_01,0.766128756372534,0.36905286124365677,MEDIUM,RECOVERED
C5458,67981,154,491,DCA_01,0.8806118880187377,0.4037293571215632,MEDIUM,RECOVERED
C5459,82972,23,397,DCA_02,0.6088375726393007,0.4224820063729504,MEDIUM,RECOVERED
C5460,76485,207,840,DCA_01,0.5837059712926578,0.3370799204175494,MEDIUM,IN_PROGRESS
C5461,55722,91,471,DCA_01,0.88888678200232,0.4541690014991471,MEDIUM,IN_PROGRESS
C5462,90499,359,670,DCA_02,0.7856651826800685,0.4869616714377647,MEDIUM,IN_PROGRESS
C5463,51818,38,454,DCA_02,0.7885556131740084,0.3910448125657081,MEDIUM,IN_PROGRESS
C5464,30932,228,439,DCA_01,0.699971147510994,0.562976348593732,MEDIUM,IN_PROGRESS
C5465,7901,202,555,DCA_01,0.6535042144806447,0.3920646045177497,MEDIUM,RECOVERED
C5466,9597,350,715,DCA_01,0.6752958551242174,0.43068706214973207,MEDIUM,RECOVERED
C5467,64909,309,628,DCA_02,0.7260425253458558,0.4636238229509151,MEDIUM,RECOVERED
C5468,73391,254,677,DCA_02,0.5884196752559462,0.42597811505935734,MEDIUM,IN_PROGRESS
C5469,85214,38,565,DCA_02,0.7911473822878976,0.3576553501464198,MEDIUM,IN_PROGRESS
C5470,9263,221,840,DCA_02,0.8546104717964794,0.3186347151579917,MEDIUM,RECOVERED
C5471,64293,187,438,DCA_02,0.6856418430828537,0.47393938438383953,MEDIUM,RECOVERED
C5472,26805,43,896,DCA_01,0.5907378114621467,0.2128163802539853,LOW,RECOVERED
C5473,92679,359,811,DCA_01,0.7477948924380498,0.4678910212437063,MEDIUM,RECOVERED
C5474,12874,114,548,DCA_01,0.4910822770902786,0.3666293914851093,MEDIUM,IN_PROGRESS
C5475,94065,260,607,DCA_02,0.8842863241140732,0.4986844509088203,MEDIUM,IN_PROGRESS
C5476,87402,5,872,DCA_01,0.728993677323998,0.22332568743836279,LOW,RECOVERED
C5477,15079,68,518,DCA_02,0.4337843615432305,0.3415969226630343,MEDIUM,IN_PROGRESS
C5478,50850,228,883,DCA_02,0.6648750357592238,0.2765791671517549,LOW,RECOVERED
C5479,73779,123,592,DCA_01,0.7751703746294254,0.4368460246126321,MEDIUM,RECOVERED
C5480,96408,173,709,DCA_01,0.5389229625391194,0.4121130963973507,MEDIUM,IN_PROGRESS
C5481,10018,336,497,DCA_02,0.4254947701486451,0.5679753273853196,MEDIUM,RECOVERED
C5482,50500,153,379,DCA_01,0.6445812189499699,0.4263288195820595,MEDIUM,IN_PROGRESS
C5483,13100,267,684,DCA_01,0.8168122217326561,0.3989146515343831,MEDIUM,RECOVERED
C5484,58021,157,436,DCA_01,0.5257671861956892,0.44548542763977117,MEDIUM,IN_PROGRESS
C5485,20800,162,512,DCA_01,0.758506556885554,0.4583072045730511,MEDIUM,RECOVERED
C5486,64400,214,506,DCA_02,0.6038953413741172,0.5192248601015904,MEDIUM,RECOVERED
C5487,93446,26,432,DCA_01,0.4298160290691048,0.46083487672149137,MEDIUM,IN_PROGRESS
C5488,30437,292,465,DCA_01,0.5519815249049649,0.4703513913940105,MEDIUM,IN_PROGRESS
C5489,77537,189,802,DCA_02,0.5569512026341235,0.3061383902594651,MEDIUM,RECOVERED
C5490,47675,122,729,DCA_02,0.8523321460569065,0.3152399254068222,MEDIUM,IN_PROGRESS
C5491,20942,230,479,DCA_01,0.8908740810522178,0.5071657186859266,MEDIUM,IN_PROGRESS
C5492,21862,59,420,DCA_02,0.5048838981538927,0.46868432424284534,MEDIUM,RECOVERED
C5493,12669,96,473,DCA_02,0.6152564230018946,0.4409406260653521,MEDIUM,RECOVERED
C5494,54772,262,630,DCA_01,0.8883517270004175,0.46202759396347304,MEDIUM,RECOVERED
C5495,16916,354,367,DCA_02,0.6036340800286049,0.583771815639434,MEDIUM,IN_PROGRESS
C5496,11878,312,437,DCA_02,0.5745855490156794,0.6235165657767278,HIGH,RECOVERED
C5497,3985,136,607,DCA_01,0.454940756241345,0.39134670116264014,MEDIUM,RECOVERED
C5498,98905,350,629,DCA_01,0.7766422506226498,0.46355781513998684,MEDIUM,RECOVERED
C5499,74648,283,537,DCA_01,0.6235027793381837,0.5286580514712731,MEDIUM,RECOVERED
C5500,42235,120,829,DCA_01,0.7193314760337011,0.24390911401791693,LOW,RECOVERED
C5501,19931,25,375,DCA_01,0.6549283863225094,0.45963462652830567,MEDIUM,RECOVERED
C5502,93876,342,450,DCA_02,0.4872685692975109,0.5535149308022151,MEDIUM,IN_PROGRESS
C5503,1336,146,615,DCA_01,0.4881848978248957,0.33853952605744886,MEDIUM,IN_PROGRESS
C5504,43933,12,336,DCA_01,0.8698781626625651,0.454606089250736,MEDIUM,RECOVERED
C5505,85899,87,425,DCA_02,0.8447595730846235,0.43783624728047044,MEDIUM,IN_PROGRESS
C5506,46536,109,585,DCA_01,0.7053170024945947,0.38770801074028205,MEDIUM,RECOVERED
C5507,70504,345,539,DCA_01,0.4006221263517425,0.5497022760867896,MEDIUM,RECOVERED
C5508,52148,266,519,DCA_01,0.616647820396116,0.5789620437598737,MEDIUM,IN_PROGRESS
C5509,17279,222,306,DCA_02,0.6652140026125712,0.6114856569417451,HIGH,RECOVERED
C5510,69665,74,515,DCA_02,0.6247189037025154,0.4040112739599331,MEDIUM,RECOVERED
C5511,72386,333,885,DCA_02,0.8627247232970208,0.33801351360822895,MEDIUM,RECOVERED
C5512,87124,310,592,DCA_02,0.4204329207292744,0.5650466374905792,MEDIUM,IN_PROGRESS
C5513,78485,102,838,DCA_01,0.7274642533014083,0.31353995850047267,MEDIUM,RECOVERED
C5514,75055,137,783,DCA_02,0.5569181993262905,0.3143297413176648,MEDIUM,RECOVERED
C5515,92911,191,342,DCA_02,0.6797385278993294,0.5177997681705295,MEDIUM,RECOVERED
C5516,99618,142,606,DCA_01,0.7279586717455113,0.3715100806797288,MEDIUM,RECOVERED
C5517,78273,357,392,DCA_02,0.620410657530801,0.6078237260445638,HIGH,RECOVERED
C5518,67670,73,882,DCA_02,0.4741871919691177,0.26118263207609915,LOW,RECOVERED
C5519,77474,328,568,DCA_01,0.6595190648442011,0.5308369677062776,MEDIUM,RECOVERED
C5520,55028,167,514,DCA_02,0.8664780829827945,0.387911774661562,MEDIUM,RECOVERED
C5521,91022,168,413,DCA_01,0.667940089445656,0.5007558538702053,MEDIUM,IN_PROGRESS
C5522,92632,54,484,DCA_01,0.4614699188161983,0.3596908336863026,MEDIUM,IN_PROGRESS
C5523,72128,259,424,DCA_01,0.8120815123334411,0.5277980438986443,MEDIUM,RECOVERED
C5524,19108,111,404,DCA_02,0.5108724435814713,0.5131152065902331,MEDIUM,RECOVERED
C5525,53495,232,536,DCA_02,0.5851084879471058,0.45872547277470277,MEDIUM,IN_PROGRESS
C5526,83806,161,457,DCA_01,0.6143785629624052,0.4457924861250765,MEDIUM,RECOVERED
C5527,94185,352,773,DCA_01,0.569849623636877,0.43879550776170884,MEDIUM,IN_PROGRESS
C5528,77533,327,804,DCA_01,0.6022258686471302,0.4208138856678748,MEDIUM,IN_PROGRESS
C5529,57830,19,573,DCA_02,0.7977403137903316,0.2836601653910523,LOW,RECOVERED
C5530,75640,290,416,DCA_02,0.5116795049522556,0.5557801350617673,MEDIUM,IN_PROGRESS
C5531,53509,50,873,DCA_01,0.6352092798213906,0.2345939662076817,LOW,IN_PROGRESS
C5532,67406,175,835,DCA_02,0.4100042825853158,0.2726509469046694,LOW,IN_PROGRESS
C5533,95220,302,359,DCA_01,0.6538329596524256,0.611632901315847,HIGH,RECOVERED
C5534,40519,184,700,DCA_02,0.4558443222229442,0.36823801254808486,MEDIUM,RECOVERED
C5535,50649,185,479,DCA_01,0.5411179711174049,0.4936314580000061,MEDIUM,IN_PROGRESS
C5536,35524,339,531,DCA_01,0.5624366971575623,0.5975799442639129,MEDIUM,IN_PROGRESS
C5537,97493,307,775,DCA_01,0.441176312820955,0.46745821172429114,MEDIUM,IN_PROGRESS
C5538,34885,310,544,DCA_01,0.5802830817065678,0.5039327338881158,MEDIUM,RECOVERED
C5539,45369,346,892,DCA_01,0.6490287009827693,0.38067545939099123,MEDIUM,RECOVERED
C5540,96402,81,867,DCA_01,0.6155477106637208,0.23774393629938095,LOW,RECOVERED
C5541,31676,156,512,DCA_01,0.5402126573047694,0.5081131303648319,MEDIUM,RECOVERED
C5542,65093,275,758,DCA_02,0.5474274803549191,0.3557787062406699,MEDIUM,RECOVERED
C5543,48764,283,427,DCA_01,0.7167915176919009,0.5716921144046873,MEDIUM,RECOVERED
C5544,51799,249,516,DCA_01,0.7591979406884573,0.5689184855717444,MEDIUM,IN_PROGRESS
C5545,80414,147,319,DCA_01,0.6882653259443917,0.5561994735254623,MEDIUM,RECOVERED
C5546,94095,7,866,DCA_02,0.888094020345962,0.19616686965902097,LOW,RECOVERED
C5547,73307,157,359,DCA_01,0.8724370316305101,0.5816716144659635,MEDIUM,IN_PROGRESS
C5548,83062,171,428,DCA_01,0.4492344774111351,0.44906854760296855,MEDIUM,RECOVERED
C5549,96432,69,856,DCA_02,0.530687202475014,0.26209960201033855,LOW,IN_PROGRESS
C5550,32923,94,496,DCA_01,0.8341970564353876,0.4327831260048156,MEDIUM,RECOVERED
C5551,79388,363,791,DCA_01,0.4148317570895252,0.45978043269902835,MEDIUM,IN_PROGRESS
C5552,48574,186,803,DCA_02,0.6960985833126446,0.3021201675305265,MEDIUM,RECOVERED
C5553,44391,170,546,DCA_01,0.8772497698653665,0.40337075619802276,MEDIUM,RECOVERED
C5554,54664,204,559,DCA_01,0.7393588373950796,0.4863781898461337,MEDIUM,RECOVERED
C5555,68384,42,646,DCA_02,0.4459666559668789,0.29317519010305293,LOW,RECOVERED
C5556,32027,13,496,DCA_01,0.773908865480124,0.4121295460618659,MEDIUM,RECOVERED
C5557,36464,154,406,DCA_01,0.5882423317218789,0.5177362314498462,MEDIUM,IN_PROGRESS
C5558,35485,274,459,DCA_01,0.8607668072190936,0.5451399921517063,MEDIUM,IN_PROGRESS
C5559,20456,298,721,DCA_02,0.5431581427781851,0.4480843956378733,MEDIUM,RECOVERED
C5560,75795,51,506,DCA_02,0.6366160172632856,0.3928905191976737,MEDIUM,IN_PROGRESS
C5561,36554,212,612,DCA_01,0.7733035911063865,0.34438086578046967,MEDIUM,IN_PROGRESS
C5562,47922,144,731,DCA_01,0.5287699855160537,0.29212055080562394,LOW,RECOVERED
C5563,14409,357,534,DCA_01,0.4908911737185687,0.5703298832871272,MEDIUM,RECOVERED
C5564,70327,3,626,DCA_02,0.4013540708516124,0.2690014947971511,LOW,RECOVERED
C5565,92400,254,778,DCA_01,0.6439809131091413,0.3964673847121418,MEDIUM,IN_PROGRESS
C5566,37639,335,727,DCA_02,0.8643087359947209,0.47019629067012203,MEDIUM,RECOVERED
C5567,64627,256,399,DCA_01,0.5407435885904779,0.4742423595800118,MEDIUM,RECOVERED
C5568,84424,98,537,DCA_01,0.42168926453753,0.36712953276670757,MEDIUM,IN_PROGRESS
C5569,20692,173,406,DCA_02,0.710215641057382,0.4876752167079853,MEDIUM,IN_PROGRESS
C5570,90037,150,663,DCA_02,0.4280849572096964,0.35726650564231743,MEDIUM,IN_PROGRESS
C5571,79840,279,792,DCA_01,0.6534561172366848,0.35507600977241904,MEDIUM,RECOVERED
C5572,55200,59,342,DCA_02,0.590764853855374,0.47169578767554743,MEDIUM,IN_PROGRESS
C5573,94063,113,874,DCA_01,0.6377119268718441,0.3151286640435307,MEDIUM,IN_PROGRESS
C5574,58415,324,372,DCA_01,0.4813201431860472,0.6096086091278234,HIGH,RECOVERED
C5575,19074,243,603,DCA_01,0.4451009402924279,0.46288148752212566,MEDIUM,RECOVERED
C5576,16549,310,304,DCA_02,0.7744954388742521,0.6452113422671867,HIGH,RECOVERED
C5577,30963,57,887,DCA_01,0.5228333800297913,0.17549153155046193,LOW,IN_PROGRESS
C5578,92456,60,648,DCA_02,0.8002120477161248,0.2768652552385721,LOW,RECOVERED
C5579,97362,329,699,DCA_01,0.7792236410200983,0.40028699415606983,MEDIUM,RECOVERED
C5580,53265,216,894,DCA_01,0.4991894353571457,0.34200130394501194,MEDIUM,RECOVERED
C5581,17061,233,732,DCA_02,0.854145252207566,0.37533063487656604,MEDIUM,RECOVERED
C5582,59226,55,871,DCA_01,0.4806397957115486,0.21832168219774784,LOW,IN_PROGRESS
C5583,29810,208,406,DCA_01,0.7985728742673484,0.5760879408003848,MEDIUM,RECOVERED
C5584,61006,63,416,DCA_02,0.6102668603641427,0.4910201952549077,MEDIUM,IN_PROGRESS
C5585,23800,184,682,DCA_01,0.4915081578445811,0.39509799545730495,MEDIUM,RECOVERED
C5586,76476,311,381,DCA_01,0.8690556583240819,0.6067095310107566,HIGH,RECOVERED
C5587,70460,281,709,DCA_02,0.8816287432002492,0.41784289567009736,MEDIUM,IN_PROGRESS
C5588,58767,26,369,DCA_02,0.6556864559020954,0.4454506886390477,MEDIUM,RECOVERED
C5589,29054,177,686,DCA_02,0.6345872588133998,0.38874045472070917,MEDIUM,IN_PROGRESS
C5590,76319,63,823,DCA_02,0.8504208663924189,0.260921686974145,LOW,IN_PROGRESS
C5591,46397,73,596,DCA_02,0.6980683388043423,0.37780550943842084,MEDIUM,IN_PROGRESS
C5592,14233,335,364,DCA_01,0.533019311642335,0.6527049097381519,HIGH,IN_PROGRESS
C5593,91020,167,874,DCA_02,0.6125986284273071,0.27805627482227513,LOW,RECOVERED
C5594,26068,225,477,DCA_02,0.8179945392377068,0.5039945974246882,MEDIUM,IN_PROGRESS
C5595,66727,65,307,DCA_02,0.8297816536773805,0.5254122237681023,MEDIUM,RECOVERED
C5596,91610,69,458,DCA_02,0.8696264017407567,0.44140345844429296,MEDIUM,RECOVERED
C5597,71453,9,310,DCA_02,0.5441304435887818,0.3942326124402683,MEDIUM,RECOVERED
C5598,26832,236,710,DCA_01,0.7399763784838553,0.3315856566506564,MEDIUM,RECOVERED
C5599,87242,198,454,DCA_02,0.4341944061672741,0.5508903544225476,MEDIUM,IN_PROGRESS
C5600,14682,173,505,DCA_01,0.7629513277633759,0.5087906138412078,MEDIUM,IN_PROGRESS
C5601,93298,282,414,DCA_02,0.6815998450228733,0.635832296970716,HIGH,RECOVERED
C5602,24383,28,678,DCA_01,0.524883046544792,0.23443606975272668,LOW,RECOVERED
C5603,59160,296,898,DCA_01,0.7273159576269166,0.32938825608140254,MEDIUM,IN_PROGRESS
C5604,94332,134,649,DCA_01,0.467591051043363,0.2991681259461082,LOW,IN_PROGRESS
C5605,24666,27,397,DCA_02,0.566903148367383,0.44846889379357835,MEDIUM,IN_PROGRESS
C5606,59817,38,318,DCA_02,0.600456799396976,0.4596453034525326,MEDIUM,RECOVERED
C5607,92198,196,612,DCA_01,0.7885685818868684,0.40141342786216805,MEDIUM,IN_PROGRESS
C5608,35642,203,827,DCA_02,0.5543921532638864,0.29850112630439307,LOW,RECOVERED
C5609,42830,85,856,DCA_01,0.4245173260461186,0.24950490085193233,LOW,RECOVERED
C5610,11234,320,744,DCA_02,0.4903703471884396,0.4914939178353366,MEDIUM,RECOVERED
C5611,58616,30,530,DCA_02,0.704046565419151,0.334366923214965,MEDIUM,RECOVERED
C5612,10221,99,658,DCA_02,0.407625190252813,0.31394074143938566,MEDIUM,RECOVERED
C5613,12410,190,682,DCA_01,0.7961161361351955,0.3519986084726363,MEDIUM,IN_PROGRESS
C5614,81055,12,811,DCA_02,0.8505600391792705,0.25781413531484276,LOW,RECOVERED
C5615,62413,91,343,DCA_02,0.6476988040734308,0.4492845340034144,MEDIUM,RECOVERED
C5616,2051,30,664,DCA_02,0.7538152091836744,0.2597836650492694,LOW,RECOVERED
C5617,76301,213,410,DCA_01,0.6313383952564098,0.4980807838570762,MEDIUM,IN_PROGRESS
C5618,77918,38,522,DCA_01,0.554381647257423,0.3368928469837128,MEDIUM,RECOVERED
C5619,79116,341,685,DCA_01,0.4824331893382652,0.470442331987039,MEDIUM,IN_PROGRESS
C5620,57563,60,564,DCA_01,0.6590811438173638,0.2915414031771839,LOW,RECOVERED
C5621,98859,294,570,DCA_02,0.8649447841162805,0.5300919259279893,MEDIUM,RECOVERED
C5622,45757,360,511,DCA_01,0.8449860834424199,0.6120376966305469,HIGH,IN_PROGRESS
C5623,78475,143,795,DCA_02,0.8598129001977572,0.2923786459376396,LOW,IN_PROGRESS
C5624,52257,180,613,DCA_01,0.8832065300490026,0.3858046361679216,MEDIUM,RECOVERED
C5625,96500,285,686,DCA_02,0.4826789887046433,0.3800117997104677,MEDIUM,IN_PROGRESS
C5626,1307,112,546,DCA_02,0.4732626706447015,0.3634685078700288,MEDIUM,RECOVERED
C5627,57889,230,866,DCA_01,0.6138807039247629,0.3553273226231751,MEDIUM,RECOVERED
C5628,69895,21,649,DCA_02,0.7446557680657537,0.2602636537359022,LOW,IN_PROGRESS
C5629,96184,145,371,DCA_01,0.6198469599827111,0.5523380204937067,MEDIUM,RECOVERED
C5630,36944,146,595,DCA_01,0.8461771854700674,0.34373870194069633,MEDIUM,RECOVERED
C5631,39134,316,512,DCA_01,0.7586982418948135,0.590555293742465,MEDIUM,RECOVERED
C5632,28323,166,594,DCA_02,0.7169854027231011,0.37702246773609427,MEDIUM,IN_PROGRESS
C5633,72762,140,470,DCA_01,0.4355189137396368,0.5155369800782679,MEDIUM,IN_PROGRESS
C5634,88225,203,545,DCA_02,0.4876677137421372,0.45434927469263,MEDIUM,RECOVERED
C5635,97507,244,440,DCA_01,0.6140768771226934,0.5455576352814815,MEDIUM,IN_PROGRESS
C5636,26954,113,539,DCA_01,0.8881873846789938,0.40900801183412827,MEDIUM,RECOVERED
C5637,56021,201,610,DCA_02,0.5672043492918574,0.35193679886233353,MEDIUM,IN_PROGRESS
C5638,90959,314,715,DCA_02,0.7149877312578872,0.37145371417359707,MEDIUM,IN_PROGRESS
C5639,96927,259,697,DCA_01,0.894453016599797,0.42815964316481825,MEDIUM,RECOVERED
C5640,80866,255,321,DCA_02,0.5320125294497984,0.5794926655127711,MEDIUM,RECOVERED
C5641,71427,23,377,DCA_01,0.4833335116207896,0.46230511132084073,MEDIUM,IN_PROGRESS
C5642,5992,246,774,DCA_01,0.6731666410669999,0.3547871586069685,MEDIUM,IN_PROGRESS
C5643,2961,339,652,DCA_01,0.67594519525571,0.4995207919441421,MEDIUM,RECOVERED
C5644,13497,311,670,DCA_02,0.8609433162540472,0.39528967753789646,MEDIUM,RECOVERED
C5645,33551,318,320,DCA_02,0.4132150475958036,0.595007959970745,MEDIUM,RECOVERED
C5646,77384,87,806,DCA_01,0.6036888665266232,0.24288786957601516,LOW,IN_PROGRESS
C5647,56755,219,459,DCA_01,0.5561740792289859,0.5238787570763201,MEDIUM,IN_PROGRESS
C5648,14255,356,660,DCA_01,0.685526407442189,0.3968494569790557,MEDIUM,RECOVERED
C5649,5567,27,855,DCA_02,0.4046651774303346,0.18464476312871114,LOW,RECOVERED
C5650,49847,290,596,DCA_01,0.7555319042005637,0.5441276950639751,MEDIUM,IN_PROGRESS
C5651,49003,289,651,DCA_02,0.6424948712465122,0.45940812910163087,MEDIUM,RECOVERED
C5652,21389,348,479,DCA_02,0.7503446029431109,0.5646650600062202,MEDIUM,IN_PROGRESS
C5653,45523,223,771,DCA_02,0.6239031068231659,0.38595185160068,MEDIUM,IN_PROGRESS
C5654,62576,352,694,DCA_01,0.637096416596293,0.46498317988696114,MEDIUM,IN_PROGRESS
C5655,44919,178,512,DCA_02,0.8477748640362026,0.48887439090965,MEDIUM,RECOVERED
C5656,83103,148,829,DCA_01,0.5054490743122434,0.3058184075259128,MEDIUM,RECOVERED
C5657,4358,227,694,DCA_01,0.5087443672578813,0.33217140670215994,MEDIUM,IN_PROGRESS
C5658,89535,351,326,DCA_02,0.6797382975551522,0.7162075049196903,HIGH,IN_PROGRESS
C5659,77524,186,748,DCA_01,0.7301121372772092,0.34427882545410293,MEDIUM,RECOVERED
C5660,98057,294,737,DCA_02,0.5773441167410742,0.3724713588311648,MEDIUM,RECOVERED
C5661,6698,41,584,DCA_02,0.6597555836574539,0.3612787212092813,MEDIUM,IN_PROGRESS
C5662,67809,191,488,DCA_02,0.5139282010587661,0.4287021269968856,MEDIUM,IN_PROGRESS
C5663,94079,79,498,DCA_02,0.4679553111549142,0.3649581702738397,MEDIUM,RECOVERED
C5664,56805,205,401,DCA_02,0.5191313250331263,0.5226641313314655,MEDIUM,IN_PROGRESS
C5665,32349,278,778,DCA_01,0.8581865295975787,0.41331472154478277,MEDIUM,RECOVERED
C5666,77777,272,523,DCA_01,0.8009089986630374,0.5494394774636759,MEDIUM,RECOVERED
C5667,51248,32,816,DCA_01,0.4701228390811051,0.18967369306043325,LOW,RECOVERED
C5668,76033,142,826,DCA_01,0.423280153057601,0.271792097717526,LOW,RECOVERED
C5669,99239,251,740,DCA_02,0.4465924859228976,0.31498815822755954,MEDIUM,IN_PROGRESS
C5670,45041,294,816,DCA_01,0.5467164020872994,0.35618694864221845,MEDIUM,IN_PROGRESS
C5671,32954,98,529,DCA_02,0.8056795078763695,0.3656271575899601,MEDIUM,RECOVERED
C5672,9002,136,413,DCA_02,0.5606872433035572,0.555790872911724,MEDIUM,RECOVERED
C5673,70783,277,815,DCA_02,0.4928276316342154,0.35820192555684627,MEDIUM,RECOVERED
C5674,88234,312,483,DCA_02,0.5979205527289797,0.5534835394282908,MEDIUM,RECOVERED
C5675,20738,302,333,DCA_01,0.46202681117066,0.6487115430551875,HIGH,IN_PROGRESS
C5676,11703,43,595,DCA_02,0.6351084223700316,0.36666074116622516,MEDIUM,RECOVERED
C5677,50422,120,752,DCA_01,0.7377770773231532,0.3514617521822698,MEDIUM,RECOVERED
C5678,84106,220,804,DCA_02,0.584424309861374,0.30388621556551376,MEDIUM,RECOVERED
C5679,62899,46,705,DCA_01,0.4868057479703554,0.2847583524955428,LOW,IN_PROGRESS
C5680,13392,236,426,DCA_02,0.6265987410522382,0.4972440218409534,MEDIUM,RECOVERED
C5681,45724,48,441,DCA_02,0.7812446162384077,0.37642129035802885,MEDIUM,IN_PROGRESS
C5682,33299,198,427,DCA_01,0.4382971258205742,0.5472742809082859,MEDIUM,RECOVERED
C5683,16641,84,649,DCA_02,0.4354685610117224,0.31680392313659445,MEDIUM,RECOVERED
C5684,80534,31,823,DCA_02,0.5590553697164193,0.2815450936347982,LOW,RECOVERED
C5685,7305,161,762,DCA_02,0.607526393701938,0.3274642702958528,MEDIUM,RECOVERED
C5686,99262,71,543,DCA_02,0.5082359178641964,0.3917084124823472,MEDIUM,RECOVERED
C5687,19782,8,863,DCA_02,0.4134553156010266,0.23247027679806875,LOW,RECOVERED
C5688,79257,52,485,DCA_02,0.5097798209568971,0.37757158564130233,MEDIUM,RECOVERED
C5689,78963,45,532,DCA_02,0.6176849359368815,0.2901802199464768,LOW,IN_PROGRESS
C5690,21566,293,813,DCA_02,0.439713672218111,0.35314281303878403,MEDIUM,RECOVERED
C5691,68766,300,300,DCA_01,0.7579459143219853,0.6589321344660929,HIGH,RECOVERED
C5692,7511,38,538,DCA_01,0.6760504222051151,0.30335348842165644,MEDIUM,RECOVERED
C5693,27177,355,354,DCA_01,0.6172201099012253,0.6198370026879483,HIGH,IN_PROGRESS
C5694,5765,231,794,DCA_01,0.6593559216064404,0.3276565641242857,MEDIUM,RECOVERED
C5695,21354,262,717,DCA_02,0.7279029910085155,0.4038782121125509,MEDIUM,RECOVERED
C5696,24929,68,747,DCA_02,0.8973992528716066,0.21843291324460035,LOW,RECOVERED
C5697,29820,179,637,DCA_02,0.7875600312707254,0.39427786935751163,MEDIUM,RECOVERED
C5698,30523,357,576,DCA_01,0.6701815555269257,0.5058433009912464,MEDIUM,IN_PROGRESS
C5699,72088,186,309,DCA_01,0.7852668991706699,0.5404420866107749,MEDIUM,IN_PROGRESS
C5700,67163,201,640,DCA_02,0.6376121138297985,0.4024011014930232,MEDIUM,RECOVERED
C5701,78525,13,403,DCA_02,0.5554543513640253,0.41259274215863606,MEDIUM,IN_PROGRESS
C5702,14780,214,644,DCA_02,0.5309806389076377,0.39599592299417063,MEDIUM,RECOVERED
C5703,7589,220,669,DCA_01,0.5997396385501628,0.39294580968111203,MEDIUM,IN_PROGRESS
C5704,35812,286,497,DCA_02,0.4011416377012344,0.5909568810381904,MEDIUM,IN_PROGRESS
C5705,94664,244,313,DCA_01,0.4884779553564218,0.5576333472132977,MEDIUM,IN_PROGRESS
C5706,46939,356,637,DCA_02,0.4632666724529449,0.4755643276346939,MEDIUM,IN_PROGRESS
C5707,52493,258,841,DCA_01,0.8801710131734521,0.3515926008144331,MEDIUM,RECOVERED
C5708,94326,58,756,DCA_01,0.4324239119660152,0.27261376515676405,LOW,IN_PROGRESS
C5709,41953,36,825,DCA_02,0.6504863870701552,0.2793159310459411,LOW,RECOVERED
C5710,66785,328,735,DCA_02,0.859858965618379,0.4180130821168552,MEDIUM,RECOVERED
C5711,20309,193,665,DCA_01,0.7037601094284365,0.36667407862599954,MEDIUM,RECOVERED
C5712,55195,333,700,DCA_01,0.6476345390033114,0.44421775519015005,MEDIUM,RECOVERED
C5713,26901,50,873,DCA_01,0.7714966934761103,0.15723424986817924,LOW,RECOVERED
C5714,24576,32,781,DCA_02,0.5766876458085661,0.21933584368831727,LOW,RECOVERED
C5715,32508,98,409,DCA_01,0.4968572201627345,0.4447507923183067,MEDIUM,RECOVERED
C5716,75711,43,705,DCA_02,0.8236412295948182,0.2605145424234486,LOW,RECOVERED
C5717,26464,351,608,DCA_01,0.4282910794876256,0.506337871095131,MEDIUM,RECOVERED
C5718,61281,334,459,DCA_02,0.8038969945434753,0.6237386900635838,HIGH,IN_PROGRESS
C5719,17260,310,354,DCA_01,0.4516830449771754,0.6653424555025955,HIGH,IN_PROGRESS
C5720,36440,47,555,DCA_01,0.7127839389534878,0.32172444951613954,MEDIUM,IN_PROGRESS
C5721,96082,270,833,DCA_02,0.6385236643273662,0.3202384522348637,MEDIUM,RECOVERED
C5722,57683,311,721,DCA_01,0.8992705849610403,0.49221130512936084,MEDIUM,IN_PROGRESS
C5723,42430,63,563,DCA_01,0.5939603876958066,0.37890343215286604,MEDIUM,IN_PROGRESS
C5724,2987,19,532,DCA_02,0.8786433489569431,0.3510728065707007,MEDIUM,IN_PROGRESS
C5725,26105,347,532,DCA_02,0.6018902519759075,0.5468325574763303,MEDIUM,IN_PROGRESS
C5726,79484,101,816,DCA_02,0.740850245458067,0.212119126970444,LOW,RECOVERED
C5727,14026,37,344,DCA_02,0.7218306344226142,0.43582003602212616,MEDIUM,IN_PROGRESS
C5728,69309,107,857,DCA_01,0.4432259759515796,0.23003353184128728,LOW,RECOVERED
C5729,46927,92,735,DCA_02,0.7716829091988946,0.22815063603489572,LOW,RECOVERED
C5730,76414,308,634,DCA_02,0.5043338053368707,0.387460070826092,MEDIUM,RECOVERED
C5731,58535,185,703,DCA_02,0.5942204729264372,0.3566805678260029,MEDIUM,RECOVERED
C5732,43946,216,463,DCA_02,0.791100373553045,0.5173434773293362,MEDIUM,IN_PROGRESS
C5733,57561,28,555,DCA_01,0.8721568433403037,0.3156155918004844,MEDIUM,RECOVERED
C5734,11377,36,365,DCA_01,0.6799018281034944,0.503529059641096,MEDIUM,IN_PROGRESS
C5735,54592,320,387,DCA_01,0.6596922505092695,0.6381084086536968,HIGH,IN_PROGRESS
C5736,8347,18,539,DCA_02,0.6524617084068252,0.3295704462155007,MEDIUM,RECOVERED
C5737,34776,345,610,DCA_01,0.8082823480156629,0.5255373186204393,MEDIUM,RECOVERED
C5738,4783,196,870,DCA_01,0.8965580399557153,0.2145992626944747,LOW,IN_PROGRESS
C5739,56798,78,557,DCA_02,0.7167955218890278,0.41284058922894007,MEDIUM,IN_PROGRESS
C5740,5298,167,857,DCA_02,0.5893112132416951,0.29723001797005455,LOW,IN_PROGRESS
C5741,71204,90,813,DCA_01,0.5093321571915432,0.20942946301201482,LOW,RECOVERED
C5742,87207,264,733,DCA_01,0.4994106019581021,0.3639191103313627,MEDIUM,IN_PROGRESS
C5743,56161,208,428,DCA_02,0.8280755008021699,0.5223280785861966,MEDIUM,IN_PROGRESS
C5744,61652,212,625,DCA_02,0.8961760288762595,0.4027799596395458,MEDIUM,IN_PROGRESS
C5745,35484,271,316,DCA_02,0.7489952202104415,0.6225157143236206,HIGH,RECOVERED
C5746,99614,263,641,DCA_02,0.8779144746439762,0.4450274499383595,MEDIUM,RECOVERED
C5747,21922,273,548,DCA_01,0.5749977665821593,0.5346183726878346,MEDIUM,RECOVERED
C5748,35028,342,476,DCA_02,0.7137976167188019,0.6141358933804574,HIGH,IN_PROGRESS
C5749,21316,214,656,DCA_01,0.6558422767866461,0.3862305334118086,MEDIUM,RECOVERED
C5750,77996,64,794,DCA_02,0.641009078931093,0.29436746596349495,LOW,IN_PROGRESS
C5751,17968,12,334,DCA_01,0.71618681808021,0.45907282792739357,MEDIUM,RECOVERED
C5752,31266,210,706,DCA_02,0.5551694072431061,0.35705675380394797,MEDIUM,IN_PROGRESS
C5753,96745,312,309,DCA_01,0.7203111693622342,0.5844777962581885,MEDIUM,IN_PROGRESS
C5754,25000,174,830,DCA_01,0.7364307658411964,0.28757166321987293,LOW,RECOVERED
C5755,15011,256,834,DCA_02,0.8180566665852653,0.3816585300138635,MEDIUM,RECOVERED
C5756,3866,101,394,DCA_01,0.7652407092261573,0.44601420792899704,MEDIUM,RECOVERED
C5757,6898,16,875,DCA_02,0.5598872315625469,0.23842101379524316,LOW,IN_PROGRESS
C5758,19395,197,749,DCA_01,0.6254000161108803,0.33413001776587126,MEDIUM,RECOVERED
C5759,40019,258,519,DCA_02,0.4601889556047342,0.5276608564763624,MEDIUM,RECOVERED
C5760,5006,244,395,DCA_02,0.5286470688110524,0.5602015050457115,MEDIUM,IN_PROGRESS
C5761,35393,348,680,DCA_01,0.6604725299708218,0.469973545524662,MEDIUM,IN_PROGRESS
C5762,11956,249,506,DCA_01,0.4503803904322624,0.5252304298410466,MEDIUM,IN_PROGRESS
C5763,51042,105,545,DCA_01,0.685303147899868,0.3435903791409105,MEDIUM,RECOVERED
C5764,97199,182,809,DCA_02,0.5951395758481319,0.31584348562148057,MEDIUM,IN_PROGRESS
C5765,7078,155,382,DCA_01,0.4173831377226192,0.5011535048274547,MEDIUM,RECOVERED
C5766,30631,287,616,DCA_02,0.6172239408053777,0.46128106894729215,MEDIUM,RECOVERED
C5767,96676,169,404,DCA_01,0.540570088224574,0.5361806820066445,MEDIUM,RECOVERED
C5768,63901,47,669,DCA_02,0.4334886870955476,0.2903812624518821,LOW,RECOVERED
C5769,70497,43,880,DCA_01,0.5466849306974326,0.1922964799379594,LOW,IN_PROGRESS
C5770,95813,321,479,DCA_01,0.5470475618630268,0.6302451882331321,HIGH,IN_PROGRESS
C5771,42574,306,899,DCA_02,0.5775368353022089,0.2877018303890051,LOW,RECOVERED
C5772,32417,221,382,DCA_02,0.5832374845876646,0.5532380020939043,MEDIUM,RECOVERED
C5773,89020,1,831,DCA_01,0.6148857523941221,0.21582144704172512,LOW,IN_PROGRESS
C5774,84639,200,800,DCA_02,0.4459790638622781,0.32962557100768075,MEDIUM,RECOVERED
C5775,66006,144,647,DCA_02,0.4026388911374337,0.3909683102256798,MEDIUM,RECOVERED
C5776,95881,28,571,DCA_01,0.7680036435998343,0.3126315600989539,MEDIUM,IN_PROGRESS
C5777,40454,342,630,DCA_01,0.5686732247135691,0.46882782882223306,MEDIUM,RECOVERED
C5778,2587,338,868,DCA_01,0.7068058877287273,0.43608185373660735,MEDIUM,IN_PROGRESS
C5779,55710,278,688,DCA_01,0.5535174099665929,0.4133304170215045,MEDIUM,IN_PROGRESS
C5780,87567,41,436,DCA_01,0.8920936702229827,0.4680020855058964,MEDIUM,IN_PROGRESS
C5781,92748,332,660,DCA_02,0.5577123521583522,0.46589198698122214,MEDIUM,IN_PROGRESS
C5782,76886,147,581,DCA_02,0.7025222012604222,0.40300077870951045,MEDIUM,RECOVERED
C5783,19816,345,501,DCA_02,0.5099856243077068,0.5649336621599061,MEDIUM,RECOVERED
C5784,86824,178,830,DCA_02,0.6589011891884771,0.36361370501288326,MEDIUM,IN_PROGRESS
C5785,30432,315,315,DCA_02,0.6896654033351574,0.5849700738576689,MEDIUM,IN_PROGRESS
C5786,49617,325,867,DCA_02,0.4914120198203484,0.3542379303915133,MEDIUM,RECOVERED
C5787,73373,167,413,DCA_02,0.4618277033489996,0.5101553295900243,MEDIUM,RECOVERED
C5788,35217,123,367,DCA_02,0.8868006450732135,0.4649124335319941,MEDIUM,RECOVERED
C5789,21884,74,889,DCA_01,0.8466338076511077,0.22973508826258204,LOW,RECOVERED
C5790,6454,239,329,DCA_01,0.73003356603593,0.6216604095399341,HIGH,RECOVERED
C5791,75960,249,818,DCA_01,0.8305271356276273,0.3307141797001194,MEDIUM,RECOVERED
C5792,44618,263,321,DCA_02,0.4477801864977164,0.6154000883364168,HIGH,RECOVERED
C5793,84948,252,730,DCA_01,0.7646881241597719,0.39814178629906816,MEDIUM,RECOVERED
C5794,63671,357,329,DCA_02,0.5428021726798365,0.6322868236657962,HIGH,IN_PROGRESS
C5795,48111,111,709,DCA_01,0.6697465956809366,0.3686421793767455,MEDIUM,RECOVERED
C5796,40613,180,348,DCA_02,0.7824069591926227,0.5216420667261656,MEDIUM,RECOVERED
C5797,86678,188,624,DCA_02,0.4167396650720538,0.39436917289691886,MEDIUM,IN_PROGRESS
C5798,60993,308,787,DCA_01,0.7474190905495113,0.4242237769541075,MEDIUM,IN_PROGRESS
C5799,9848,207,597,DCA_01,0.6174333952365771,0.3744656134019656,MEDIUM,IN_PROGRESS
C5800,79672,234,480,DCA_01,0.6198364359390581,0.4507796649079836,MEDIUM,IN_PROGRESS
C5801,67125,24,421,DCA_01,0.8536390500330485,0.3663286805500833,MEDIUM,RECOVERED
C5802,87444,26,423,DCA_02,0.8298681929648357,0.4407226717904178,MEDIUM,RECOVERED
C5803,62602,218,752,DCA_02,0.4287668723780644,0.3349091370432301,MEDIUM,RECOVERED
C5804,73045,346,565,DCA_02,0.7091577154506072,0.5661784290477769,MEDIUM,RECOVERED
C5805,43222,10,327,DCA_02,0.6179230823251125,0.4156673151902127,MEDIUM,RECOVERED
C5806,50223,17,558,DCA_01,0.4589072321567071,0.28640415308752687,LOW,IN_PROGRESS
C5807,66333,245,376,DCA_01,0.8255256931442072,0.6282124109414959,HIGH,RECOVERED
C5808,53732,206,731,DCA_01,0.4357555365238514,0.3470602637481034,MEDIUM,RECOVERED
C5809,50420,258,334,DCA_01,0.4160486976334546,0.6353464773262083,HIGH,IN_PROGRESS
C5810,76504,112,735,DCA_02,0.4987577699766506,0.2760218411247972,LOW,RECOVERED
C5811,3462,205,413,DCA_02,0.5516896283000462,0.5055116837054591,MEDIUM,IN_PROGRESS
C5812,10460,27,361,DCA_01,0.430440388713722,0.47764242101336063,MEDIUM,IN_PROGRESS
C5813,10275,71,351,DCA_02,0.7206557295516409,0.49961160128712334,MEDIUM,IN_PROGRESS
C5814,95213,176,415,DCA_01,0.6185750120907756,0.5571999868787726,MEDIUM,RECOVERED
C5815,14269,202,346,DCA_01,0.6060944308046139,0.5926887586715124,MEDIUM,IN_PROGRESS
C5816,66942,248,737,DCA_01,0.4726703669807119,0.35720087375948006,MEDIUM,IN_PROGRESS
C5817,73920,118,711,DCA_01,0.6188945418186333,0.2782059052901571,LOW,RECOVERED
C5818,23553,9,400,DCA_01,0.5950829722377038,0.3529182244752441,MEDIUM,IN_PROGRESS
C5819,25366,86,578,DCA_01,0.5918213599606146,0.37648085219461425,MEDIUM,IN_PROGRESS
C5820,45036,23,406,DCA_02,0.5092835059358705,0.42132304087365735,MEDIUM,IN_PROGRESS
C5821,18369,240,334,DCA_02,0.4472186673961531,0.6311488544215214,HIGH,IN_PROGRESS
C5822,12795,73,658,DCA_02,0.530353965678114,0.3866498681128193,MEDIUM,RECOVERED
C5823,71021,27,301,DCA_02,0.7336350824452627,0.4622161111148445,MEDIUM,RECOVERED
C5824,69154,349,791,DCA_02,0.4364617183837359,0.46239031507393924,MEDIUM,RECOVERED
C5825,31143,81,571,DCA_01,0.5911622206223758,0.3975086387454162,MEDIUM,RECOVERED
C5826,30425,84,443,DCA_01,0.6571881153161763,0.431798153317555,MEDIUM,IN_PROGRESS
C5827,89209,199,734,DCA_01,0.8815759063028168,0.3454338407954386,MEDIUM,RECOVERED
C5828,76139,43,750,DCA_02,0.821912501050174,0.2934522175756401,LOW,IN_PROGRESS
C5829,6368,263,865,DCA_01,0.8583066663649712,0.36052524531114394,MEDIUM,IN_PROGRESS
C5830,5621,92,527,DCA_01,0.8100007707474137,0.4122783916371343,MEDIUM,RECOVERED
C5831,59829,339,844,DCA_01,0.6945572892279137,0.35178279762426434,MEDIUM,RECOVERED
C5832,61294,84,513,DCA_02,0.8303934022660062,0.4004443447469821,MEDIUM,RECOVERED
C5833,15719,300,547,DCA_01,0.6826237254817493,0.45102543562354036,MEDIUM,RECOVERED
C5834,30227,296,707,DCA_02,0.5788739965209281,0.41964492008880405,MEDIUM,RECOVERED
C5835,8566,135,352,DCA_01,0.5861710003095816,0.5033578405140986,MEDIUM,IN_PROGRESS
C5836,13306,281,875,DCA_02,0.6827308566583492,0.35417457583966727,MEDIUM,RECOVERED
C5837,54822,59,613,DCA_01,0.8047198113631067,0.2941309977901889,LOW,RECOVERED
C5838,25042,359,673,DCA_02,0.4668263441056997,0.4368323255665637,MEDIUM,IN_PROGRESS
C5839,16086,342,336,DCA_02,0.4196326098157152,0.6252360439434166,HIGH,IN_PROGRESS
C5840,18387,241,823,DCA_02,0.7947843130776888,0.36923287319965614,MEDIUM,RECOVERED
C5841,28042,342,383,DCA_01,0.7237960346119334,0.6606061680609181,HIGH,RECOVERED
C5842,90424,98,393,DCA_01,0.810655152926881,0.5388414689903316,MEDIUM,IN_PROGRESS
C5843,52618,62,714,DCA_01,0.8883382634964754,0.2614237056581432,LOW,RECOVERED
C5844,93050,264,641,DCA_02,0.5256970057100503,0.5073682754338158,MEDIUM,IN_PROGRESS
C5845,19323,113,849,DCA_01,0.4971459876737407,0.21556144210440598,LOW,RECOVERED
C5846,19019,146,720,DCA_02,0.5704892736996502,0.3501655117901056,MEDIUM,IN_PROGRESS
C5847,76426,216,647,DCA_02,0.8389811494367706,0.3444635886421933,MEDIUM,RECOVERED
C5848,41863,256,886,DCA_02,0.4069819339773985,0.31777451338361606,MEDIUM,RECOVERED
C5849,11283,316,427,DCA_01,0.4052661293590157,0.6099558666224274,HIGH,RECOVERED
C5850,19279,316,451,DCA_01,0.5083931934552671,0.5720391868359139,MEDIUM,RECOVERED
C5851,47999,362,821,DCA_02,0.5879581478667205,0.45979378943718485,MEDIUM,RECOVERED
C5852,63780,258,337,DCA_01,0.5511730441575489,0.6185786854908022,HIGH,IN_PROGRESS
C5853,23908,194,726,DCA_01,0.8124589213874305,0.33937195094681105,MEDIUM,RECOVERED
C5854,62584,347,404,DCA_01,0.7448611928233295,0.6363643170010091,HIGH,IN_PROGRESS
C5855,51225,14,464,DCA_01,0.8189168409604393,0.39989919570708865,MEDIUM,IN_PROGRESS
C5856,38952,304,843,DCA_02,0.5918801472768832,0.32786348854980263,MEDIUM,RECOVERED
C5857,38663,103,511,DCA_01,0.6979051423650471,0.39122787292469685,MEDIUM,IN_PROGRESS
C5858,62381,245,825,DCA_02,0.6577277245984554,0.27769342244146944,LOW,RECOVERED
C5859,48929,245,431,DCA_02,0.6373632742217296,0.533664923902188,MEDIUM,IN_PROGRESS
C5860,10343,312,451,DCA_02,0.5440516048855863,0.5870316400578939,MEDIUM,RECOVERED
C5861,77173,268,395,DCA_02,0.7546103152456413,0.5611583553585879,MEDIUM,RECOVERED
C5862,40791,224,802,DCA_01,0.6620148029869237,0.33204933611939513,MEDIUM,RECOVERED
C5863,30134,220,821,DCA_01,0.4393013905444721,0.3157328206284198,MEDIUM,RECOVERED
C5864,48101,311,673,DCA_01,0.4002611921682001,0.43275543028700947,MEDIUM,RECOVERED
C5865,70443,217,315,DCA_02,0.4101595244276127,0.5379913063352909,MEDIUM,RECOVERED
C5866,58530,4,317,DCA_01,0.4379750176238413,0.3847066810122739,MEDIUM,RECOVERED
C5867,47799,36,708,DCA_02,0.5854770955665669,0.2885356701660111,LOW,RECOVERED
C5868,5827,178,306,DCA_01,0.5528328435900791,0.4971475817571339,MEDIUM,RECOVERED
C5869,97143,257,544,DCA_02,0.4783211893045074,0.509169745019258,MEDIUM,IN_PROGRESS
C5870,63653,17,893,DCA_01,0.6577246508901435,0.19072263713327164,LOW,RECOVERED
C5871,14699,199,428,DCA_01,0.8850907066514477,0.4690407820211012,MEDIUM,IN_PROGRESS
C5872,92419,318,754,DCA_01,0.480348319355445,0.42078391218999545,MEDIUM,IN_PROGRESS
C5873,6313,48,885,DCA_02,0.525295732099386,0.19129477188789912,LOW,RECOVERED
C5874,14598,62,870,DCA_01,0.631051511237017,0.24784379602443884,LOW,RECOVERED
C5875,29807,69,371,DCA_02,0.7204203764372765,0.524317298567229,MEDIUM,IN_PROGRESS
C5876,71423,147,459,DCA_02,0.7001249954328226,0.4486316794567323,MEDIUM,IN_PROGRESS
C5877,70390,359,386,DCA_01,0.6605996397058291,0.6638534359284473,HIGH,RECOVERED
C5878,46226,162,700,DCA_02,0.7686341068112117,0.36150586322279643,MEDIUM,IN_PROGRESS
C5879,60550,227,761,DCA_01,0.8229727796385768,0.3414400573013401,MEDIUM,RECOVERED
C5880,81072,347,828,DCA_01,0.8994834537085628,0.36783843031126406,MEDIUM,IN_PROGRESS
C5881,4558,230,388,DCA_01,0.6327552749743189,0.5749678412590276,MEDIUM,RECOVERED
C5882,76308,178,305,DCA_02,0.8974783105632265,0.5181727018062954,MEDIUM,IN_PROGRESS
C5883,51113,345,895,DCA_02,0.7652497051389355,0.4098300560307807,MEDIUM,RECOVERED
C5884,53999,56,383,DCA_02,0.7286708755893752,0.45697202890968547,MEDIUM,IN_PROGRESS
C5885,56878,78,549,DCA_02,0.7198415328331671,0.35543521898689234,MEDIUM,RECOVERED
C5886,37343,270,715,DCA_02,0.8553721473806325,0.35905677438901906,MEDIUM,IN_PROGRESS
C5887,59219,206,371,DCA_01,0.8739671530283153,0.5381704759686803,MEDIUM,RECOVERED
C5888,36186,281,411,DCA_01,0.4892466639785149,0.5573671006949319,MEDIUM,RECOVERED
C5889,37966,228,471,DCA_02,0.6467119205326455,0.5885511474424042,MEDIUM,IN_PROGRESS
C5890,34769,239,572,DCA_02,0.8707249250748266,0.4979986701342515,MEDIUM,IN_PROGRESS
C5891,54218,288,829,DCA_02,0.5910564154957954,0.4192168338950424,MEDIUM,IN_PROGRESS
C5892,20229,82,618,DCA_02,0.5163382678396713,0.39169242515298996,MEDIUM,IN_PROGRESS
C5893,76209,334,381,DCA_02,0.4513265891609978,0.651004506410878,HIGH,IN_PROGRESS
C5894,28877,250,374,DCA_01,0.6986088017720026,0.5470614486459636,MEDIUM,IN_PROGRESS
C5895,59001,193,728,DCA_02,0.7501364148661824,0.31843116485306633,MEDIUM,RECOVERED
C5896,98137,106,759,DCA_01,0.4977739931886112,0.3370523703077295,MEDIUM,RECOVERED
C5897,39084,189,645,DCA_02,0.7368190565860435,0.3978211972456599,MEDIUM,IN_PROGRESS
C5898,82780,276,548,DCA_02,0.849809596091792,0.5637332620052087,MEDIUM,IN_PROGRESS
C5899,93892,74,686,DCA_02,0.5217897271486971,0.3216932285945624,MEDIUM,RECOVERED
C5900,17806,10,662,DCA_02,0.4609999478258438,0.2657067774032492,LOW,RECOVERED
C5901,89635,123,595,DCA_02,0.8177119863399342,0.30597501051919307,MEDIUM,RECOVERED
C5902,38034,216,367,DCA_01,0.858223218193122,0.6220324851016391,HIGH,IN_PROGRESS
C5903,41317,290,737,DCA_02,0.5074309712229468,0.46928698721021755,MEDIUM,IN_PROGRESS
C5904,56468,40,831,DCA_01,0.7606902746173321,0.23066272309536828,LOW,RECOVERED
C5905,20094,193,432,DCA_01,0.6954597315261859,0.4661146410721,MEDIUM,RECOVERED
C5906,58796,127,594,DCA_02,0.5195982265658989,0.3262314503781728,MEDIUM,RECOVERED
C5907,11589,289,595,DCA_02,0.8118288443905018,0.5067622497637332,MEDIUM,RECOVERED
C5908,58221,71,332,DCA_02,0.6352187073410654,0.4545792845949027,MEDIUM,IN_PROGRESS
C5909,2657,137,673,DCA_01,0.7501669372294677,0.37753760596173624,MEDIUM,RECOVERED
C5910,99300,144,331,DCA_01,0.5507114150315697,0.46127919211211366,MEDIUM,IN_PROGRESS
C5911,40531,354,854,DCA_02,0.8078908000355556,0.41667105149674677,MEDIUM,RECOVERED
C5912,53227,299,604,DCA_01,0.5321429792887735,0.49365243083955956,MEDIUM,RECOVERED
C5913,4164,345,407,DCA_02,0.5823936216250758,0.6876686930230274,HIGH,IN_PROGRESS
C5914,94078,269,395,DCA_02,0.5957345960693918,0.637566927523301,HIGH,RECOVERED
C5915,84973,139,365,DCA_02,0.503213419557592,0.5086825627207996,MEDIUM,RECOVERED
C5916,42247,52,820,DCA_02,0.8371847109511125,0.25618523461695475,LOW,RECOVERED
C5917,20601,17,529,DCA_01,0.4567439199764145,0.3388970182327412,MEDIUM,IN_PROGRESS
C5918,94966,165,657,DCA_02,0.6815645326924645,0.41438578933659087,MEDIUM,IN_PROGRESS
C5919,51599,13,701,DCA_02,0.8070754246170676,0.19775784303609834,LOW,RECOVERED
C5920,72545,190,398,DCA_01,0.6904524714002046,0.538377436845642,MEDIUM,IN_PROGRESS
C5921,5552,340,570,DCA_01,0.5634482477478399,0.5728313252712273,MEDIUM,IN_PROGRESS
C5922,10417,353,661,DCA_02,0.7906775301330298,0.46065983743610384,MEDIUM,RECOVERED
C5923,59579,362,463,DCA_01,0.6495886944398661,0.5851828304505289,MEDIUM,RECOVERED
C5924,69207,352,827,DCA_01,0.4815064248333686,0.3879781869580685,MEDIUM,IN_PROGRESS
C5925,73055,264,468,DCA_02,0.5584316374263839,0.520261255293647,MEDIUM,IN_PROGRESS
C5926,79270,312,320,DCA_02,0.6959699091927901,0.6099079759625623,HIGH,IN_PROGRESS
C5927,4722,221,839,DCA_02,0.7293882563989935,0.2979720057507277,LOW,RECOVERED
C5928,71442,104,894,DCA_01,0.6740660453339044,0.19355099903510686,LOW,IN_PROGRESS
C5929,96632,339,696,DCA_01,0.5360047178068243,0.509094105091386,MEDIUM,RECOVERED
C5930,41031,198,335,DCA_01,0.6968763200900814,0.5503379059844669,MEDIUM,IN_PROGRESS
C5931,80235,300,794,DCA_01,0.5662257665970671,0.44848975681050574,MEDIUM,IN_PROGRESS
C5932,22438,359,613,DCA_01,0.5124605374514878,0.5364206124343156,MEDIUM,IN_PROGRESS
C5933,59819,169,789,DCA_01,0.8727643294899134,0.2869967116504729,LOW,RECOVERED
C5934,44856,149,575,DCA_01,0.5574367015622119,0.42810805786164685,MEDIUM,IN_PROGRESS
C5935,34576,249,532,DCA_02,0.5678102273642749,0.528765930495303,MEDIUM,RECOVERED
C5936,42938,256,735,DCA_01,0.8483882273819715,0.4677672571269089,MEDIUM,IN_PROGRESS
C5937,50028,42,305,DCA_02,0.471346487719527,0.499103421597904,MEDIUM,IN_PROGRESS
C5938,60807,202,834,DCA_02,0.6922974363815979,0.2984695220067496,LOW,RECOVERED
C5939,50877,244,543,DCA_02,0.7918553176454036,0.5512855060518678,MEDIUM,IN_PROGRESS
C5940,98783,157,540,DCA_02,0.5368327181932198,0.4074481449759655,MEDIUM,RECOVERED
C5941,44461,286,857,DCA_02,0.8220405304860292,0.39061972933150046,MEDIUM,RECOVERED
C5942,94474,282,572,DCA_02,0.7848244895078953,0.509429634642891,MEDIUM,RECOVERED
C5943,41469,238,374,DCA_02,0.6430470336333742,0.5694001303545384,MEDIUM,IN_PROGRESS
C5944,84136,19,582,DCA_01,0.4593578523839308,0.32197258495239656,MEDIUM,RECOVERED
C5945,21435,53,834,DCA_01,0.8850535797633265,0.21114597815747482,LOW,RECOVERED
C5946,85117,85,386,DCA_02,0.7121151120163953,0.5336795187578378,MEDIUM,IN_PROGRESS
C5947,15191,273,448,DCA_02,0.6585492020962023,0.5102234878902601,MEDIUM,IN_PROGRESS
C5948,85726,360,449,DCA_01,0.8427247925977124,0.6009906923792405,HIGH,IN_PROGRESS
C5949,28386,213,876,DCA_01,0.610678104826788,0.3667081621856234,MEDIUM,RECOVERED
C5950,32721,361,459,DCA_02,0.6818206755291846,0.57216251573954,MEDIUM,IN_PROGRESS
C5951,55786,104,745,DCA_01,0.8292064942179067,0.23885287372939712,LOW,IN_PROGRESS
C5952,14704,192,381,DCA_02,0.596486091484024,0.5474271002282729,MEDIUM,IN_PROGRESS
C5953,57635,177,306,DCA_02,0.7861957900295755,0.5037016280891802,MEDIUM,RECOVERED
C5954,3123,147,481,DCA_01,0.5280688864479955,0.4313698074859753,MEDIUM,RECOVERED
C5955,91710,81,825,DCA_01,0.7511825510669291,0.2548457623824598,LOW,RECOVERED
C5956,63993,193,777,DCA_02,0.6552174318154493,0.27979032627300293,LOW,RECOVERED
C5957,81122,37,482,DCA_01,0.4824533980901545,0.35778485831818185,MEDIUM,RECOVERED
C5958,98512,326,613,DCA_02,0.4680037301981216,0.49747889819448765,MEDIUM,IN_PROGRESS
C5959,26416,154,855,DCA_02,0.6288441035249812,0.2743564585855661,LOW,IN_PROGRESS
C5960,2814,130,473,DCA_01,0.7554235545127088,0.3689627677197551,MEDIUM,RECOVERED
C5961,79537,59,313,DCA_02,0.70164799433919,0.43283655001603727,MEDIUM,RECOVERED
C5962,51258,224,599,DCA_01,0.8273625147086935,0.44181937066106314,MEDIUM,RECOVERED
C5963,17508,249,372,DCA_01,0.5948308246526688,0.5895650973309482,MEDIUM,IN_PROGRESS
C5964,86166,240,813,DCA_01,0.821821069353603,0.34069791238519287,MEDIUM,IN_PROGRESS
C5965,79916,293,642,DCA_02,0.4185142277053609,0.42968203326883314,MEDIUM,RECOVERED
C5966,36699,287,695,DCA_02,0.5829023082638224,0.46770334030473115,MEDIUM,RECOVERED
C5967,47335,204,632,DCA_01,0.4364915293001754,0.43319722579198305,MEDIUM,IN_PROGRESS
C5968,47806,99,654,DCA_02,0.859622085251168,0.355882843647366,MEDIUM,RECOVERED
C5969,78853,350,858,DCA_02,0.637656088378904,0.3825117869368566,MEDIUM,RECOVERED
C5970,64768,176,462,DCA_02,0.5580782225213545,0.4114106804863672,MEDIUM,IN_PROGRESS
C5971,36739,262,415,DCA_01,0.6462438527185288,0.5872025896239621,MEDIUM,IN_PROGRESS
C5972,35785,271,702,DCA_02,0.6664230375933797,0.38802101804306677,MEDIUM,RECOVERED
C5973,32980,143,378,DCA_01,0.8231162358943079,0.5065636505819884,MEDIUM,RECOVERED
C5974,90335,189,746,DCA_02,0.6712138681265356,0.4243878330462072,MEDIUM,IN_PROGRESS
C5975,95702,272,307,DCA_01,0.6156907114991478,0.5692435438785379,MEDIUM,IN_PROGRESS
C5976,86016,20,322,DCA_02,0.8806772236884641,0.49154649204459344,MEDIUM,RECOVERED
C5977,2609,333,842,DCA_01,0.8842790690349722,0.3793732155626538,MEDIUM,IN_PROGRESS
C5978,67253,300,713,DCA_01,0.4192083918471868,0.44835985806120804,MEDIUM,IN_PROGRESS
C5979,86481,46,708,DCA_01,0.7534228784727579,0.2928906118649456,LOW,IN_PROGRESS
C5980,92128,95,321,DCA_02,0.5858790327752208,0.5340350030630443,MEDIUM,IN_PROGRESS
C5981,29141,64,702,DCA_02,0.737599834918967,0.2581850594301527,LOW,RECOVERED
C5982,31009,131,456,DCA_02,0.7184611970282146,0.4478839218121593,MEDIUM,RECOVERED
C5983,7782,9,629,DCA_02,0.5650522566758852,0.30971832623229967,MEDIUM,RECOVERED
C5984,93072,203,321,DCA_02,0.8933293615103621,0.5776429514873952,MEDIUM,IN_PROGRESS
C5985,26933,298,771,DCA_02,0.5785547268498104,0.39873580159008104,MEDIUM,IN_PROGRESS
C5986,78154,174,563,DCA_01,0.7159907942989161,0.44283985967708106,MEDIUM,IN_PROGRESS
C5987,9307,73,602,DCA_02,0.8066932028593883,0.3629665764179323,MEDIUM,RECOVERED
C5988,93207,84,764,DCA_02,0.4727324906547596,0.22635873337211676,LOW,RECOVERED
C5989,76874,59,463,DCA_02,0.5502841956958471,0.465603582559698,MEDIUM,RECOVERED
C5990,39346,21,435,DCA_02,0.4994863592874982,0.45098703999431156,MEDIUM,IN_PROGRESS
C5991,51772,157,551,DCA_02,0.7909112123993975,0.3721040403933885,MEDIUM,IN_PROGRESS
C5992,73084,319,504,DCA_02,0.8006042709784658,0.5611401950487618,MEDIUM,IN_PROGRESS
C5993,41149,329,601,DCA_01,0.5279719307265932,0.5329230292197453,MEDIUM,IN_PROGRESS
C5994,87700,61,541,DCA_02,0.4020650945692479,0.37467573838582147,MEDIUM,IN_PROGRESS
C5995,28526,64,360,DCA_02,0.6116752468734997,0.3768320021884003,MEDIUM,IN_PROGRESS
C5996,97758,325,764,DCA_02,0.7435688070310147,0.4727006896058904,MEDIUM,IN_PROGRESS
C5997,86712,168,601,DCA_02,0.7112510898912634,0.4219297635043796,MEDIUM,RECOVERED
C5998,69477,203,771,DCA_01,0.622849895547786,0.3060180773839076,MEDIUM,RECOVERED
C5999,6695,129,693,DCA_02,0.550970818468727,0.3310878206790444,MEDIUM,RECOVERED
C6000,40169,245,558,DCA_02,0.6371936710464168,0.46705878309453797,MEDIUM,RECOVERED
C6001,48947,106,841,DCA_02,0.407551404769847,0.3223094604553689,MEDIUM,RECOVERED
C6002,48224,321,829,DCA_02,0.4369353097268761,0.34611466420864523,MEDIUM,RECOVERED
C6003,46865,122,486,DCA_02,0.4813383954365025,0.46895127969152317,MEDIUM,RECOVERED
C6004,26553,318,511,DCA_02,0.7127026785069523,0.5384333796452577,MEDIUM,IN_PROGRESS
C6005,61410,182,334,DCA_01,0.509399605543092,0.5339078378158946,MEDIUM,RECOVERED
C6006,91895,103,446,DCA_02,0.6116894595202761,0.3961785096937789,MEDIUM,RECOVERED
C6007,25816,316,581,DCA_01,0.7107054204172035,0.5209725047944399,MEDIUM,RECOVERED
C6008,56026,302,846,DCA_01,0.81528840367713,0.3164043460869883,MEDIUM,RECOVERED
C6009,51705,261,887,DCA_01,0.6748282602395314,0.3525986034036277,MEDIUM,RECOVERED
C6010,62922,113,883,DCA_01,0.4885632520988526,0.18076347700898554,LOW,IN_PROGRESS
C6011,74914,70,548,DCA_01,0.8758697624874965,0.393600447800742,MEDIUM,RECOVERED
C6012,2881,160,356,DCA_02,0.4450075747734446,0.5464192348537402,MEDIUM,RECOVERED
C6013,40567,240,604,DCA_02,0.5835596455065127,0.3558472964311371,MEDIUM,IN_PROGRESS
C6014,48365,11,821,DCA_01,0.8606619703519648,0.1996419653253595,LOW,RECOVERED
C6015,80211,138,660,DCA_01,0.7011667319071657,0.34397297001940585,MEDIUM,IN_PROGRESS
C6016,71122,167,536,DCA_01,0.7313261306124266,0.4497340476029541,MEDIUM,RECOVERED
C6017,26006,247,533,DCA_01,0.5508463222541017,0.45566039303698824,MEDIUM,RECOVERED
C6018,42198,354,522,DCA_01,0.4392692776750957,0.48306208757049673,MEDIUM,RECOVERED
C6019,23831,31,626,DCA_01,0.58288048876272,0.23088004042193777,LOW,RECOVERED
C6020,17459,12,397,DCA_02,0.6010786784084772,0.4205554327426041,MEDIUM,IN_PROGRESS
C6021,33443,243,525,DCA_01,0.5351361807806971,0.5134626668486806,MEDIUM,RECOVERED
C6022,43316,108,788,DCA_02,0.5077426952699307,0.30890720147910167,MEDIUM,IN_PROGRESS
C6023,97131,336,777,DCA_02,0.5777543537154133,0.4189676268171795,MEDIUM,IN_PROGRESS
C6024,65486,323,633,DCA_01,0.7197084383817894,0.5691493875644207,MEDIUM,RECOVERED
C6025,6877,194,854,DCA_01,0.8745173735591454,0.3625160688470963,MEDIUM,IN_PROGRESS
C6026,40553,308,811,DCA_01,0.7518903683965208,0.3676854545825057,MEDIUM,RECOVERED
C6027,5922,133,681,DCA_01,0.7898015424727878,0.3485650100203195,MEDIUM,RECOVERED
C6028,5686,281,722,DCA_01,0.5530334847675251,0.3777911546797478,MEDIUM,IN_PROGRESS
C6029,33766,291,647,DCA_01,0.4523462413640246,0.3980844668165051,MEDIUM,IN_PROGRESS
C6030,80943,163,452,DCA_01,0.5457567727345718,0.4324389935297879,MEDIUM,RECOVERED
C6031,33006,278,751,DCA_02,0.601327105669745,0.47357459825432646,MEDIUM,RECOVERED
C6032,32422,203,589,DCA_02,0.7449406732385084,0.36907184209172816,MEDIUM,RECOVERED
C6033,13205,96,418,DCA_01,0.8696792835152123,0.4256124752699384,MEDIUM,RECOVERED
C6034,87590,223,513,DCA_01,0.8046462571782735,0.4378185179600127,MEDIUM,IN_PROGRESS
C6035,24527,237,864,DCA_01,0.53320014279506,0.2888866996450925,LOW,RECOVERED
C6036,19443,117,738,DCA_01,0.8101503406852928,0.3337654719607227,MEDIUM,IN_PROGRESS
C6037,17524,192,864,DCA_01,0.605873387627454,0.21673800323411252,LOW,RECOVERED
C6038,29202,276,746,DCA_02,0.4877194093170461,0.39631908533980853,MEDIUM,IN_PROGRESS
C6039,66552,106,341,DCA_01,0.6306267442848887,0.4269180801287398,MEDIUM,IN_PROGRESS
C6040,47142,4,694,DCA_01,0.6816102726263528,0.26042563760091275,LOW,RECOVERED
C6041,62692,18,546,DCA_01,0.7817025546791223,0.41359985335520844,MEDIUM,IN_PROGRESS
C6042,83384,307,590,DCA_02,0.574948245854046,0.43207908501070147,MEDIUM,RECOVERED
C6043,21855,20,547,DCA_02,0.4733896605193658,0.3274332795194924,MEDIUM,IN_PROGRESS
C6044,84747,122,898,DCA_01,0.4471767736459012,0.19408341436224175,LOW,RECOVERED
C6045,61372,137,748,DCA_02,0.4562229917004216,0.3080089845885656,MEDIUM,RECOVERED
C6046,26095,80,383,DCA_02,0.8750117098387943,0.38491075601614644,MEDIUM,RECOVERED
C6047,39724,154,520,DCA_01,0.8758756275889179,0.373281615162002,MEDIUM,RECOVERED
C6048,50241,358,350,DCA_02,0.8843782227026716,0.6465710265673471,HIGH,IN_PROGRESS
C6049,53003,25,849,DCA_01,0.5512444342764132,0.2045289601642738,LOW,RECOVERED
C6050,69379,169,486,DCA_01,0.4958072102739365,0.5142246417267136,MEDIUM,RECOVERED
C6051,95837,59,824,DCA_01,0.8904572364581358,0.2057411742659947,LOW,RECOVERED
C6052,92996,301,522,DCA_01,0.8941320450617343,0.49445311623988963,MEDIUM,IN_PROGRESS
C6053,98454,41,764,DCA_02,0.4391752209751577,0.250749955038279,LOW,IN_PROGRESS
C6054,95283,38,718,DCA_02,0.7762640501888081,0.33375648387459467,MEDIUM,RECOVERED
C6055,16972,117,386,DCA_01,0.544331980656414,0.4673405962642624,MEDIUM,RECOVERED
C6056,94846,275,558,DCA_02,0.8546493722075144,0.5252244278539722,MEDIUM,IN_PROGRESS
C6057,23927,270,480,DCA_01,0.4446125080271168,0.598897215113172,MEDIUM,IN_PROGRESS
C6058,67630,127,610,DCA_01,0.8442888679183386,0.3792769682589857,MEDIUM,RECOVERED
C6059,53347,3,472,DCA_01,0.4013106329592814,0.39979521384921135,MEDIUM,RECOVERED
C6060,89860,293,621,DCA_01,0.6609889365094543,0.5267007995780982,MEDIUM,RECOVERED
C6061,87210,16,639,DCA_02,0.5677819237505666,0.35832460257137155,MEDIUM,RECOVERED
C6062,70518,265,795,DCA_02,0.6136668768320526,0.37983722478319726,MEDIUM,RECOVERED
C6063,46283,239,544,DCA_01,0.6168922856329864,0.45813529111108076,MEDIUM,RECOVERED
C6064,82326,263,804,DCA_02,0.7268015795678433,0.34674083973314185,MEDIUM,RECOVERED
C6065,13205,134,628,DCA_01,0.4115485616533144,0.35774322198237396,MEDIUM,IN_PROGRESS
C6066,90874,213,495,DCA_01,0.7456820541262147,0.4927878803980551,MEDIUM,IN_PROGRESS
C6067,13748,15,361,DCA_01,0.4110990645152664,0.4510328969450732,MEDIUM,RECOVERED
C6068,22097,328,324,DCA_02,0.4926368801637567,0.6529343755460798,HIGH,RECOVERED
C6069,4092,360,863,DCA_01,0.7033708257781726,0.34910673569567996,MEDIUM,RECOVERED
C6070,54311,129,861,DCA_01,0.4432187179709804,0.23898815895389047,LOW,RECOVERED
C6071,23692,352,677,DCA_02,0.8954518295765976,0.4929539791697154,MEDIUM,RECOVERED
C6072,24862,122,594,DCA_02,0.7921920440859875,0.38684575696377876,MEDIUM,RECOVERED
C6073,91396,241,351,DCA_01,0.7528329634039579,0.6427947267583529,HIGH,IN_PROGRESS
C6074,80507,115,339,DCA_01,0.5338405031354074,0.5686540340937349,MEDIUM,IN_PROGRESS
C6075,81152,197,871,DCA_01,0.4242824461334768,0.29675077107631465,LOW,RECOVERED
C6076,71469,222,756,DCA_02,0.8893904980885754,0.3505265217123349,MEDIUM,IN_PROGRESS
C6077,5926,214,301,DCA_01,0.4739241399800313,0.6117674935486662,HIGH,IN_PROGRESS
C6078,92299,80,768,DCA_01,0.8152836707082224,0.26734430913329443,LOW,RECOVERED
C6079,4969,263,405,DCA_02,0.498758706754866,0.578682179634556,MEDIUM,RECOVERED
C6080,36733,135,515,DCA_01,0.5870476834800821,0.4474690938380069,MEDIUM,IN_PROGRESS
C6081,70855,306,713,DCA_02,0.7467947952009423,0.3651202783364619,MEDIUM,RECOVERED
C6082,42743,242,509,DCA_01,0.8726824457405634,0.4372477691622674,MEDIUM,IN_PROGRESS
C6083,40876,303,357,DCA_02,0.4098911780401183,0.6521644054685318,HIGH,RECOVERED
C6084,21323,270,342,DCA_01,0.5303840789406413,0.5877067286727149,MEDIUM,IN_PROGRESS
C6085,17428,287,437,DCA_01,0.7824828459318617,0.47944154194050326,MEDIUM,IN_PROGRESS
C6086,35578,50,788,DCA_02,0.4866969174448105,0.261201677130952,LOW,RECOVERED
C6087,87486,189,859,DCA_01,0.455727559407948,0.2567395053789713,LOW,RECOVERED
C6088,65140,297,768,DCA_01,0.4230923557234424,0.38794532934976755,MEDIUM,IN_PROGRESS
C6089,84829,14,688,DCA_02,0.6512449975901957,0.22764503228420296,LOW,IN_PROGRESS
C6090,7364,232,497,DCA_01,0.7838668256853628,0.4520935569200343,MEDIUM,RECOVERED
C6091,36349,261,501,DCA_01,0.8808672823463557,0.5371568047218532,MEDIUM,IN_PROGRESS
C6092,1691,192,491,DCA_01,0.5337429746175185,0.4105383891469937,MEDIUM,IN_PROGRESS
C6093,96598,203,406,DCA_02,0.4606862007956859,0.5255247082192152,MEDIUM,IN_PROGRESS
C6094,67467,261,626,DCA_02,0.6012766365827744,0.4244820822487385,MEDIUM,IN_PROGRESS
C6095,46896,113,656,DCA_01,0.4277201507223289,0.27090055057060625,LOW,IN_PROGRESS
C6096,58062,352,894,DCA_02,0.5656798258623297,0.3241396859287331,MEDIUM,RECOVERED
C6097,98266,36,800,DCA_01,0.7215399952480802,0.22794277761460813,LOW,RECOVERED
C6098,80762,79,583,DCA_01,0.4840830117868032,0.383677367603932,MEDIUM,IN_PROGRESS
C6099,14861,275,767,DCA_01,0.7159383755034457,0.34694337968642364,MEDIUM,RECOVERED
C6100,97837,278,807,DCA_02,0.8859745187941075,0.3538824928765413,MEDIUM,IN_PROGRESS
C6101,89302,162,405,DCA_01,0.8320999597509949,0.5098260028815196,MEDIUM,RECOVERED
C6102,64928,312,593,DCA_01,0.5784174272914939,0.4846983992423395,MEDIUM,RECOVERED
C6103,84231,17,365,DCA_02,0.6107481417213526,0.4206354597099532,MEDIUM,IN_PROGRESS
C6104,42347,204,494,DCA_02,0.6096603501404638,0.42889076101519663,MEDIUM,IN_PROGRESS
C6105,4121,17,487,DCA_02,0.8299504451915808,0.3039646374460623,MEDIUM,RECOVERED
C6106,84793,202,346,DCA_02,0.8969135361144371,0.5853442532752171,MEDIUM,IN_PROGRESS
C6107,29164,210,661,DCA_02,0.8129478409047872,0.4426992709321522,MEDIUM,RECOVERED
C6108,26491,78,836,DCA_02,0.679059089049036,0.2201458466137871,LOW,IN_PROGRESS
C6109,60222,56,877,DCA_01,0.4486830203874417,0.2004768318896022,LOW,RECOVERED
C6110,24165,80,786,DCA_01,0.8772420743297844,0.27113599682463374,LOW,RECOVERED
C6111,4748,306,878,DCA_01,0.8300229001090338,0.3504963002264737,MEDIUM,RECOVERED
C6112,99581,58,545,DCA_01,0.8207054243685572,0.3888515094576288,MEDIUM,RECOVERED
C6113,27553,18,477,DCA_01,0.5959089471566041,0.4347428191437369,MEDIUM,RECOVERED
C6114,61380,208,414,DCA_01,0.6235856893002477,0.5967437465787149,MEDIUM,RECOVERED
C6115,45331,135,464,DCA_01,0.4598308885375329,0.5119897465377239,MEDIUM,RECOVERED
C6116,97033,332,518,DCA_01,0.8689364918584694,0.5595851372255054,MEDIUM,RECOVERED
C6117,97844,10,496,DCA_01,0.8716171816333212,0.41583272136662564,MEDIUM,IN_PROGRESS
C6118,40560,69,700,DCA_01,0.5272206339303648,0.2374993270625433,LOW,RECOVERED
C6119,54865,341,375,DCA_02,0.7480039054866885,0.6547563233636792,HIGH,IN_PROGRESS
C6120,47686,83,725,DCA_02,0.5017448687068682,0.294671222871563,LOW,RECOVERED
C6121,76910,109,586,DCA_02,0.5964735401840893,0.3397968280653205,MEDIUM,IN_PROGRESS
C6122,5675,44,844,DCA_02,0.5511906860423854,0.2633113263529523,LOW,IN_PROGRESS
C6123,67706,132,598,DCA_02,0.5947954988486346,0.3572530973347263,MEDIUM,IN_PROGRESS
C6124,78986,18,593,DCA_02,0.5544863542713401,0.3307327200977225,MEDIUM,RECOVERED
C6125,77216,93,746,DCA_02,0.5726456628288144,0.2512718561539675,LOW,RECOVERED
C6126,11068,294,713,DCA_01,0.7955301302377895,0.4345441028990701,MEDIUM,RECOVERED
C6127,55460,148,730,DCA_02,0.550013570796376,0.32163724077464984,MEDIUM,IN_PROGRESS
C6128,47418,172,529,DCA_02,0.8073477322068001,0.5106181322252394,MEDIUM,RECOVERED
C6129,27206,51,395,DCA_01,0.6839610893218786,0.410751010460234,MEDIUM,RECOVERED
C6130,1287,19,738,DCA_02,0.7902223857909609,0.3036471418593717,MEDIUM,RECOVERED
C6131,23337,120,470,DCA_01,0.8594453252267353,0.4378341671438427,MEDIUM,RECOVERED
C6132,21666,324,616,DCA_02,0.4692124752539246,0.49065926506503443,MEDIUM,RECOVERED
C6133,2161,225,843,DCA_02,0.5719451254610031,0.301686767801543,MEDIUM,RECOVERED
C6134,91071,66,790,DCA_01,0.4277787479042815,0.2242776111457523,LOW,RECOVERED
C6135,99064,141,687,DCA_01,0.603455017454511,0.3614916689701174,MEDIUM,RECOVERED
C6136,39751,189,856,DCA_02,0.5187014653605229,0.3633784082013085,MEDIUM,IN_PROGRESS
C6137,83063,158,371,DCA_02,0.6858393076796381,0.47148840605102227,MEDIUM,RECOVERED
C6138,90389,98,831,DCA_02,0.7916949264511864,0.32545415632575214,MEDIUM,RECOVERED
C6139,15758,158,538,DCA_02,0.6431829888564429,0.4495570027043838,MEDIUM,RECOVERED
C6140,66780,246,876,DCA_01,0.5668112784691309,0.3088768687737635,MEDIUM,IN_PROGRESS
C6141,4178,344,388,DCA_01,0.4762781829348225,0.6862835915325226,HIGH,RECOVERED
C6142,32831,236,834,DCA_02,0.4134150754125518,0.25088649805131646,LOW,RECOVERED
C6143,3176,33,453,DCA_01,0.7389415056408123,0.32896631838134216,MEDIUM,RECOVERED
C6144,34654,361,889,DCA_02,0.4152728968677454,0.3820896269156685,MEDIUM,RECOVERED
C6145,27627,241,489,DCA_01,0.8604193064617978,0.5197004360008748,MEDIUM,IN_PROGRESS
C6146,53550,330,714,DCA_02,0.697115012574209,0.42922863626828645,MEDIUM,IN_PROGRESS
C6147,45910,338,453,DCA_02,0.5766476583260656,0.6158061196106055,HIGH,IN_PROGRESS
C6148,91417,275,638,DCA_01,0.4209567951788825,0.4743552403287459,MEDIUM,RECOVERED
C6149,59251,71,816,DCA_01,0.6067432763952009,0.21278786041767073,LOW,RECOVERED
C6150,36422,313,334,DCA_02,0.8336497673542611,0.6954008852766707,HIGH,IN_PROGRESS
C6151,12984,216,825,DCA_02,0.8849116689265022,0.31982543030733923,MEDIUM,RECOVERED
C6152,90312,79,836,DCA_01,0.4424641926512813,0.31330282177536906,MEDIUM,IN_PROGRESS
C6153,62386,169,517,DCA_02,0.7885690537340178,0.42184487456725916,MEDIUM,IN_PROGRESS
C6154,84291,298,553,DCA_02,0.529178807559204,0.4458263954795896,MEDIUM,RECOVERED
C6155,8135,180,502,DCA_02,0.589718449633861,0.4087951390777249,MEDIUM,RECOVERED
C6156,1320,116,400,DCA_02,0.6738362802455233,0.527205622100819,MEDIUM,IN_PROGRESS
C6157,95171,260,660,DCA_01,0.8973643846145765,0.47425881283138427,MEDIUM,IN_PROGRESS
C6158,22684,260,477,DCA_01,0.5044074488296441,0.5732049445925196,MEDIUM,RECOVERED
C6159,56913,5,575,DCA_01,0.4652491916364286,0.3044778842825586,MEDIUM,IN_PROGRESS
C6160,89774,297,611,DCA_01,0.6974884932397534,0.4827995318374033,MEDIUM,RECOVERED
C6161,22889,108,709,DCA_01,0.82652449887906,0.32222780772222037,MEDIUM,RECOVERED
C6162,96849,343,587,DCA_02,0.724107898939347,0.5685319298779321,MEDIUM,RECOVERED
C6163,99071,360,824,DCA_02,0.5737882006377284,0.42155818916981413,MEDIUM,IN_PROGRESS
C6164,49899,117,700,DCA_01,0.8884912839479436,0.3639264947929063,MEDIUM,IN_PROGRESS
C6165,11770,357,516,DCA_01,0.8975160423204396,0.549475620378397,MEDIUM,IN_PROGRESS
C6166,40321,331,769,DCA_01,0.7853245513884238,0.3938944740716166,MEDIUM,RECOVERED
C6167,86962,331,326,DCA_02,0.8012081494597576,0.6883735057584819,HIGH,RECOVERED
C6168,42777,13,721,DCA_01,0.7804208312584391,0.20501267046761018,LOW,RECOVERED
C6169,47250,142,313,DCA_01,0.5288304790027223,0.5203693084982624,MEDIUM,IN_PROGRESS
C6170,74034,188,800,DCA_02,0.4751320694226913,0.2794658889743983,LOW,RECOVERED
C6171,41130,281,624,DCA_01,0.677176752379157,0.44462036820077233,MEDIUM,IN_PROGRESS
C6172,82931,115,623,DCA_01,0.8770730988182822,0.4274118782840387,MEDIUM,RECOVERED
C6173,50346,236,866,DCA_02,0.8391461446111924,0.30672046973051414,MEDIUM,RECOVERED
C6174,3537,338,584,DCA_02,0.4534298677453528,0.49795190229359154,MEDIUM,RECOVERED
C6175,85762,10,388,DCA_01,0.4284955832600917,0.39760971314564486,MEDIUM,IN_PROGRESS
C6176,16216,199,344,DCA_02,0.8368853938866199,0.5235884747981265,MEDIUM,IN_PROGRESS
C6177,85149,252,797,DCA_02,0.7065075361049691,0.35592486322633166,MEDIUM,IN_PROGRESS
C6178,4009,50,797,DCA_02,0.552160520544287,0.1997114768418332,LOW,RECOVERED
C6179,90904,142,877,DCA_02,0.6808840744541008,0.27677070812458704,LOW,IN_PROGRESS
C6180,30327,271,444,DCA_02,0.5108342958011874,0.564795474618029,MEDIUM,IN_PROGRESS
C6181,15209,16,817,DCA_01,0.8734759042537934,0.17278831501891045,LOW,RECOVERED
C6182,49443,2,381,DCA_01,0.8135988492325286,0.34957441505526654,MEDIUM,RECOVERED
C6183,16029,158,466,DCA_02,0.8811190083989073,0.4867723750279699,MEDIUM,IN_PROGRESS
C6184,68613,30,404,DCA_01,0.4935285904783449,0.3816338325805584,MEDIUM,IN_PROGRESS
C6185,80443,82,787,DCA_01,0.8218352131372904,0.25940963797899697,LOW,RECOVERED
C6186,57997,31,609,DCA_01,0.680142810983053,0.3680340543037144,MEDIUM,RECOVERED
C6187,63559,236,381,DCA_02,0.5624959974879595,0.5370258817412764,MEDIUM,IN_PROGRESS
C6188,65892,333,393,DCA_01,0.6398316775177856,0.6355749243215074,HIGH,IN_PROGRESS
C6189,71409,148,620,DCA_02,0.8721919877472329,0.3265368285924569,MEDIUM,RECOVERED
C6190,9635,177,642,DCA_02,0.7457264436677318,0.35624767655172196,MEDIUM,RECOVERED
C6191,34065,35,660,DCA_01,0.5799577763397817,0.30640123594397817,MEDIUM,RECOVERED
C6192,34783,23,365,DCA_01,0.8999498421511456,0.4323352054541978,MEDIUM,IN_PROGRESS
C6193,35152,106,728,DCA_02,0.5728714601656939,0.2287798638821501,LOW,IN_PROGRESS
C6194,59741,97,700,DCA_01,0.806859891696049,0.23663808493889105,LOW,RECOVERED
C6195,52502,230,470,DCA_02,0.7921886750644248,0.4704346909920165,MEDIUM,RECOVERED
C6196,30092,227,877,DCA_02,0.7614633190363429,0.29495662112818055,LOW,RECOVERED
C6197,18653,100,367,DCA_01,0.7347181465007715,0.40362277733364205,MEDIUM,RECOVERED
C6198,98999,55,791,DCA_02,0.4543326962893972,0.19686199101271418,LOW,RECOVERED
C6199,41469,195,333,DCA_02,0.8974779718846949,0.5181847937155888,MEDIUM,IN_PROGRESS
C6200,87483,8,300,DCA_02,0.4805214082654547,0.49693445516923684,MEDIUM,RECOVERED
C6201,60754,315,450,DCA_01,0.6980670089367021,0.6240353982483373,HIGH,IN_PROGRESS
C6202,30978,128,557,DCA_01,0.5245739028549707,0.4352713394333647,MEDIUM,RECOVERED
C6203,88592,32,887,DCA_01,0.4843887590359313,0.21643378063912322,LOW,RECOVERED
C6204,95543,93,318,DCA_01,0.6797326857261907,0.5193566954481377,MEDIUM,RECOVERED
C6205,44169,7,334,DCA_01,0.8181720825608668,0.40428413656364137,MEDIUM,RECOVERED
C6206,49287,258,670,DCA_02,0.5884728282311077,0.3358850527814339,MEDIUM,RECOVERED
C6207,55745,341,790,DCA_02,0.4385844468158792,0.37834733259603814,MEDIUM,IN_PROGRESS
C6208,6543,220,540,DCA_01,0.7118794564542281,0.47489254636541156,MEDIUM,RECOVERED
C6209,57392,240,306,DCA_02,0.7832151269616976,0.6178773619611768,HIGH,RECOVERED
C6210,22067,106,848,DCA_02,0.5480422534508933,0.29636521019395645,LOW,RECOVERED
C6211,52033,36,670,DCA_02,0.745294837560174,0.2590682935214228,LOW,RECOVERED
C6212,46256,45,549,DCA_01,0.4378951612215014,0.35609953423913243,MEDIUM,RECOVERED
C6213,91633,298,414,DCA_02,0.5807141941840883,0.5542267756012914,MEDIUM,IN_PROGRESS
C6214,70345,309,852,DCA_01,0.6370656958563228,0.3680364050062176,MEDIUM,RECOVERED
C6215,23191,9,636,DCA_02,0.7909818249857052,0.308961728441724,MEDIUM,IN_PROGRESS
C6216,87803,87,873,DCA_02,0.5690708545792844,0.26344234347806117,LOW,RECOVERED
C6217,73742,331,441,DCA_02,0.6268498961983162,0.6204447066610724,HIGH,RECOVERED
C6218,87593,177,784,DCA_01,0.7141770089351311,0.3434263037268763,MEDIUM,IN_PROGRESS
C6219,29992,130,737,DCA_01,0.7120399809951754,0.2359209636173405,LOW,RECOVERED
C6220,82531,195,387,DCA_02,0.6588801017017016,0.533254310311895,MEDIUM,RECOVERED
C6221,49803,11,762,DCA_01,0.5642373548752326,0.21882479970242097,LOW,RECOVERED
C6222,64477,306,347,DCA_01,0.7349623230477897,0.5342382774892974,MEDIUM,IN_PROGRESS
C6223,14210,122,780,DCA_01,0.8185771725506694,0.3051726306044008,MEDIUM,RECOVERED
C6224,84329,235,823,DCA_01,0.4769070450030636,0.39229074567606204,MEDIUM,RECOVERED
C6225,27270,331,510,DCA_02,0.5702308914240244,0.4947296648561619,MEDIUM,RECOVERED
C6226,63008,31,543,DCA_02,0.7343742009978964,0.3124251013393259,MEDIUM,RECOVERED
C6227,6197,348,538,DCA_01,0.7778877459435984,0.6264401630472773,HIGH,RECOVERED
C6228,8452,224,496,DCA_02,0.7907298230526303,0.4930134910371905,MEDIUM,IN_PROGRESS
C6229,42486,153,534,DCA_01,0.7266360097436664,0.4435403663911547,MEDIUM,RECOVERED
C6230,15859,212,486,DCA_01,0.6391351056061157,0.4051177155046408,MEDIUM,IN_PROGRESS
C6231,28236,92,589,DCA_02,0.7228998022137254,0.39281616063780667,MEDIUM,IN_PROGRESS
C6232,32899,331,520,DCA_01,0.4675222640720886,0.6073457804761024,HIGH,IN_PROGRESS
C6233,33083,348,796,DCA_01,0.5038806091129553,0.4640640708157676,MEDIUM,IN_PROGRESS
C6234,68708,129,795,DCA_01,0.8637655203217881,0.32079887930412465,MEDIUM,RECOVERED
C6235,17663,197,601,DCA_01,0.8610854914250925,0.4226084071675613,MEDIUM,RECOVERED
C6236,94076,42,486,DCA_02,0.761941912471672,0.36660238122718514,MEDIUM,RECOVERED
C6237,20053,228,749,DCA_01,0.5635236045143486,0.3355894229995886,MEDIUM,RECOVERED
C6238,12085,194,711,DCA_01,0.724420002222367,0.34066369170665856,MEDIUM,RECOVERED
C6239,31564,18,544,DCA_02,0.7438958046667462,0.3079824731414065,MEDIUM,RECOVERED
C6240,90745,333,612,DCA_02,0.6575574684392791,0.5256638400746769,MEDIUM,IN_PROGRESS
C6241,60095,243,795,DCA_02,0.7742629134447858,0.41886965053364744,MEDIUM,RECOVERED
C6242,70517,276,321,DCA_02,0.4148454642092426,0.6355632736214527,HIGH,IN_PROGRESS
C6243,22153,127,367,DCA_02,0.5281103980889195,0.5340171442659746,MEDIUM,IN_PROGRESS
C6244,6247,75,691,DCA_01,0.7972251855699615,0.30020324674014986,MEDIUM,RECOVERED
C6245,11553,62,615,DCA_01,0.8693502218446922,0.3162901332846739,MEDIUM,RECOVERED
C6246,21811,288,364,DCA_02,0.8380439124590833,0.583398936266983,MEDIUM,RECOVERED
C6247,96381,186,840,DCA_01,0.7582466844842941,0.31474347890918686,MEDIUM,RECOVERED
C6248,7135,178,867,DCA_01,0.4827484018728435,0.26671672379186184,LOW,RECOVERED
C6249,6573,166,511,DCA_01,0.5843597578093149,0.477784733650813,MEDIUM,RECOVERED
C6250,80267,183,499,DCA_02,0.4251063443057079,0.5296042377316237,MEDIUM,IN_PROGRESS
C6251,8189,28,477,DCA_02,0.7199309016900343,0.35630225319109254,MEDIUM,RECOVERED
C6252,81077,330,722,DCA_01,0.624931617808316,0.4756764786705139,MEDIUM,RECOVERED
C6253,44646,247,761,DCA_02,0.6865059384971316,0.3626915370492373,MEDIUM,IN_PROGRESS
C6254,77623,337,343,DCA_01,0.8896764568372517,0.659384441482832,HIGH,IN_PROGRESS
C6255,54687,22,730,DCA_02,0.6011262225108491,0.32507121264653527,MEDIUM,RECOVERED
C6256,69312,96,467,DCA_01,0.5533550769975883,0.41157067628093313,MEDIUM,IN_PROGRESS
C6257,28564,122,586,DCA_01,0.4753022972958848,0.3426938656760954,MEDIUM,IN_PROGRESS
C6258,29835,250,636,DCA_02,0.4718049123028311,0.4836433711997694,MEDIUM,IN_PROGRESS
C6259,62587,308,885,DCA_02,0.6592868293128256,0.29670614475128176,LOW,RECOVERED
C6260,8697,334,470,DCA_01,0.7746140473880176,0.5979212083327512,MEDIUM,IN_PROGRESS
C6261,81165,326,482,DCA_01,0.6822312316457503,0.5465679466217437,MEDIUM,IN_PROGRESS
C6262,74922,137,315,DCA_01,0.8366463326001573,0.5085760693341309,MEDIUM,IN_PROGRESS
C6263,18046,277,795,DCA_01,0.5579362117612571,0.4161660552774238,MEDIUM,RECOVERED
C6264,58823,320,879,DCA_02,0.69752329583865,0.37400225388111297,MEDIUM,RECOVERED
C6265,74580,332,853,DCA_02,0.7306208555477524,0.40731158721859284,MEDIUM,RECOVERED
C6266,54370,61,409,DCA_01,0.5403451383628133,0.4604500100887582,MEDIUM,RECOVERED
C6267,10615,250,852,DCA_01,0.5981520530474105,0.3208686337178517,MEDIUM,IN_PROGRESS
C6268,6060,95,605,DCA_01,0.6954699371503394,0.34027832646619705,MEDIUM,RECOVERED
C6269,77436,296,305,DCA_02,0.4104653245330236,0.6064567542903323,HIGH,IN_PROGRESS
C6270,61519,184,572,DCA_02,0.8433054572992926,0.4404328168344207,MEDIUM,RECOVERED
C6271,72117,260,660,DCA_02,0.4555320241112429,0.5152115682991409,MEDIUM,IN_PROGRESS
C6272,62158,287,484,DCA_01,0.4237789499423586,0.6121543610682557,HIGH,IN_PROGRESS
C6273,35782,155,399,DCA_02,0.5075176433523718,0.5581926221484268,MEDIUM,RECOVERED
C6274,86709,186,389,DCA_01,0.6511589815462446,0.523169282689407,MEDIUM,RECOVERED
C6275,79533,69,545,DCA_01,0.5643487019079167,0.34618794184800095,MEDIUM,RECOVERED
C6276,59255,326,538,DCA_02,0.6200728039527066,0.5127262666372738,MEDIUM,RECOVERED
C6277,73684,261,380,DCA_01,0.4421355495389436,0.5633782942035488,MEDIUM,IN_PROGRESS
C6278,57918,115,414,DCA_02,0.5165523148612872,0.5247549572608945,MEDIUM,RECOVERED
C6279,85284,347,575,DCA_02,0.4488303981461924,0.5658014414094275,MEDIUM,RECOVERED
C6280,80558,8,379,DCA_01,0.5148532932706269,0.370936145177146,MEDIUM,RECOVERED
C6281,86549,265,867,DCA_01,0.7516545134212638,0.3217400388120595,MEDIUM,RECOVERED
C6282,82422,271,478,DCA_01,0.6876453973707071,0.5638454679065286,MEDIUM,IN_PROGRESS
C6283,26256,249,608,DCA_02,0.5669854622706714,0.430700126635325,MEDIUM,RECOVERED
C6284,31005,105,860,DCA_02,0.530613633456082,0.22701757022378477,LOW,RECOVERED
C6285,7638,263,808,DCA_01,0.8987639163615997,0.3393425364230136,MEDIUM,RECOVERED
C6286,38419,224,559,DCA_02,0.7839338417972537,0.4764722494184519,MEDIUM,RECOVERED
C6287,34377,328,591,DCA_01,0.8110220947178324,0.5032416848762381,MEDIUM,IN_PROGRESS
C6288,44116,271,590,DCA_02,0.4131823181769009,0.4722370500632447,MEDIUM,IN_PROGRESS
C6289,37634,165,841,DCA_02,0.4297933969895623,0.290944675774229,LOW,RECOVERED
C6290,83291,83,362,DCA_01,0.7563072352812781,0.42320251549825905,MEDIUM,RECOVERED
C6291,24382,295,893,DCA_01,0.4959164278056015,0.3987512022500337,MEDIUM,IN_PROGRESS
C6292,57063,134,704,DCA_01,0.6128277176036343,0.3563730408558079,MEDIUM,IN_PROGRESS
C6293,23394,211,779,DCA_02,0.4920832901780307,0.37238693137157175,MEDIUM,RECOVERED
C6294,68789,313,624,DCA_01,0.4885359528432531,0.41515668813699813,MEDIUM,RECOVERED
C6295,1864,92,680,DCA_02,0.4545384758446698,0.35455282613344274,MEDIUM,RECOVERED
C6296,41222,337,609,DCA_01,0.6971300552081185,0.44575798409350287,MEDIUM,IN_PROGRESS
C6297,14666,127,642,DCA_02,0.7696506865105381,0.33700810545230586,MEDIUM,IN_PROGRESS
C6298,21955,191,774,DCA_02,0.4284223011462721,0.26005283020808256,LOW,IN_PROGRESS
C6299,82845,159,355,DCA_01,0.5377759209779889,0.48896744666901915,MEDIUM,IN_PROGRESS
C6300,70590,331,724,DCA_01,0.7291841993221966,0.4413708793265254,MEDIUM,IN_PROGRESS
C6301,67471,335,441,DCA_02,0.5961580112317624,0.5255443985421866,MEDIUM,IN_PROGRESS
C6302,89314,10,675,DCA_01,0.7523329437428281,0.2894063066920788,LOW,RECOVERED
C6303,44298,107,525,DCA_01,0.7796141066618332,0.37117207380293593,MEDIUM,IN_PROGRESS
C6304,64108,87,773,DCA_02,0.4161470179603595,0.32602810765271284,MEDIUM,RECOVERED
C6305,49924,67,324,DCA_02,0.5904298891463183,0.4535348451611224,MEDIUM,IN_PROGRESS
C6306,17709,62,664,DCA_02,0.7645694748476237,0.3345991829365228,MEDIUM,RECOVERED
C6307,10726,146,394,DCA_01,0.5892079917785424,0.473579581858672,MEDIUM,RECOVERED
C6308,61824,153,807,DCA_01,0.4029166014929245,0.2559718008777161,LOW,RECOVERED
C6309,41542,107,864,DCA_02,0.5681514661878271,0.2353896871221708,LOW,RECOVERED
C6310,21245,148,881,DCA_01,0.8363263782187649,0.3040824911727088,MEDIUM,RECOVERED
C6311,35753,186,475,DCA_01,0.8759694468462549,0.5580962225835365,MEDIUM,RECOVERED
C6312,80788,349,707,DCA_01,0.6802583213062265,0.47315281268367126,MEDIUM,IN_PROGRESS
C6313,22316,342,789,DCA_02,0.553180051520513,0.404451682001976,MEDIUM,RECOVERED
C6314,85698,178,758,DCA_01,0.6330321240898888,0.3290154743922622,MEDIUM,RECOVERED
C6315,16960,335,712,DCA_02,0.5181017635153362,0.48473763836800354,MEDIUM,IN_PROGRESS
C6316,31791,266,637,DCA_02,0.4840628471245861,0.4614992470419219,MEDIUM,IN_PROGRESS
C6317,26216,149,630,DCA_01,0.6467676382160163,0.3440045603938726,MEDIUM,IN_PROGRESS
C6318,33467,247,512,DCA_01,0.768341994430356,0.46683833065370284,MEDIUM,RECOVERED
C6319,65427,254,644,DCA_01,0.5112324130189354,0.48441033806395695,MEDIUM,RECOVERED
C6320,63047,29,875,DCA_01,0.8547686564958529,0.2392178262909065,LOW,IN_PROGRESS
C6321,74290,352,846,DCA_02,0.4841138193753334,0.4358994839606152,MEDIUM,RECOVERED
C6322,48014,266,823,DCA_02,0.6792057882321071,0.325751268198618,MEDIUM,RECOVERED
C6323,5078,13,645,DCA_02,0.7881916292681665,0.26183307390962085,LOW,RECOVERED
C6324,79389,47,547,DCA_01,0.5066942413444698,0.37069877310941857,MEDIUM,RECOVERED
C6325,51519,151,624,DCA_01,0.5482222234838603,0.31384572561892965,MEDIUM,IN_PROGRESS
C6326,5042,50,766,DCA_01,0.4257421244166428,0.24156514217038472,LOW,RECOVERED
C6327,50052,215,390,DCA_02,0.8719741984301532,0.4830856661952163,MEDIUM,RECOVERED
C6328,15389,132,593,DCA_01,0.6434860966886682,0.3839555697350775,MEDIUM,IN_PROGRESS
C6329,96961,113,840,DCA_02,0.4321530875268485,0.25307234265874523,LOW,RECOVERED
C6330,69111,252,823,DCA_02,0.8150634065844926,0.33264602122817666,MEDIUM,RECOVERED
C6331,94715,341,558,DCA_02,0.6846720795248193,0.4932544208680374,MEDIUM,IN_PROGRESS
C6332,51733,53,386,DCA_01,0.4276423587692343,0.4370176997919374,MEDIUM,IN_PROGRESS
C6333,35754,130,457,DCA_01,0.6254482853073449,0.4327804568372281,MEDIUM,RECOVERED
C6334,19624,324,793,DCA_01,0.6172015213182883,0.33219571704677975,MEDIUM,RECOVERED
C6335,86886,193,485,DCA_01,0.4730408667199112,0.523257839597185,MEDIUM,IN_PROGRESS
C6336,27681,79,643,DCA_02,0.610186404543641,0.35650825487996773,MEDIUM,IN_PROGRESS
C6337,90524,57,815,DCA_01,0.5414035079324759,0.2345738448856226,LOW,RECOVERED
C6338,82006,97,868,DCA_01,0.749970947628134,0.2390746849653247,LOW,RECOVERED
C6339,25704,198,808,DCA_01,0.4027459749197833,0.3302282578902319,MEDIUM,RECOVERED
C6340,95913,135,839,DCA_01,0.4531879717111666,0.2985821957986795,LOW,RECOVERED
C6341,95108,147,315,DCA_02,0.8593244045239743,0.44914414875420605,MEDIUM,RECOVERED
C6342,8493,172,824,DCA_02,0.6166666636605708,0.2785368638157182,LOW,IN_PROGRESS
C6343,70639,63,499,DCA_01,0.4880909873374203,0.3839131252834205,MEDIUM,RECOVERED
C6344,55383,65,483,DCA_01,0.7966132184345185,0.4199660731389496,MEDIUM,IN_PROGRESS
C6345,3994,295,608,DCA_02,0.8257963000382207,0.4800090250820759,MEDIUM,IN_PROGRESS
C6346,70280,211,807,DCA_01,0.50560700675095,0.4053547351750374,MEDIUM,RECOVERED
C6347,48234,109,580,DCA_02,0.7567999962023928,0.36534886983020065,MEDIUM,RECOVERED
C6348,48291,282,457,DCA_02,0.7075678455834742,0.553555589473486,MEDIUM,IN_PROGRESS
C6349,93868,172,659,DCA_02,0.7725283556623774,0.29570268787666976,LOW,RECOVERED
C6350,6594,12,558,DCA_02,0.793949209619965,0.33672821390314367,MEDIUM,RECOVERED
C6351,8371,333,456,DCA_01,0.7304679281966304,0.5410106739281779,MEDIUM,IN_PROGRESS
C6352,48315,220,724,DCA_01,0.878108479230264,0.4503671713859615,MEDIUM,RECOVERED
C6353,84564,342,320,DCA_02,0.8321131796191594,0.6872129000781761,HIGH,RECOVERED
C6354,80526,286,646,DCA_02,0.5144857439190176,0.40816019471857534,MEDIUM,IN_PROGRESS
C6355,17626,172,649,DCA_02,0.8567828981361509,0.38785273066930304,MEDIUM,RECOVERED
C6356,87005,236,684,DCA_01,0.5797986505532295,0.43291394462981914,MEDIUM,IN_PROGRESS
C6357,8130,166,737,DCA_01,0.76327092568494,0.3215420655947744,MEDIUM,RECOVERED
C6358,7828,187,755,DCA_01,0.8240051583882089,0.4081747624736153,MEDIUM,IN_PROGRESS
C6359,58514,170,845,DCA_01,0.6181852132571675,0.22488810566778206,LOW,RECOVERED
C6360,53664,52,379,DCA_02,0.4257542732311918,0.44798538045497405,MEDIUM,RECOVERED
C6361,18883,319,751,DCA_01,0.8748307172458163,0.378354811764253,MEDIUM,IN_PROGRESS
C6362,44059,189,894,DCA_01,0.4362400264121797,0.26956365663494886,LOW,RECOVERED
C6363,85078,120,840,DCA_02,0.574054795582462,0.3342922229903744,MEDIUM,IN_PROGRESS
C6364,43932,105,788,DCA_02,0.6982236488858299,0.27348342768778544,LOW,RECOVERED
C6365,62269,162,822,DCA_02,0.4587683538187165,0.2955500555694138,LOW,RECOVERED
C6366,76986,295,691,DCA_01,0.819103163294634,0.4887270566634967,MEDIUM,IN_PROGRESS
C6367,86959,41,873,DCA_02,0.5017110778882242,0.2099114520322406,LOW,IN_PROGRESS
C6368,3035,364,658,DCA_01,0.8930018316545387,0.45328436165888564,MEDIUM,IN_PROGRESS
C6369,41745,165,332,DCA_02,0.8582167202825421,0.5464000284035286,MEDIUM,RECOVERED
C6370,18241,321,435,DCA_02,0.7022780436089318,0.5148956753172436,MEDIUM,IN_PROGRESS
C6371,53975,335,899,DCA_02,0.73000504464369,0.3444929464526143,MEDIUM,RECOVERED
C6372,24154,160,709,DCA_02,0.6668032340043368,0.32624606714920557,MEDIUM,RECOVERED
C6373,26625,264,828,DCA_01,0.5955519843164163,0.31869975790359795,MEDIUM,IN_PROGRESS
C6374,45950,353,390,DCA_02,0.5758540485369589,0.6333883925888639,HIGH,RECOVERED
C6375,99602,18,712,DCA_01,0.8458274533701311,0.20717924838184065,LOW,RECOVERED
C6376,57396,173,598,DCA_01,0.688309863056884,0.4029154943597093,MEDIUM,RECOVERED
C6377,14331,352,786,DCA_01,0.811646866106686,0.42517875686114026,MEDIUM,RECOVERED
C6378,64927,33,372,DCA_01,0.6570355219363593,0.3952349493886055,MEDIUM,RECOVERED
C6379,87226,261,560,DCA_01,0.553512461121026,0.45801122661231264,MEDIUM,IN_PROGRESS
C6380,85719,210,611,DCA_01,0.4458797383148599,0.38200167646433725,MEDIUM,RECOVERED
C6381,64014,330,464,DCA_02,0.5618484015041587,0.5835729651552404,MEDIUM,IN_PROGRESS
C6382,40346,164,634,DCA_02,0.8400587570325493,0.34654910891807766,MEDIUM,RECOVERED
C6383,71411,5,801,DCA_02,0.7559805869418847,0.19632226333239466,LOW,RECOVERED
C6384,55478,34,460,DCA_01,0.7929149549355063,0.3858992931844488,MEDIUM,IN_PROGRESS
C6385,13254,280,689,DCA_01,0.7867171080502786,0.41761052071880833,MEDIUM,RECOVERED
C6386,56734,145,370,DCA_01,0.4599862086157381,0.5049412862276035,MEDIUM,IN_PROGRESS
C6387,29621,351,391,DCA_01,0.479430283028915,0.5918434307103106,MEDIUM,IN_PROGRESS
C6388,77441,71,660,DCA_01,0.558619624417011,0.28318089631520527,LOW,RECOVERED
C6389,47121,348,620,DCA_02,0.5505143893339561,0.522875978590033,MEDIUM,IN_PROGRESS
C6390,82418,230,544,DCA_01,0.4330405191278659,0.5124954764640053,MEDIUM,IN_PROGRESS
C6391,61197,125,323,DCA_01,0.4767357547846034,0.4279336658877254,MEDIUM,IN_PROGRESS
C6392,85577,278,856,DCA_01,0.8281151417833899,0.3309335332590526,MEDIUM,IN_PROGRESS
C6393,95634,271,702,DCA_01,0.6945224189908518,0.42451442610871626,MEDIUM,IN_PROGRESS
C6394,43431,357,672,DCA_02,0.5711414963898208,0.4892917928377932,MEDIUM,IN_PROGRESS
C6395,5837,15,585,DCA_02,0.6632389489316878,0.3856274093600114,MEDIUM,RECOVERED
C6396,91025,242,740,DCA_01,0.5306566957891445,0.36846068255006104,MEDIUM,IN_PROGRESS
C6397,84163,153,894,DCA_01,0.6919211586735875,0.32780790504462876,MEDIUM,RECOVERED
C6398,72232,53,651,DCA_01,0.4373154416179493,0.35281943149324235,MEDIUM,IN_PROGRESS
C6399,49994,149,518,DCA_02,0.8513253494822757,0.4331303176003788,MEDIUM,IN_PROGRESS
C6400,80079,358,784,DCA_02,0.5202232923418073,0.3837098430027168,MEDIUM,RECOVERED
C6401,13615,219,742,DCA_01,0.8095377509688064,0.3422916422370017,MEDIUM,RECOVERED
C6402,2466,113,517,DCA_01,0.7299994331622586,0.3357452308027741,MEDIUM,RECOVERED
C6403,31771,288,366,DCA_01,0.661503471211667,0.5876892180159667,MEDIUM,RECOVERED
C6404,84886,277,330,DCA_01,0.8648982303588979,0.6085520958395139,HIGH,IN_PROGRESS
C6405,66911,83,621,DCA_01,0.4784065901605768,0.29959982489202597,LOW,IN_PROGRESS
C6406,99566,218,549,DCA_01,0.4596387351344999,0.50746951491367,MEDIUM,RECOVERED
C6407,21746,226,865,DCA_02,0.5609300659117189,0.2979922368611183,LOW,RECOVERED
C6408,89422,270,309,DCA_02,0.8151106132591774,0.5671938868337407,MEDIUM,IN_PROGRESS
C6409,61739,15,584,DCA_01,0.4176007280951174,0.30670403655207035,MEDIUM,RECOVERED
C6410,99187,290,452,DCA_02,0.51970285365467,0.6141051766682473,HIGH,IN_PROGRESS
C6411,74369,339,843,DCA_02,0.6123510958433338,0.34213838605656355,MEDIUM,RECOVERED
C6412,2893,265,828,DCA_02,0.7564704942691042,0.349934537455757,MEDIUM,RECOVERED
C6413,31573,199,670,DCA_01,0.5496565338054202,0.3383495154413718,MEDIUM,RECOVERED
C6414,97907,158,600,DCA_01,0.624056223115357,0.43824032821412273,MEDIUM,RECOVERED
C6415,41874,333,445,DCA_01,0.5684252454355807,0.4980511800928029,MEDIUM,IN_PROGRESS
C6416,78362,207,886,DCA_02,0.4460301273628512,0.3049017239900811,MEDIUM,IN_PROGRESS
C6417,88460,174,351,DCA_01,0.7693379924156267,0.5446798772863372,MEDIUM,IN_PROGRESS
C6418,34367,184,703,DCA_01,0.6306896982222416,0.34288499358679814,MEDIUM,IN_PROGRESS
C6419,22199,265,440,DCA_02,0.8062560597640482,0.581542446438865,MEDIUM,RECOVERED
C6420,92404,246,387,DCA_01,0.7473464585270694,0.49942049865451676,MEDIUM,RECOVERED
C6421,75328,36,726,DCA_02,0.4289076000947633,0.2657021146391151,LOW,IN_PROGRESS
C6422,58724,259,383,DCA_02,0.6500379502481393,0.5160781400580106,MEDIUM,IN_PROGRESS
C6423,87133,19,542,DCA_01,0.8954278118076868,0.3147563916614584,MEDIUM,RECOVERED
C6424,37405,23,405,DCA_02,0.5539351309329708,0.4337379199875485,MEDIUM,RECOVERED
C6425,99232,104,654,DCA_01,0.6464790502448212,0.31419472135906124,MEDIUM,RECOVERED
C6426,16989,241,320,DCA_02,0.7260162218370202,0.5679389154353247,MEDIUM,IN_PROGRESS
C6427,29931,361,305,DCA_01,0.5011328001899478,0.7175105457588999,HIGH,RECOVERED
C6428,10290,204,520,DCA_01,0.7512536051825209,0.4429291010955325,MEDIUM,IN_PROGRESS
C6429,39367,253,386,DCA_01,0.7298883382208396,0.5928317352038521,MEDIUM,IN_PROGRESS
C6430,80878,142,752,DCA_02,0.5874802333597439,0.29438444842284306,LOW,RECOVERED
C6431,91477,302,641,DCA_02,0.5422196336565496,0.4787982730142427,MEDIUM,RECOVERED
C6432,80481,143,692,DCA_01,0.8595513506390495,0.30820617550416773,MEDIUM,RECOVERED
C6433,77298,271,651,DCA_01,0.4635117863485685,0.4707551931387496,MEDIUM,IN_PROGRESS
C6434,31133,307,545,DCA_01,0.6160153956560925,0.4701662498009004,MEDIUM,IN_PROGRESS
C6435,28052,110,412,DCA_02,0.7834918141110643,0.498644332315875,MEDIUM,RECOVERED
C6436,86489,8,882,DCA_02,0.4740685477376936,0.1754375739909847,LOW,RECOVERED
C6437,41475,69,457,DCA_02,0.8664637667704709,0.352268911559265,MEDIUM,RECOVERED
C6438,83666,190,536,DCA_01,0.6631262033822889,0.4344907834833416,MEDIUM,IN_PROGRESS
C6439,97622,179,542,DCA_02,0.6524078272435504,0.376225826713097,MEDIUM,RECOVERED
C6440,58656,63,465,DCA_02,0.6121387053996561,0.3792678409169489,MEDIUM,IN_PROGRESS
C6441,5633,68,333,DCA_01,0.8337250957472742,0.47552358287052865,MEDIUM,RECOVERED
C6442,18304,206,554,DCA_02,0.8742207044068636,0.4608482727301705,MEDIUM,IN_PROGRESS
C6443,98820,6,601,DCA_01,0.590034013108889,0.28340894831292507,LOW,RECOVERED
C6444,47546,119,519,DCA_01,0.6711968251250358,0.32472597584928986,MEDIUM,RECOVERED
C6445,8008,313,331,DCA_01,0.5577115664160786,0.6664588086392089,HIGH,IN_PROGRESS
C6446,49291,31,808,DCA_01,0.5840083808356752,0.22811837199291507,LOW,IN_PROGRESS
C6447,28405,6,781,DCA_01,0.4141667803112901,0.2633592765514443,LOW,RECOVERED
C6448,37386,207,532,DCA_02,0.7929677422052084,0.5004115502865903,MEDIUM,RECOVERED
C6449,91909,157,514,DCA_02,0.884666570379523,0.36435226549170985,MEDIUM,RECOVERED
C6450,21827,67,541,DCA_01,0.7847632759238437,0.35568555109457534,MEDIUM,RECOVERED
C6451,34040,330,544,DCA_01,0.659105710380729,0.5828484698738703,MEDIUM,IN_PROGRESS
C6452,61354,353,319,DCA_01,0.8137549965705574,0.6335532638386332,HIGH,IN_PROGRESS
C6453,79543,336,509,DCA_02,0.8289395215415367,0.5814596898074684,MEDIUM,IN_PROGRESS
C6454,19157,289,725,DCA_01,0.6722613154641395,0.36272416465803914,MEDIUM,IN_PROGRESS
C6455,98693,140,371,DCA_01,0.8685787428399409,0.4157880363146301,MEDIUM,RECOVERED
C6456,36315,300,477,DCA_01,0.4150850965284952,0.5991410884208586,MEDIUM,IN_PROGRESS
C6457,36932,13,822,DCA_02,0.4050480049142688,0.24258453962791815,LOW,RECOVERED
C6458,22164,152,598,DCA_01,0.4407296820823365,0.3560642074146039,MEDIUM,IN_PROGRESS
C6459,15414,313,565,DCA_02,0.4289288577267258,0.5594965074515447,MEDIUM,RECOVERED
C6460,15327,352,819,DCA_01,0.6123054938911004,0.347922799091696,MEDIUM,RECOVERED
C6461,1946,109,794,DCA_01,0.8701605519609934,0.2596447607863781,LOW,RECOVERED
C6462,15693,356,574,DCA_02,0.7376117749959682,0.5288380392366707,MEDIUM,IN_PROGRESS
C6463,28241,149,352,DCA_01,0.7297264306222284,0.4802074665280889,MEDIUM,IN_PROGRESS
C6464,96790,204,699,DCA_02,0.5924430211684398,0.3820204663522182,MEDIUM,IN_PROGRESS
C6465,16540,307,713,DCA_01,0.6668832280896182,0.39958406221162057,MEDIUM,IN_PROGRESS
C6466,73255,21,788,DCA_01,0.5520873482722116,0.25712917302264204,LOW,RECOVERED
C6467,65757,60,801,DCA_01,0.6589188697013325,0.28634671493839625,LOW,IN_PROGRESS
C6468,42203,21,606,DCA_02,0.7733304543573696,0.38262657277830747,MEDIUM,RECOVERED
C6469,26081,363,716,DCA_02,0.6793462321266495,0.4596650837733308,MEDIUM,RECOVERED
C6470,62861,245,808,DCA_02,0.6094359196117815,0.3741573827445809,MEDIUM,IN_PROGRESS
C6471,12350,73,829,DCA_02,0.8224610319635486,0.28480386696937343,LOW,RECOVERED
C6472,56512,76,305,DCA_01,0.543721439897376,0.4668737501727851,MEDIUM,RECOVERED
C6473,57809,186,721,DCA_02,0.64074346396223,0.34996309252395885,MEDIUM,RECOVERED
C6474,98557,78,750,DCA_02,0.8890736353191003,0.30236659704273694,MEDIUM,RECOVERED
C6475,43832,65,726,DCA_02,0.8836608142613449,0.2843316285344757,LOW,RECOVERED
C6476,29369,342,689,DCA_02,0.4031423083304961,0.4650760337887029,MEDIUM,IN_PROGRESS
C6477,32728,290,633,DCA_01,0.6661167044661267,0.4597481394948829,MEDIUM,RECOVERED
C6478,18576,56,747,DCA_01,0.5684596294375797,0.29694042276669097,LOW,IN_PROGRESS
C6479,30001,331,637,DCA_01,0.54561193487338,0.48127159988983537,MEDIUM,RECOVERED
C6480,84384,259,387,DCA_01,0.6981260893043403,0.5396779841187893,MEDIUM,IN_PROGRESS
C6481,1390,190,568,DCA_02,0.6231521615970922,0.4323846053069239,MEDIUM,IN_PROGRESS
C6482,88535,6,364,DCA_01,0.7664210407753207,0.3771798064639448,MEDIUM,RECOVERED
C6483,46436,6,363,DCA_02,0.4135670951810815,0.43492026127591266,MEDIUM,IN_PROGRESS
C6484,12569,191,569,DCA_01,0.8634454232821234,0.4555473107728474,MEDIUM,IN_PROGRESS
C6485,14029,148,676,DCA_01,0.6837966460639251,0.3234674301774353,MEDIUM,RECOVERED
C6486,23490,258,628,DCA_01,0.7420333511074874,0.4122895349266147,MEDIUM,RECOVERED
C6487,46875,218,817,DCA_01,0.7022932373559041,0.30240628629112465,MEDIUM,IN_PROGRESS
C6488,6867,90,720,DCA_01,0.8945658031548152,0.30501841197677826,MEDIUM,RECOVERED
C6489,81820,312,612,DCA_02,0.8931492206481907,0.4869139547946002,MEDIUM,IN_PROGRESS
C6490,10121,352,608,DCA_01,0.704945717502649,0.44285701388857523,MEDIUM,IN_PROGRESS
C6491,2539,10,488,DCA_01,0.7419816474115454,0.4109678276641796,MEDIUM,RECOVERED
C6492,92024,87,341,DCA_01,0.7092849226850877,0.5254785628344776,MEDIUM,RECOVERED
C6493,18027,250,889,DCA_02,0.5553404619697933,0.25867653759396914,LOW,IN_PROGRESS
C6494,75229,326,619,DCA_01,0.4963067782364681,0.5142301953919637,MEDIUM,IN_PROGRESS
C6495,9921,151,744,DCA_02,0.6013815759067748,0.33354971457050997,MEDIUM,RECOVERED
C6496,51435,113,673,DCA_02,0.7413784111508056,0.3199047535359252,MEDIUM,RECOVERED
C6497,11310,30,585,DCA_02,0.4279886771562011,0.30795350794745,MEDIUM,IN_PROGRESS
C6498,64965,128,470,DCA_01,0.6571526034054972,0.463739390128696,MEDIUM,RECOVERED
C6499,97444,78,562,DCA_01,0.6041986637031949,0.4266038730861941,MEDIUM,RECOVERED
C6500,70922,55,834,DCA_02,0.6637424206428093,0.19311936785518014,LOW,RECOVERED
C6501,98799,305,441,DCA_02,0.8301133165457739,0.5505259444477641,MEDIUM,RECOVERED
C6502,94948,34,447,DCA_02,0.4238050687785291,0.35377093216179933,MEDIUM,RECOVERED
C6503,83839,105,739,DCA_01,0.7818120246808509,0.28597417041971196,LOW,RECOVERED
C6504,13242,172,892,DCA_01,0.7334549459668134,0.27864760558478674,LOW,IN_PROGRESS
C6505,9947,22,715,DCA_02,0.5019239904865604,0.2553303344522704,LOW,RECOVERED
C6506,72466,287,324,DCA_01,0.7670918347640514,0.566836844937533,MEDIUM,RECOVERED
C6507,62816,105,393,DCA_01,0.6481859734394789,0.4435731844084304,MEDIUM,RECOVERED
C6508,49785,149,604,DCA_01,0.6405123978388725,0.3698179594334141,MEDIUM,IN_PROGRESS
C6509,1507,272,484,DCA_01,0.6415352574733459,0.5649088258697674,MEDIUM,RECOVERED
C6510,67972,276,582,DCA_02,0.874617031125638,0.4887690154409975,MEDIUM,RECOVERED
C6511,28151,299,454,DCA_01,0.8721822531683965,0.596659873439118,MEDIUM,RECOVERED
C6512,12618,172,313,DCA_02,0.8568040233426335,0.4891363013269113,MEDIUM,RECOVERED
C6513,75286,47,640,DCA_02,0.843371036772547,0.3077130799659116,MEDIUM,IN_PROGRESS
C6514,17122,114,772,DCA_02,0.4187940457855341,0.31719707745534176,MEDIUM,RECOVERED
C6515,8354,275,407,DCA_02,0.6002974635560714,0.5707497536047121,MEDIUM,IN_PROGRESS
C6516,31979,304,630,DCA_01,0.8474385317628271,0.519717762067601,MEDIUM,IN_PROGRESS
C6517,87436,207,839,DCA_01,0.7775632778304626,0.3065608111397802,MEDIUM,IN_PROGRESS
C6518,80376,242,738,DCA_01,0.628329901164202,0.4096369499707382,MEDIUM,IN_PROGRESS
C6519,53774,301,683,DCA_01,0.786626518608583,0.39821185517227076,MEDIUM,RECOVERED
C6520,6037,196,881,DCA_01,0.5040929129068104,0.32270304437228703,MEDIUM,RECOVERED
C6521,29633,164,459,DCA_01,0.6998996227213968,0.48717197817876245,MEDIUM,IN_PROGRESS
C6522,25495,176,731,DCA_01,0.6664991409458303,0.4050265758527247,MEDIUM,IN_PROGRESS
C6523,65550,343,695,DCA_01,0.6867735110053713,0.43785416644280584,MEDIUM,RECOVERED
C6524,82384,271,787,DCA_01,0.7608977099732273,0.3421929528590246,MEDIUM,RECOVERED
C6525,37483,110,488,DCA_01,0.8749010456240386,0.37229819424222443,MEDIUM,IN_PROGRESS
C6526,74373,172,717,DCA_02,0.5320058839734887,0.3632684093481179,MEDIUM,RECOVERED
C6527,35069,352,642,DCA_01,0.7790253876833149,0.4166469174897892,MEDIUM,RECOVERED
C6528,8370,202,660,DCA_01,0.7225704844052727,0.3331898898213874,MEDIUM,IN_PROGRESS
C6529,72947,168,408,DCA_02,0.7475725337131649,0.5315711555309699,MEDIUM,IN_PROGRESS
C6530,40133,102,600,DCA_02,0.61445983250502,0.31354241165513996,MEDIUM,RECOVERED
C6531,97035,86,667,DCA_01,0.8722892981316965,0.3068898223411173,MEDIUM,RECOVERED
C6532,96761,142,554,DCA_02,0.6398281249937984,0.4162174063974534,MEDIUM,RECOVERED
C6533,1692,337,615,DCA_01,0.4607958946995599,0.49743033738320575,MEDIUM,IN_PROGRESS
C6534,29926,213,370,DCA_01,0.7403464902757945,0.5018598952392941,MEDIUM,RECOVERED
C6535,74984,51,568,DCA_01,0.4644345568812609,0.32448862236480847,MEDIUM,RECOVERED
C6536,44390,112,800,DCA_01,0.5613375006071646,0.24621912599884233,LOW,RECOVERED
C6537,50593,271,508,DCA_01,0.5140028386789064,0.46866084236088124,MEDIUM,RECOVERED
C6538,76609,65,777,DCA_01,0.6694671969453112,0.26045462033100764,LOW,RECOVERED
C6539,6209,344,475,DCA_01,0.5737519416141241,0.5079470240173785,MEDIUM,IN_PROGRESS
C6540,7533,183,538,DCA_01,0.4799266184183755,0.4429746350520051,MEDIUM,IN_PROGRESS
C6541,87597,332,741,DCA_02,0.7954071822088515,0.49954648535089563,MEDIUM,IN_PROGRESS
C6542,8211,10,900,DCA_02,0.6342458102190636,0.23283629269151263,LOW,RECOVERED
C6543,10927,234,791,DCA_01,0.6272245197942148,0.3487683916569052,MEDIUM,IN_PROGRESS
C6544,78463,298,398,DCA_02,0.8431814767021006,0.6614892588498789,HIGH,RECOVERED
C6545,25594,244,628,DCA_01,0.669412180222065,0.3447174561365376,MEDIUM,IN_PROGRESS
C6546,75852,351,625,DCA_02,0.7549480479325117,0.5363199197757362,MEDIUM,RECOVERED
C6547,78713,267,744,DCA_02,0.5640327138181271,0.39882194669691606,MEDIUM,IN_PROGRESS
C6548,77382,118,594,DCA_01,0.6806447452349558,0.30278831933551675,MEDIUM,RECOVERED
C6549,8933,144,741,DCA_02,0.7632073431530327,0.24754904683771894,LOW,RECOVERED
C6550,41696,201,330,DCA_02,0.5482360016573666,0.6431579915198276,HIGH,IN_PROGRESS
C6551,66449,239,430,DCA_02,0.7442670743480806,0.5241495407723318,MEDIUM,IN_PROGRESS
C6552,68616,334,826,DCA_01,0.6843815819225662,0.41087194187152276,MEDIUM,IN_PROGRESS
C6553,7089,246,737,DCA_02,0.6170965815862101,0.40069840671564716,MEDIUM,RECOVERED
C6554,57548,346,625,DCA_01,0.7564847808233064,0.5193940687464522,MEDIUM,RECOVERED
C6555,27123,8,566,DCA_02,0.5584521849122341,0.29421108161151277,LOW,RECOVERED
C6556,8797,152,585,DCA_01,0.757251373350111,0.3493673518171668,MEDIUM,RECOVERED
C6557,51013,211,590,DCA_02,0.6755570370223252,0.39931670781103545,MEDIUM,RECOVERED
C6558,9346,158,667,DCA_01,0.5228019275620761,0.30379430246642847,MEDIUM,RECOVERED
C6559,86414,58,785,DCA_01,0.7341377334870158,0.3036708835832024,MEDIUM,IN_PROGRESS
C6560,34672,86,854,DCA_01,0.8423821970187122,0.25024304684221477,LOW,RECOVERED
C6561,18653,55,467,DCA_02,0.5550069966026655,0.3853479625267576,MEDIUM,RECOVERED
C6562,50556,201,770,DCA_01,0.8061659425116983,0.3726311664546187,MEDIUM,RECOVERED
C6563,27140,122,469,DCA_02,0.5680651782034283,0.4620549258725358,MEDIUM,RECOVERED
C6564,2184,108,645,DCA_02,0.8105606192128395,0.35919011218674135,MEDIUM,RECOVERED
C6565,35493,304,377,DCA_01,0.4255755193733943,0.5993900184518567,MEDIUM,IN_PROGRESS
C6566,45148,132,384,DCA_02,0.4036076569378195,0.5524826599035578,MEDIUM,IN_PROGRESS
C6567,25846,198,500,DCA_02,0.456631025634384,0.442925998429717,MEDIUM,IN_PROGRESS
C6568,23195,47,888,DCA_01,0.83697140388727,0.17018196857807144,LOW,RECOVERED
C6569,6606,228,660,DCA_01,0.6668609265298286,0.3574948874384112,MEDIUM,RECOVERED
C6570,4956,245,864,DCA_02,0.6970506475426488,0.35927053918166896,MEDIUM,IN_PROGRESS
C6571,17555,203,601,DCA_01,0.821102734180462,0.4061638005118313,MEDIUM,IN_PROGRESS
C6572,91385,261,592,DCA_01,0.4253229025708173,0.5008834585630161,MEDIUM,IN_PROGRESS
C6573,19690,178,593,DCA_01,0.5935535212925673,0.4439789080841622,MEDIUM,IN_PROGRESS
C6574,59502,24,408,DCA_01,0.7215451797245291,0.42540329288849965,MEDIUM,IN_PROGRESS
C6575,49849,175,664,DCA_02,0.602340082178439,0.34766422565234356,MEDIUM,IN_PROGRESS
C6576,27347,274,899,DCA_01,0.4160651003237285,0.3633596250792245,MEDIUM,IN_PROGRESS
C6577,99725,340,793,DCA_01,0.7254718270844946,0.36059010210062437,MEDIUM,RECOVERED
C6578,92321,261,566,DCA_02,0.5957006472863995,0.5351745288690805,MEDIUM,RECOVERED
C6579,50056,286,392,DCA_01,0.4096045008192801,0.6346063412496322,HIGH,IN_PROGRESS
C6580,64851,1,363,DCA_02,0.4852591918266793,0.40024459480260743,MEDIUM,RECOVERED
C6581,99234,86,727,DCA_01,0.5087910914169853,0.3388428571805504,MEDIUM,RECOVERED
C6582,82502,338,667,DCA_01,0.6553079191773116,0.46275973554598315,MEDIUM,RECOVERED
C6583,97633,69,404,DCA_01,0.4931874505167008,0.39701145404367666,MEDIUM,RECOVERED
C6584,82418,31,508,DCA_01,0.5806636362129873,0.32273041118399903,MEDIUM,RECOVERED
C6585,71211,198,873,DCA_01,0.7753328817741164,0.23501567292792191,LOW,RECOVERED
C6586,42850,91,773,DCA_02,0.8038599446605299,0.32482581242824893,MEDIUM,RECOVERED
C6587,79545,349,360,DCA_02,0.7977064903677882,0.6201319767093803,HIGH,RECOVERED
C6588,28843,16,645,DCA_01,0.747541425202711,0.21694165630059237,LOW,RECOVERED
C6589,63320,310,311,DCA_01,0.6709061573024,0.6506451455327174,HIGH,IN_PROGRESS
C6590,30793,276,765,DCA_02,0.6753151471376506,0.31827348738008665,MEDIUM,RECOVERED
C6591,40516,338,494,DCA_01,0.8766937798503438,0.4969016374250649,MEDIUM,RECOVERED
C6592,18857,162,373,DCA_02,0.838934373040104,0.5505804368266122,MEDIUM,RECOVERED
C6593,20627,192,685,DCA_02,0.7248920598344135,0.3545615109935676,MEDIUM,RECOVERED
C6594,62822,151,435,DCA_02,0.6342474718928364,0.5394053309967685,MEDIUM,RECOVERED
C6595,85101,113,854,DCA_02,0.7645352078809984,0.3033313747828369,MEDIUM,IN_PROGRESS
C6596,92561,273,735,DCA_01,0.4313579487550687,0.3603977197043894,MEDIUM,RECOVERED
C6597,53248,176,338,DCA_01,0.8723040983308159,0.5836961209274238,MEDIUM,RECOVERED
C6598,56798,149,842,DCA_01,0.6737897478023447,0.23894483014536072,LOW,IN_PROGRESS
C6599,94368,178,619,DCA_01,0.6513952271047596,0.41085260387352196,MEDIUM,RECOVERED
C6600,45116,223,855,DCA_02,0.5454174132733707,0.3176479758221119,MEDIUM,RECOVERED
C6601,76318,259,652,DCA_02,0.4016947473845438,0.400491984530839,MEDIUM,RECOVERED
C6602,88902,273,813,DCA_01,0.430621596212958,0.31960907638767444,MEDIUM,RECOVERED
C6603,29557,189,782,DCA_01,0.5315042289916858,0.34584283608961985,MEDIUM,RECOVERED
C6604,72334,306,715,DCA_01,0.6707731293526462,0.4527227082641325,MEDIUM,RECOVERED
C6605,76163,90,669,DCA_02,0.4417901584326092,0.2638088555060719,LOW,RECOVERED
C6606,79002,343,642,DCA_01,0.886026004469499,0.44750588727092067,MEDIUM,IN_PROGRESS
C6607,43614,262,624,DCA_01,0.6054803914594635,0.5202020186043887,MEDIUM,IN_PROGRESS
C6608,13720,156,666,DCA_02,0.5581587371436877,0.29537936869080017,LOW,RECOVERED
C6609,58608,200,635,DCA_01,0.662598239942964,0.3479726855459814,MEDIUM,RECOVERED
C6610,73095,55,595,DCA_01,0.4324932960239892,0.2762060003992033,LOW,RECOVERED
C6611,85694,254,323,DCA_01,0.8252253367868148,0.6246129202944029,HIGH,IN_PROGRESS
C6612,97452,173,741,DCA_01,0.6301385676056731,0.28008351494315986,LOW,RECOVERED
C6613,88593,200,403,DCA_01,0.4891677057179894,0.5276583024475079,MEDIUM,RECOVERED
C6614,36892,102,711,DCA_01,0.4808672147249561,0.2504861256668691,LOW,IN_PROGRESS
C6615,78242,285,873,DCA_01,0.5804771768693762,0.33028656025378766,MEDIUM,RECOVERED
C6616,78606,151,593,DCA_02,0.6866814066549205,0.45739347048213885,MEDIUM,IN_PROGRESS
C6617,1924,111,542,DCA_02,0.6084529289695375,0.4377025403231398,MEDIUM,RECOVERED
C6618,52322,266,641,DCA_01,0.6983986692052899,0.41780667150294404,MEDIUM,RECOVERED
C6619,27478,91,472,DCA_02,0.7527388724503739,0.37675203265368984,MEDIUM,RECOVERED
C6620,72042,177,715,DCA_01,0.7742443811701429,0.37690988097992106,MEDIUM,RECOVERED
C6621,47418,231,402,DCA_01,0.6004777797971317,0.5957564850276869,MEDIUM,IN_PROGRESS
C6622,63217,29,459,DCA_02,0.7585016557785484,0.34906448243842614,MEDIUM,IN_PROGRESS
C6623,91140,301,556,DCA_02,0.4707521766043718,0.5652437838627481,MEDIUM,IN_PROGRESS
C6624,81846,195,856,DCA_02,0.656548100141735,0.29511358902293183,LOW,RECOVERED
C6625,74762,307,875,DCA_01,0.4362573584299842,0.433031174278833,MEDIUM,RECOVERED
C6626,12781,239,495,DCA_02,0.5220528151481321,0.5807501401343442,MEDIUM,IN_PROGRESS
C6627,6515,357,690,DCA_02,0.6915933447499238,0.392267558384895,MEDIUM,RECOVERED
C6628,37133,267,369,DCA_01,0.7702103427709601,0.4932664327813775,MEDIUM,RECOVERED
C6629,83508,214,546,DCA_02,0.4476546816944761,0.4606531993305695,MEDIUM,RECOVERED
C6630,98628,82,628,DCA_02,0.5035349233702884,0.34581679524607756,MEDIUM,IN_PROGRESS
C6631,77946,128,457,DCA_02,0.8959491072645325,0.39462602992285,MEDIUM,RECOVERED
C6632,86058,262,884,DCA_01,0.5688288217186422,0.3801573457930214,MEDIUM,RECOVERED
C6633,10095,67,354,DCA_01,0.5420203835329898,0.38895889553507834,MEDIUM,RECOVERED
C6634,89583,62,785,DCA_02,0.442628545756158,0.3071740464978967,MEDIUM,RECOVERED
C6635,21470,133,542,DCA_01,0.7474213826682106,0.37980265367301125,MEDIUM,RECOVERED
C6636,44129,137,652,DCA_02,0.6541266922107182,0.31317441229072196,MEDIUM,IN_PROGRESS
C6637,9531,28,709,DCA_01,0.4787754389249227,0.26976487354412204,LOW,RECOVERED
C6638,38038,211,314,DCA_02,0.7164491167972036,0.5805842960808371,MEDIUM,RECOVERED
C6639,88939,205,446,DCA_01,0.6628801786805352,0.4828905747801855,MEDIUM,IN_PROGRESS
C6640,43674,253,789,DCA_01,0.6824726490329447,0.3771368566403388,MEDIUM,IN_PROGRESS
C6641,95658,38,324,DCA_02,0.8974274027848745,0.4483572553646691,MEDIUM,RECOVERED
C6642,83476,43,632,DCA_02,0.4143063639708986,0.3196088412724799,MEDIUM,RECOVERED
C6643,30831,117,473,DCA_02,0.85748608047319,0.3834621484913987,MEDIUM,RECOVERED
C6644,58174,190,589,DCA_02,0.8209453807911522,0.43514873323157044,MEDIUM,RECOVERED
C6645,12279,46,869,DCA_01,0.6076714123300787,0.2402535641220206,LOW,RECOVERED
C6646,39220,166,444,DCA_01,0.8404731768191813,0.5199613090247992,MEDIUM,RECOVERED
C6647,61610,305,421,DCA_01,0.7242806211864246,0.5378789544049196,MEDIUM,IN_PROGRESS
C6648,53719,203,326,DCA_02,0.8446772583506053,0.5610961787543642,MEDIUM,RECOVERED
C6649,54051,233,365,DCA_01,0.697365441131573,0.5738963884562658,MEDIUM,IN_PROGRESS
C6650,73013,245,400,DCA_02,0.5080746196595898,0.4675692466043576,MEDIUM,RECOVERED
C6651,57652,209,687,DCA_01,0.6881106920258866,0.4193612732572515,MEDIUM,IN_PROGRESS
C6652,66524,248,393,DCA_02,0.4895311239650686,0.604558648686664,HIGH,IN_PROGRESS
C6653,83936,295,366,DCA_02,0.4704139638436465,0.6297533432611776,HIGH,RECOVERED
C6654,7470,327,549,DCA_01,0.7270306159607118,0.514111576476481,MEDIUM,IN_PROGRESS
C6655,68598,158,441,DCA_02,0.8737383082677924,0.46438305678748526,MEDIUM,RECOVERED
C6656,42798,1,566,DCA_02,0.6942479896037226,0.35124112428985643,MEDIUM,RECOVERED
C6657,54473,217,851,DCA_01,0.7978938164911134,0.2527065204468776,LOW,RECOVERED
C6658,20880,249,514,DCA_02,0.4841821816331104,0.5784810721387996,MEDIUM,RECOVERED
C6659,45439,69,788,DCA_01,0.727105183094471,0.3140906376732103,MEDIUM,IN_PROGRESS
C6660,15308,30,795,DCA_02,0.766488735748236,0.22532452591756613,LOW,RECOVERED
C6661,92563,115,779,DCA_02,0.4208072602571806,0.3427964818773164,MEDIUM,RECOVERED
C6662,97256,8,789,DCA_02,0.448582158521831,0.23709734355194179,LOW,IN_PROGRESS
C6663,36081,275,300,DCA_02,0.7907904402641747,0.6522109053671262,HIGH,IN_PROGRESS
C6664,76242,315,308,DCA_01,0.6199750107310864,0.6177602719554549,HIGH,RECOVERED
C6665,51383,335,679,DCA_02,0.6027905014411057,0.48867125265056577,MEDIUM,RECOVERED
C6666,10837,36,443,DCA_01,0.8601847984695891,0.41993308380967886,MEDIUM,IN_PROGRESS
C6667,53151,311,601,DCA_02,0.8959829121768137,0.47537956086996336,MEDIUM,RECOVERED
C6668,37824,44,716,DCA_01,0.7821922684528215,0.2770779720544839,LOW,RECOVERED
C6669,34073,155,478,DCA_02,0.796296887159176,0.4617281923606228,MEDIUM,RECOVERED
C6670,98624,77,577,DCA_02,0.5041604987868022,0.36762427155983,MEDIUM,IN_PROGRESS
C6671,94648,78,443,DCA_02,0.4961127211699995,0.42844943534896884,MEDIUM,RECOVERED
C6672,27299,101,638,DCA_02,0.8903414076422468,0.3520313222470084,MEDIUM,RECOVERED
C6673,59861,30,758,DCA_01,0.7475458596319458,0.24026504948561755,LOW,RECOVERED
C6674,31063,39,630,DCA_02,0.7433548989896932,0.2909052685425868,LOW,IN_PROGRESS
C6675,70453,239,569,DCA_02,0.5430939855251331,0.4822787390548334,MEDIUM,RECOVERED
C6676,69472,13,486,DCA_02,0.8432396752888747,0.31713273211692494,MEDIUM,RECOVERED
C6677,15506,122,471,DCA_02,0.4222201985971401,0.3891104273901558,MEDIUM,RECOVERED
C6678,95341,144,703,DCA_02,0.5372951782323456,0.3765413398622274,MEDIUM,IN_PROGRESS
C6679,80854,172,767,DCA_02,0.4900706620428833,0.3001416771007448,MEDIUM,RECOVERED
C6680,27026,247,546,DCA_02,0.7555480393332252,0.4499741298046841,MEDIUM,RECOVERED
C6681,28672,247,822,DCA_01,0.7576749951955256,0.32445284026636134,MEDIUM,RECOVERED
C6682,39417,45,858,DCA_01,0.6673657439330896,0.1724321157771148,LOW,RECOVERED
C6683,53413,253,410,DCA_01,0.4026297762155875,0.5721566959216493,MEDIUM,IN_PROGRESS
C6684,66066,291,602,DCA_01,0.8368776609510092,0.5528129579181975,MEDIUM,IN_PROGRESS
C6685,60213,207,772,DCA_02,0.8777935664972559,0.39791432211767885,MEDIUM,RECOVERED
C6686,51971,7,591,DCA_02,0.5011562275433707,0.3059407293494809,MEDIUM,IN_PROGRESS
C6687,28281,242,551,DCA_02,0.8211163636271319,0.4762543932746689,MEDIUM,RECOVERED
C6688,29091,110,887,DCA_01,0.8866432258674773,0.21830785889368276,LOW,RECOVERED
C6689,51494,114,474,DCA_02,0.5634870616824894,0.42859298968922555,MEDIUM,RECOVERED
C6690,19610,307,408,DCA_01,0.4925284142992803,0.5868094859474261,MEDIUM,RECOVERED
C6691,2079,302,639,DCA_02,0.8887700260282115,0.46955962730564693,MEDIUM,IN_PROGRESS
C6692,96386,276,313,DCA_02,0.4298716459127223,0.6511248455310283,HIGH,IN_PROGRESS
C6693,47751,96,621,DCA_02,0.5379803209672411,0.3313472953359301,MEDIUM,IN_PROGRESS
C6694,87126,294,342,DCA_01,0.7710146333794832,0.6594399967941844,HIGH,IN_PROGRESS
C6695,56432,189,760,DCA_01,0.7086767408154075,0.40196788978310316,MEDIUM,IN_PROGRESS
C6696,31951,360,401,DCA_01,0.7422553565451302,0.6511755744587493,HIGH,IN_PROGRESS
C6697,81863,288,308,DCA_01,0.7540457702427252,0.6783232993688681,HIGH,IN_PROGRESS
C6698,79291,154,448,DCA_02,0.7430721120184913,0.5150976670378742,MEDIUM,IN_PROGRESS
C6699,60872,58,637,DCA_02,0.5711206185385416,0.3417720176883987,MEDIUM,IN_PROGRESS
C6700,8235,338,523,DCA_02,0.5557501133045614,0.5850706735011868,MEDIUM,RECOVERED
C6701,83733,50,409,DCA_02,0.6142332722801929,0.4660282355540232,MEDIUM,RECOVERED
C6702,63712,207,653,DCA_01,0.8038417879891817,0.38254938914669756,MEDIUM,IN_PROGRESS
C6703,22473,52,383,DCA_02,0.8691355176750083,0.4216307747998703,MEDIUM,RECOVERED
C6704,68567,342,854,DCA_01,0.6276230534975675,0.4018468511391925,MEDIUM,IN_PROGRESS
C6705,80823,150,365,DCA_02,0.4428830686081444,0.5444743313734564,MEDIUM,RECOVERED
C6706,33230,53,687,DCA_02,0.8691492661638047,0.2661506496627445,LOW,RECOVERED
C6707,85573,213,434,DCA_01,0.440214104282069,0.5632629225049623,MEDIUM,IN_PROGRESS
C6708,93588,66,385,DCA_01,0.4795548032516277,0.37348669218286035,MEDIUM,IN_PROGRESS
C6709,69876,232,383,DCA_02,0.8338390064683349,0.5426524380436333,MEDIUM,RECOVERED
C6710,41644,299,526,DCA_02,0.6757392702568057,0.5066520102913523,MEDIUM,IN_PROGRESS
C6711,49664,338,559,DCA_01,0.576343098931553,0.5199682205106733,MEDIUM,RECOVERED
C6712,46203,151,319,DCA_02,0.8654548432900689,0.5747819396412002,MEDIUM,RECOVERED
C6713,67677,205,334,DCA_02,0.8802531944201043,0.6258873641934747,HIGH,RECOVERED
C6714,26425,320,742,DCA_01,0.5653813470672087,0.4295916097902358,MEDIUM,RECOVERED
C6715,85817,255,569,DCA_02,0.8342120720002875,0.5051058107414096,MEDIUM,IN_PROGRESS
C6716,86961,137,705,DCA_01,0.7392644259379928,0.3112758845111232,MEDIUM,RECOVERED
C6717,98649,135,807,DCA_01,0.5372456864494555,0.27508599014370794,LOW,RECOVERED
C6718,70806,54,603,DCA_01,0.8707163405373626,0.35418673232105535,MEDIUM,IN_PROGRESS
C6719,43814,65,584,DCA_02,0.4315345563166348,0.34935121682720005,MEDIUM,RECOVERED
C6720,71219,2,847,DCA_01,0.5589711495984795,0.21571604598732907,LOW,RECOVERED
C6721,50646,132,328,DCA_01,0.5981308053574308,0.4281879196794778,MEDIUM,IN_PROGRESS
C6722,40884,334,690,DCA_02,0.7453266087882,0.4635646772332659,MEDIUM,RECOVERED
C6723,96345,32,715,DCA_02,0.4192165132097578,0.28421192055948585,LOW,RECOVERED
C6724,70322,356,441,DCA_02,0.8448884509241625,0.6059105445184529,HIGH,RECOVERED
C6725,22650,360,640,DCA_02,0.7295514717422404,0.49373147064636647,MEDIUM,RECOVERED
C6726,95242,243,544,DCA_01,0.5375114155732548,0.41597645974886466,MEDIUM,IN_PROGRESS
C6727,10190,192,304,DCA_01,0.7291710469454501,0.5641960411563542,MEDIUM,RECOVERED
C6728,39196,142,748,DCA_02,0.6684619599596142,0.35529496084301027,MEDIUM,RECOVERED
C6729,40449,148,565,DCA_01,0.5681378810374248,0.3487015177449634,MEDIUM,RECOVERED
C6730,40661,89,790,DCA_02,0.4142982352024108,0.28642585356355343,LOW,IN_PROGRESS
C6731,30709,49,538,DCA_02,0.6755503382067712,0.34759379861363715,MEDIUM,RECOVERED
C6732,81428,136,549,DCA_01,0.4410907573987525,0.447474764462657,MEDIUM,IN_PROGRESS
C6733,76179,191,590,DCA_01,0.8050881779072017,0.40579722678396357,MEDIUM,RECOVERED
C6734,10943,149,842,DCA_01,0.4442628261140516,0.3327388552327948,MEDIUM,RECOVERED
C6735,44240,87,378,DCA_02,0.6143696376750883,0.49078340462261516,MEDIUM,RECOVERED
C6736,46760,8,820,DCA_01,0.6172758960896063,0.1828041638551572,LOW,RECOVERED
C6737,22042,223,749,DCA_01,0.6781008310585346,0.28673744991622496,LOW,IN_PROGRESS
C6738,44894,357,855,DCA_01,0.4197539450603629,0.3566542676031096,MEDIUM,IN_PROGRESS
C6739,7869,16,443,DCA_01,0.5019162237690367,0.33509906237275844,MEDIUM,RECOVERED
C6740,62078,296,419,DCA_01,0.4997505920024835,0.6211499403809311,HIGH,IN_PROGRESS
C6741,57759,106,864,DCA_02,0.699485307345266,0.23902074586382027,LOW,IN_PROGRESS
C6742,45306,283,876,DCA_01,0.5318177663176906,0.31441410860102825,MEDIUM,RECOVERED
C6743,56371,104,475,DCA_02,0.4720974904390035,0.4658501559974664,MEDIUM,IN_PROGRESS
C6744,21918,361,369,DCA_02,0.4091765361492522,0.6803016222395354,HIGH,RECOVERED
C6745,29379,146,502,DCA_02,0.8202724176396761,0.4200925876159336,MEDIUM,RECOVERED
C6746,91810,35,479,DCA_01,0.8857740985604179,0.419510577785854,MEDIUM,RECOVERED
C6747,84232,113,892,DCA_01,0.7516309966540891,0.27869333202737223,LOW,IN_PROGRESS
C6748,3962,308,866,DCA_02,0.6063562127743009,0.3637686440782313,MEDIUM,IN_PROGRESS
C6749,14851,53,409,DCA_01,0.4610054709601708,0.45847603265944625,MEDIUM,IN_PROGRESS
C6750,46747,347,723,DCA_02,0.6375524257474909,0.4368024491885172,MEDIUM,IN_PROGRESS
C6751,53349,81,802,DCA_01,0.6286608616550379,0.3256582860087104,MEDIUM,IN_PROGRESS
C6752,71832,104,705,DCA_01,0.6099381544683522,0.3691787810426994,MEDIUM,RECOVERED
C6753,57356,322,390,DCA_01,0.5891517906005206,0.5558305779206325,MEDIUM,RECOVERED
C6754,15745,242,593,DCA_02,0.6483767300257348,0.3898917768493616,MEDIUM,IN_PROGRESS
C6755,6730,31,692,DCA_02,0.436590356216746,0.250318357467184,LOW,RECOVERED
C6756,14921,317,336,DCA_01,0.4191472983642796,0.6454097793097024,HIGH,IN_PROGRESS
C6757,99430,192,816,DCA_01,0.4319801418602633,0.2668839523570844,LOW,RECOVERED
C6758,72138,357,615,DCA_02,0.4999992400593885,0.49442686807608127,MEDIUM,RECOVERED
C6759,84111,361,471,DCA_01,0.5390351277928758,0.6057462641041709,HIGH,IN_PROGRESS
C6760,20023,233,705,DCA_02,0.4847288097829956,0.4670119450197032,MEDIUM,RECOVERED
C6761,46349,98,561,DCA_01,0.5259583566668806,0.3612783393266734,MEDIUM,IN_PROGRESS
C6762,82533,34,783,DCA_01,0.4929186983465737,0.21795414596043838,LOW,RECOVERED
C6763,84286,243,326,DCA_01,0.4753716298027531,0.5826532536579961,MEDIUM,IN_PROGRESS
C6764,42979,59,794,DCA_02,0.5464913308499224,0.24249429717113402,LOW,IN_PROGRESS
C6765,23837,259,354,DCA_01,0.598756314916272,0.5803070994061923,MEDIUM,IN_PROGRESS
C6766,15997,17,548,DCA_02,0.7721333873182019,0.2800474313093093,LOW,RECOVERED
C6767,89603,78,572,DCA_01,0.8777749714190206,0.33546884757748374,MEDIUM,RECOVERED
C6768,46039,206,558,DCA_01,0.859482655091328,0.4206128024856851,MEDIUM,RECOVERED
C6769,21923,302,490,DCA_02,0.6379668913047924,0.6040201821188516,HIGH,RECOVERED
C6770,9876,166,874,DCA_02,0.630672544488557,0.2295861020422938,LOW,RECOVERED
C6771,61973,291,745,DCA_01,0.4628489475764787,0.4665766984115668,MEDIUM,RECOVERED
C6772,3887,112,801,DCA_01,0.8858700633014835,0.254319973731433,LOW,RECOVERED
C6773,64723,317,692,DCA_01,0.7800488985775662,0.5128924755032561,MEDIUM,IN_PROGRESS
C6774,43422,353,707,DCA_02,0.8237841302705445,0.48997307647843213,MEDIUM,RECOVERED
C6775,52413,145,408,DCA_01,0.5170818328257069,0.459433392289197,MEDIUM,IN_PROGRESS
C6776,3841,156,402,DCA_02,0.6005429920374867,0.4672951496033081,MEDIUM,IN_PROGRESS
C6777,29756,178,525,DCA_02,0.4513225518393545,0.4720112851657836,MEDIUM,IN_PROGRESS
C6778,72576,346,652,DCA_01,0.870406552673961,0.5004481024772707,MEDIUM,RECOVERED
C6779,11304,136,459,DCA_01,0.5429146095635444,0.48981396744034245,MEDIUM,RECOVERED
C6780,31341,315,703,DCA_02,0.6980048811743876,0.4581484792409819,MEDIUM,RECOVERED
C6781,5758,18,623,DCA_02,0.4761100144753591,0.3192522184535722,MEDIUM,IN_PROGRESS
C6782,18010,351,444,DCA_02,0.8013983275191603,0.6646926257048866,HIGH,IN_PROGRESS
C6783,61758,155,764,DCA_01,0.4931723336318424,0.37080195950414596,MEDIUM,RECOVERED
C6784,32658,272,431,DCA_02,0.8046921955306181,0.6046520202997399,HIGH,RECOVERED
C6785,50002,266,392,DCA_02,0.6008812739724146,0.6215259585237406,HIGH,RECOVERED
C6786,2375,360,572,DCA_01,0.6888785082852016,0.5442817957039223,MEDIUM,RECOVERED
C6787,23092,332,833,DCA_01,0.5348543903789688,0.4649563661774575,MEDIUM,RECOVERED
C6788,1490,16,493,DCA_01,0.841388228210572,0.37898237112706623,MEDIUM,IN_PROGRESS
C6789,4729,12,469,DCA_01,0.7799342219274701,0.3309760252298849,MEDIUM,RECOVERED
C6790,6974,75,759,DCA_02,0.5771369819771175,0.27004719779962816,LOW,RECOVERED
C6791,86216,212,310,DCA_01,0.6926820215444156,0.6052716380684886,HIGH,RECOVERED
C6792,84860,179,480,DCA_02,0.4644942295128288,0.5469728032666381,MEDIUM,IN_PROGRESS
C6793,97870,129,531,DCA_01,0.4802361452939027,0.4541689958137357,MEDIUM,IN_PROGRESS
C6794,22398,283,328,DCA_01,0.6668388102935987,0.5883244584716183,MEDIUM,IN_PROGRESS
C6795,35650,195,831,DCA_01,0.7202993833656766,0.33957509975586364,MEDIUM,RECOVERED
C6796,22292,268,304,DCA_02,0.6787158568644963,0.6536630685354097,HIGH,RECOVERED
C6797,4159,30,845,DCA_01,0.6797039989362372,0.25662998786543634,LOW,RECOVERED
C6798,99162,9,439,DCA_01,0.7711450704513357,0.44538690343689746,MEDIUM,RECOVERED
C6799,63766,309,327,DCA_02,0.8512037403816799,0.6238052884263341,HIGH,IN_PROGRESS
C6800,95887,310,397,DCA_02,0.5937987727339273,0.6211969644370445,HIGH,IN_PROGRESS
C6801,18065,165,561,DCA_02,0.6684666477305192,0.46313236720390916,MEDIUM,IN_PROGRESS
C6802,22638,193,318,DCA_01,0.8465119921897196,0.6303934665677551,HIGH,RECOVERED
C6803,2073,305,311,DCA_02,0.6321393282694867,0.6886286956665378,HIGH,IN_PROGRESS
C6804,47511,260,836,DCA_02,0.6225744782502922,0.33327843420053205,MEDIUM,RECOVERED
C6805,85307,192,824,DCA_01,0.7832572285678341,0.33284559784139467,MEDIUM,IN_PROGRESS
C6806,30320,79,764,DCA_02,0.8386505629564951,0.29296613516207615,LOW,IN_PROGRESS
C6807,70876,179,887,DCA_02,0.7688361258699377,0.2901733167273003,LOW,IN_PROGRESS
C6808,35924,91,558,DCA_01,0.4500621954254359,0.3592248496059377,MEDIUM,RECOVERED
C6809,82720,215,323,DCA_02,0.6323854967329197,0.6061325966763753,HIGH,IN_PROGRESS
C6810,41734,79,307,DCA_02,0.5059848114946923,0.4775542355055542,MEDIUM,IN_PROGRESS
C6811,69116,103,527,DCA_02,0.5586739494099182,0.39806008332130705,MEDIUM,RECOVERED
C6812,41025,111,675,DCA_02,0.6343772016683218,0.3207339135917948,MEDIUM,RECOVERED
C6813,95503,314,422,DCA_02,0.5107643342382107,0.5499433671638589,MEDIUM,RECOVERED
C6814,3159,247,389,DCA_01,0.6579668353810804,0.5869447516725435,MEDIUM,IN_PROGRESS
C6815,49940,234,755,DCA_01,0.7216379411801679,0.33043899308982827,MEDIUM,IN_PROGRESS
C6816,80436,82,523,DCA_02,0.8374491670538989,0.3414301276165045,MEDIUM,IN_PROGRESS
C6817,77976,132,556,DCA_02,0.5057303089260998,0.4087812037194791,MEDIUM,IN_PROGRESS
C6818,15678,235,814,DCA_02,0.5552825152336414,0.34778855835393285,MEDIUM,RECOVERED
C6819,62075,278,447,DCA_02,0.6029002405454505,0.5917344535806608,MEDIUM,IN_PROGRESS
C6820,48204,335,686,DCA_01,0.5122733848218596,0.43590235659244936,MEDIUM,IN_PROGRESS
C6821,13021,99,737,DCA_01,0.5660200353311495,0.27586653747456513,LOW,RECOVERED
C6822,7772,38,336,DCA_01,0.8416752599593529,0.4543490554739278,MEDIUM,IN_PROGRESS
C6823,68163,161,405,DCA_01,0.469327396005587,0.45451932621867597,MEDIUM,IN_PROGRESS
C6824,74755,117,531,DCA_01,0.6218737968299954,0.4258441197569156,MEDIUM,RECOVERED
C6825,24464,241,445,DCA_02,0.5554834878915716,0.5663120476089154,MEDIUM,IN_PROGRESS
C6826,52137,26,316,DCA_01,0.4385823608831283,0.4734132842417539,MEDIUM,RECOVERED
C6827,31232,136,458,DCA_02,0.4480626645751492,0.49311451399498785,MEDIUM,RECOVERED
C6828,62497,50,581,DCA_02,0.7924399562425681,0.2773966028365862,LOW,IN_PROGRESS
C6829,75024,294,577,DCA_01,0.8261665096228386,0.47013960267094734,MEDIUM,IN_PROGRESS
C6830,52448,298,424,DCA_02,0.7707038003055247,0.4979281259519297,MEDIUM,RECOVERED
C6831,85517,293,719,DCA_02,0.6696145271688698,0.4418841986860459,MEDIUM,IN_PROGRESS
C6832,1901,154,619,DCA_01,0.7863297325726248,0.3952485495511344,MEDIUM,RECOVERED
C6833,88980,220,781,DCA_02,0.4760078788470795,0.2957753894520143,LOW,RECOVERED
C6834,84597,140,623,DCA_01,0.790100800298086,0.4013964153398767,MEDIUM,RECOVERED
C6835,3881,49,694,DCA_02,0.6117376093756774,0.22022233680072378,LOW,RECOVERED
C6836,30863,142,485,DCA_02,0.775157767164999,0.4551272775800801,MEDIUM,RECOVERED
C6837,6622,46,765,DCA_01,0.5138746972098609,0.2291056280460727,LOW,IN_PROGRESS
C6838,2378,163,356,DCA_01,0.8162717103651785,0.526011590542078,MEDIUM,IN_PROGRESS
C6839,84168,285,757,DCA_02,0.6840582728832836,0.36237522298709,MEDIUM,RECOVERED
C6840,94847,268,507,DCA_01,0.4036687551779324,0.4729630994839049,MEDIUM,IN_PROGRESS
C6841,72186,116,373,DCA_02,0.659633584068459,0.4738102045752035,MEDIUM,IN_PROGRESS
C6842,46201,82,783,DCA_01,0.5551397397126775,0.25403312415123047,LOW,IN_PROGRESS
C6843,60251,44,384,DCA_02,0.4287509309420445,0.45995814936776225,MEDIUM,IN_PROGRESS
C6844,73572,194,313,DCA_01,0.6236547944941302,0.5634132756171997,MEDIUM,IN_PROGRESS
C6845,40255,258,348,DCA_02,0.5557350775866602,0.6284784495467464,HIGH,IN_PROGRESS
C6846,64212,273,725,DCA_02,0.5021950819497711,0.4091654181358385,MEDIUM,IN_PROGRESS
C6847,51210,274,658,DCA_02,0.5745610012511508,0.4256549348839441,MEDIUM,IN_PROGRESS
C6848,23499,278,541,DCA_02,0.4898036081114549,0.5403253464788222,MEDIUM,RECOVERED
C6849,52628,83,352,DCA_01,0.5499060305113292,0.45755435970966696,MEDIUM,IN_PROGRESS
C6850,62360,58,368,DCA_02,0.4576671884035401,0.41720128128531164,MEDIUM,RECOVERED
C6851,5603,53,851,DCA_02,0.442156295111236,0.2154045401323137,LOW,RECOVERED
C6852,94309,1,355,DCA_02,0.8550097133543029,0.43046053767054204,MEDIUM,RECOVERED
C6853,86473,216,755,DCA_02,0.8513829006215895,0.3843777895114042,MEDIUM,RECOVERED
C6854,13632,317,554,DCA_01,0.8140025993315654,0.5052424360318571,MEDIUM,IN_PROGRESS
C6855,31607,228,304,DCA_01,0.5151627670979488,0.5908312224971279,MEDIUM,RECOVERED
C6856,92873,254,880,DCA_02,0.7629453051321973,0.2723593960026547,LOW,RECOVERED
C6857,66756,159,351,DCA_02,0.6948560661319907,0.4903616109647839,MEDIUM,RECOVERED
C6858,47994,287,628,DCA_01,0.4256167068412633,0.501584278585561,MEDIUM,IN_PROGRESS
C6859,64382,66,397,DCA_01,0.8497928754241766,0.5122425632426785,MEDIUM,RECOVERED
C6860,71354,309,460,DCA_01,0.8989910435639379,0.5734494395107076,MEDIUM,RECOVERED
C6861,57344,95,705,DCA_01,0.7543607197161473,0.3615074193137593,MEDIUM,RECOVERED
C6862,54775,253,876,DCA_01,0.5157539075848694,0.3133262868855141,MEDIUM,RECOVERED
C6863,8349,150,626,DCA_01,0.6772047970865245,0.4310579126795083,MEDIUM,RECOVERED
C6864,72154,23,542,DCA_01,0.4546902459310566,0.30862700893497574,MEDIUM,RECOVERED
C6865,28464,244,803,DCA_02,0.5493896098558456,0.37063997265511484,MEDIUM,IN_PROGRESS
C6866,43624,215,666,DCA_01,0.7586280097069015,0.4116965260571118,MEDIUM,RECOVERED
C6867,38344,131,741,DCA_01,0.550537116073926,0.323259373088015,MEDIUM,RECOVERED
C6868,84791,343,453,DCA_02,0.4736029524151818,0.5834509758400608,MEDIUM,IN_PROGRESS
C6869,25299,148,533,DCA_02,0.4037355927718095,0.4589792775578043,MEDIUM,IN_PROGRESS
C6870,48975,109,632,DCA_01,0.6862572021160331,0.29711679969460125,LOW,RECOVERED
C6871,2462,40,794,DCA_02,0.8843352614008885,0.23844231966761353,LOW,RECOVERED
C6872,82441,121,414,DCA_02,0.6420665062068704,0.5330232407293328,MEDIUM,RECOVERED
C6873,91456,295,668,DCA_01,0.506305970323653,0.43738919066920245,MEDIUM,IN_PROGRESS
C6874,82788,120,632,DCA_01,0.6316400114880905,0.40638850217409606,MEDIUM,RECOVERED
C6875,41581,18,429,DCA_01,0.7010418604631881,0.32557589517592744,MEDIUM,RECOVERED
C6876,72289,169,477,DCA_02,0.8006841584203648,0.49354529232070377,MEDIUM,IN_PROGRESS
C6877,15175,198,394,DCA_01,0.6263393053797414,0.5066736860005381,MEDIUM,IN_PROGRESS
C6878,7191,143,616,DCA_02,0.4864760322940141,0.38803949224757006,MEDIUM,RECOVERED
C6879,84434,37,400,DCA_02,0.4940049747130273,0.40659175155795524,MEDIUM,IN_PROGRESS
C6880,85518,186,495,DCA_02,0.8498630082243696,0.4888743775998271,MEDIUM,RECOVERED
C6881,81158,261,507,DCA_02,0.5181209443738899,0.5745716363431465,MEDIUM,IN_PROGRESS
C6882,67537,231,772,DCA_02,0.7640088125504556,0.39426398338798496,MEDIUM,RECOVERED
C6883,48645,254,307,DCA_01,0.5344743900373901,0.5950989017929096,MEDIUM,IN_PROGRESS
C6884,24283,329,435,DCA_02,0.7602810301969125,0.5848942070516274,MEDIUM,IN_PROGRESS
C6885,87971,297,560,DCA_01,0.4391818648972682,0.4631433536212234,MEDIUM,RECOVERED
C6886,93759,10,446,DCA_02,0.5036965246694245,0.44271041489960283,MEDIUM,IN_PROGRESS
C6887,60123,324,757,DCA_02,0.6043506456044216,0.3967579128347951,MEDIUM,RECOVERED
C6888,31024,230,737,DCA_02,0.6576582900299714,0.38743741920282915,MEDIUM,RECOVERED
C6889,50630,24,712,DCA_01,0.5764755311357204,0.3142998098522708,MEDIUM,IN_PROGRESS
C6890,31734,78,799,DCA_02,0.6867581638884226,0.22753276855568572,LOW,RECOVERED
C6891,1515,193,531,DCA_01,0.5626849182952129,0.5074124648722756,MEDIUM,IN_PROGRESS
C6892,67727,109,400,DCA_02,0.739219472863551,0.4392124823564847,MEDIUM,IN_PROGRESS
C6893,98800,280,446,DCA_02,0.6556035203211852,0.5224532639994568,MEDIUM,RECOVERED
C6894,47216,263,806,DCA_01,0.7525546364274558,0.31323221336818585,MEDIUM,RECOVERED
C6895,72833,329,857,DCA_01,0.6154894806076173,0.4111040844167322,MEDIUM,IN_PROGRESS
C6896,59755,363,403,DCA_01,0.8382500685193228,0.5863056441025467,MEDIUM,IN_PROGRESS
C6897,28856,355,635,DCA_02,0.5910663864996694,0.4997591173811279,MEDIUM,IN_PROGRESS
C6898,74870,268,745,DCA_02,0.5540668347252804,0.4130531483628632,MEDIUM,RECOVERED
C6899,25162,341,743,DCA_01,0.6785425089156163,0.5183806150661604,MEDIUM,RECOVERED
C6900,7008,259,417,DCA_01,0.6545862270045775,0.5164105976517683,MEDIUM,IN_PROGRESS
C6901,8987,335,816,DCA_01,0.6590490366827941,0.3696991272430712,MEDIUM,RECOVERED
C6902,63532,85,866,DCA_02,0.7980650454732354,0.27273042128976177,LOW,RECOVERED
C6903,97502,10,830,DCA_02,0.6942983846527246,0.192015810897056,LOW,RECOVERED
C6904,4332,289,387,DCA_02,0.8426327294413529,0.6032950101422161,HIGH,RECOVERED
C6905,67323,302,775,DCA_02,0.7095484916696302,0.385090096454907,MEDIUM,RECOVERED
C6906,39990,59,784,DCA_02,0.4108505720472071,0.2757686692895338,LOW,IN_PROGRESS
C6907,10873,308,594,DCA_01,0.8351967720262972,0.4399787479791507,MEDIUM,RECOVERED
C6908,83542,262,680,DCA_01,0.8198922463475585,0.46028962515121086,MEDIUM,RECOVERED
C6909,86761,285,582,DCA_02,0.4244249337547581,0.4435742094380153,MEDIUM,IN_PROGRESS
C6910,37444,119,455,DCA_02,0.462642229288996,0.5262208127885786,MEDIUM,IN_PROGRESS
C6911,36340,168,479,DCA_02,0.6781780053720974,0.5240122192877357,MEDIUM,IN_PROGRESS
C6912,6033,353,386,DCA_02,0.4214262839320924,0.60239682704684,HIGH,RECOVERED
C6913,74324,189,705,DCA_01,0.6055839891717069,0.29283270915017456,LOW,IN_PROGRESS
C6914,16689,251,795,DCA_02,0.8876803240391384,0.3464587420768962,MEDIUM,RECOVERED
C6915,88134,324,566,DCA_01,0.4863880748469572,0.5311809266529786,MEDIUM,IN_PROGRESS
C6916,96239,229,893,DCA_02,0.5030479116175273,0.31746262927827484,MEDIUM,IN_PROGRESS
C6917,1066,190,363,DCA_02,0.738174190760325,0.6038405042713029,HIGH,RECOVERED
C6918,46246,316,418,DCA_02,0.4219891045254298,0.557296724034974,MEDIUM,IN_PROGRESS
C6919,8533,124,640,DCA_02,0.810343080755989,0.28793547824399823,LOW,IN_PROGRESS
C6920,81639,84,612,DCA_01,0.4995155762669794,0.4254040214432666,MEDIUM,IN_PROGRESS
C6921,71152,297,462,DCA_01,0.6657770820446394,0.5689737419083176,MEDIUM,IN_PROGRESS
C6922,60658,215,804,DCA_01,0.5243815804705649,0.3101018361095338,MEDIUM,IN_PROGRESS
C6923,39498,237,592,DCA_02,0.7294409685549501,0.4985846975081778,MEDIUM,RECOVERED
C6924,12772,113,676,DCA_02,0.6936080461194578,0.3520324731229282,MEDIUM,RECOVERED
C6925,90385,217,841,DCA_02,0.8732198668715867,0.3061912525642524,MEDIUM,RECOVERED
C6926,50036,321,700,DCA_01,0.6228003777885287,0.4193371545164547,MEDIUM,RECOVERED
C6927,59531,246,699,DCA_02,0.8374394813621433,0.36529868432303136,MEDIUM,RECOVERED
C6928,13940,335,698,DCA_01,0.6879109182608756,0.4302447626768424,MEDIUM,IN_PROGRESS
C6929,17932,319,786,DCA_01,0.8572313260944735,0.4246106574637699,MEDIUM,RECOVERED
C6930,96305,37,814,DCA_01,0.5459110318839868,0.20175332766372867,LOW,RECOVERED
C6931,57827,64,323,DCA_02,0.6748805239701428,0.49290149342439404,MEDIUM,IN_PROGRESS
C6932,62431,219,358,DCA_01,0.5950148207838863,0.5472501362280474,MEDIUM,RECOVERED
C6933,25648,342,539,DCA_01,0.4329486587271551,0.5724918444942919,MEDIUM,RECOVERED
C6934,33966,34,610,DCA_01,0.6871329013634293,0.30554646312820677,MEDIUM,RECOVERED
C6935,28777,39,620,DCA_02,0.7971142002927062,0.279150297656644,LOW,RECOVERED
C6936,33567,67,780,DCA_01,0.6781018138455502,0.2562268048451587,LOW,RECOVERED
C6937,18174,209,871,DCA_02,0.5396710820778133,0.30783829445469246,MEDIUM,RECOVERED
C6938,43598,318,713,DCA_02,0.5319145183422014,0.42491132821425803,MEDIUM,IN_PROGRESS
C6939,60199,344,621,DCA_01,0.5189192704687272,0.5231995927147867,MEDIUM,IN_PROGRESS
C6940,14798,152,701,DCA_02,0.8898158142219048,0.3023684248689146,MEDIUM,IN_PROGRESS
C6941,66364,199,358,DCA_01,0.599609770614165,0.5536205316537519,MEDIUM,RECOVERED
C6942,18558,89,352,DCA_01,0.5584348818214186,0.4819588321464193,MEDIUM,RECOVERED
C6943,62084,248,363,DCA_01,0.6092340378726204,0.6576394543829922,HIGH,IN_PROGRESS
C6944,45237,323,418,DCA_02,0.4578989632582421,0.616913751318878,HIGH,RECOVERED
C6945,66497,79,585,DCA_01,0.4980097641417491,0.27551762564805027,LOW,RECOVERED
C6946,1178,285,317,DCA_01,0.6544510708952817,0.6361242446919688,HIGH,IN_PROGRESS
C6947,87006,330,304,DCA_01,0.799423581981189,0.6403007537343601,HIGH,IN_PROGRESS
C6948,18118,32,691,DCA_01,0.8382133450574281,0.21422827190488847,LOW,RECOVERED
C6949,23616,87,459,DCA_01,0.8329923837918054,0.40180446743852094,MEDIUM,IN_PROGRESS
C6950,1798,39,441,DCA_02,0.8723754342119308,0.4217977703340441,MEDIUM,RECOVERED
C6951,8601,101,696,DCA_01,0.4628857618890931,0.2802867291211264,LOW,RECOVERED
C6952,26363,244,317,DCA_02,0.4204851421707569,0.6340550562461162,HIGH,RECOVERED
C6953,3795,232,879,DCA_02,0.4528656090247326,0.32446595694014546,MEDIUM,IN_PROGRESS
C6954,98462,68,413,DCA_02,0.7003711266662256,0.47908674135711027,MEDIUM,IN_PROGRESS
C6955,46264,192,833,DCA_02,0.6780594928882873,0.3015073864821066,MEDIUM,RECOVERED
C6956,73833,28,831,DCA_02,0.7356050315351563,0.1984277160421526,LOW,RECOVERED
C6957,4084,270,760,DCA_02,0.5855453202078643,0.3658788007743914,MEDIUM,IN_PROGRESS
C6958,96865,226,585,DCA_02,0.5957944029756532,0.4508590948976947,MEDIUM,RECOVERED
C6959,77646,77,304,DCA_02,0.6727875449291255,0.5612736654236887,MEDIUM,IN_PROGRESS
C6960,1731,223,428,DCA_02,0.4395280567152538,0.4736164735959094,MEDIUM,IN_PROGRESS
C6961,2129,167,798,DCA_02,0.7999360830680511,0.33311661575036877,MEDIUM,RECOVERED
C6962,29022,284,575,DCA_02,0.861427774048847,0.500943229185218,MEDIUM,IN_PROGRESS
C6963,2605,192,382,DCA_01,0.59367260036464,0.5094679210926194,MEDIUM,RECOVERED
C6964,78506,89,417,DCA_02,0.7697862136311509,0.5303032231575446,MEDIUM,IN_PROGRESS
C6965,45130,32,328,DCA_02,0.6744173601384389,0.4825185341534589,MEDIUM,IN_PROGRESS
C6966,30265,137,657,DCA_02,0.5180042971641908,0.37703873633740315,MEDIUM,RECOVERED
C6967,33330,156,456,DCA_02,0.4338988949180432,0.4945201079088154,MEDIUM,RECOVERED
C6968,69469,250,330,DCA_01,0.5229494553400827,0.6653748867618267,HIGH,RECOVERED
C6969,16187,95,585,DCA_02,0.7024530773221673,0.32354649821872783,MEDIUM,RECOVERED
C6970,26791,17,635,DCA_01,0.4201148880130458,0.2881644843929976,LOW,IN_PROGRESS
C6971,91436,117,869,DCA_01,0.818095365362276,0.24913879457042887,LOW,IN_PROGRESS
C6972,71610,333,612,DCA_02,0.8851530968228238,0.43501900420350736,MEDIUM,IN_PROGRESS
C6973,92962,311,898,DCA_02,0.4417509559715657,0.3549191695963757,MEDIUM,RECOVERED
C6974,40867,10,422,DCA_01,0.5233489653621739,0.384061242285054,MEDIUM,IN_PROGRESS
C6975,1893,80,670,DCA_02,0.7378168077221223,0.3306137930629611,MEDIUM,RECOVERED
C6976,20773,134,613,DCA_01,0.8030401617125484,0.3752542807913566,MEDIUM,RECOVERED
C6977,5239,203,327,DCA_02,0.5729970458438484,0.5480391570082055,MEDIUM,IN_PROGRESS
C6978,21863,116,454,DCA_02,0.657619215163229,0.4423771230356843,MEDIUM,IN_PROGRESS
C6979,52415,220,529,DCA_01,0.8458797014814713,0.47436258505965123,MEDIUM,RECOVERED
C6980,69968,253,848,DCA_01,0.5921991709746981,0.27454999141320025,LOW,RECOVERED
C6981,61430,169,305,DCA_01,0.4407691367312547,0.5313205550100732,MEDIUM,IN_PROGRESS
C6982,2515,335,772,DCA_01,0.8974470609478258,0.43857511819962636,MEDIUM,RECOVERED
C6983,98206,316,617,DCA_01,0.4901401027316081,0.4789797769914361,MEDIUM,IN_PROGRESS
C6984,15605,205,524,DCA_01,0.4243909087993597,0.4244120072952693,MEDIUM,RECOVERED
C6985,57240,298,332,DCA_02,0.6053267987083328,0.6398478923591988,HIGH,RECOVERED
C6986,6586,248,388,DCA_01,0.460731760646716,0.5520737695826043,MEDIUM,IN_PROGRESS
C6987,32186,71,633,DCA_02,0.8893666922128982,0.34021645493262864,MEDIUM,IN_PROGRESS
C6988,27928,156,339,DCA_01,0.5903969280311314,0.4886183096711202,MEDIUM,RECOVERED
C6989,99264,102,674,DCA_02,0.812905566454554,0.3049955976075073,MEDIUM,RECOVERED
C6990,84087,13,597,DCA_02,0.4883026947522255,0.31514830639614166,MEDIUM,IN_PROGRESS
C6991,88029,271,692,DCA_01,0.4694073783750925,0.4108694776031664,MEDIUM,IN_PROGRESS
C6992,21711,292,317,DCA_01,0.7246465650239431,0.6512625366655245,HIGH,IN_PROGRESS
C6993,55962,220,826,DCA_01,0.8546550679049176,0.2796387163411238,LOW,RECOVERED
C6994,21039,15,431,DCA_02,0.4572682274799926,0.39148485501082386,MEDIUM,RECOVERED
C6995,37561,238,589,DCA_01,0.694626982832461,0.48749684163535667,MEDIUM,RECOVERED
C6996,76483,117,508,DCA_02,0.4424697457089925,0.4464146731335229,MEDIUM,RECOVERED
C6997,98871,331,626,DCA_02,0.8060814720059432,0.5155411581686762,MEDIUM,RECOVERED
C6998,82395,56,802,DCA_01,0.8546529567858513,0.22679061510556509,LOW,RECOVERED
C6999,89658,351,578,DCA_02,0.7143971516122167,0.5515524224284767,MEDIUM,RECOVERED
C7000,2577,132,681,DCA_01,0.7441715512706399,0.32729788005383875,MEDIUM,IN_PROGRESS
C7001,29350,226,608,DCA_02,0.4277182323060113,0.4390504095225831,MEDIUM,RECOVERED
C7002,34798,308,576,DCA_02,0.4364885934430415,0.5090052706331256,MEDIUM,IN_PROGRESS
C7003,98434,222,375,DCA_01,0.48983527799636,0.5449906137582694,MEDIUM,IN_PROGRESS
C7004,82417,173,597,DCA_01,0.5369142336659387,0.4238423494156547,MEDIUM,IN_PROGRESS
C7005,11785,340,677,DCA_02,0.779928058419927,0.43085811163025867,MEDIUM,IN_PROGRESS
C7006,73227,285,732,DCA_02,0.6177146235064496,0.4398360337996533,MEDIUM,RECOVERED
C7007,62957,309,411,DCA_02,0.4391248433733483,0.5677895373237828,MEDIUM,RECOVERED
C7008,66431,157,371,DCA_01,0.8263225311423423,0.5085699531848106,MEDIUM,RECOVERED
C7009,18297,151,616,DCA_01,0.8969133512884806,0.4243201063581996,MEDIUM,RECOVERED
C7010,72894,185,320,DCA_01,0.6275131463525301,0.4697515428085869,MEDIUM,RECOVERED
C7011,64772,178,487,DCA_02,0.6558820027877857,0.43286505327954605,MEDIUM,RECOVERED
C7012,20581,21,420,DCA_01,0.4392547196004825,0.415439691696578,MEDIUM,RECOVERED
C7013,56192,112,641,DCA_01,0.5915087154436489,0.35984528212385924,MEDIUM,RECOVERED
C7014,2462,171,603,DCA_02,0.5859021799450583,0.35920109118159793,MEDIUM,IN_PROGRESS
C7015,65173,138,746,DCA_02,0.8828957564907789,0.2559637512358276,LOW,RECOVERED
C7016,16511,233,795,DCA_02,0.7302157545801318,0.2981932881615288,LOW,RECOVERED
C7017,77106,332,820,DCA_02,0.7910915801234608,0.398767150134569,MEDIUM,RECOVERED
C7018,49665,30,484,DCA_01,0.4641660252990446,0.3388202350742954,MEDIUM,IN_PROGRESS
C7019,45414,307,631,DCA_01,0.6084634408713394,0.4623996378252806,MEDIUM,RECOVERED
C7020,82010,161,875,DCA_02,0.4957764011536154,0.30357007737307495,MEDIUM,RECOVERED
C7021,73573,78,649,DCA_01,0.830094489142069,0.3803016878132215,MEDIUM,RECOVERED
C7022,94665,278,619,DCA_01,0.4761861876289003,0.540078445431684,MEDIUM,IN_PROGRESS
C7023,14386,320,836,DCA_01,0.6194356095014296,0.37089666942330346,MEDIUM,RECOVERED
C7024,55460,21,711,DCA_01,0.426825140876877,0.26980660063677453,LOW,RECOVERED
C7025,7221,363,455,DCA_02,0.7171471471002193,0.5307336811864244,MEDIUM,IN_PROGRESS
C7026,24474,143,832,DCA_02,0.6409623749738804,0.2780598969954782,LOW,IN_PROGRESS
C7027,22045,36,801,DCA_01,0.6489833862200558,0.27076281719075623,LOW,IN_PROGRESS
C7028,92319,303,785,DCA_01,0.4508094552958882,0.3421867258062419,MEDIUM,IN_PROGRESS
C7029,5922,214,453,DCA_01,0.6569905926085344,0.5304290693771619,MEDIUM,RECOVERED
C7030,23706,32,367,DCA_02,0.6818917453912778,0.3617561652772855,MEDIUM,RECOVERED
C7031,43771,186,791,DCA_01,0.8814200433386662,0.2968033155706963,LOW,IN_PROGRESS
C7032,53335,174,340,DCA_02,0.4166113416427532,0.5055732783525371,MEDIUM,IN_PROGRESS
C7033,99015,54,826,DCA_01,0.8613568047457816,0.21719457190527414,LOW,RECOVERED
C7034,53949,161,468,DCA_01,0.6397822289657924,0.4399280606690976,MEDIUM,IN_PROGRESS
C7035,71714,250,411,DCA_01,0.5050572627454871,0.5732541833394861,MEDIUM,RECOVERED
C7036,96558,251,762,DCA_01,0.7327730414756126,0.42330023444194953,MEDIUM,IN_PROGRESS
C7037,16240,279,351,DCA_02,0.6585261086264799,0.6474052039888447,HIGH,IN_PROGRESS
C7038,92756,171,554,DCA_01,0.5133775082148642,0.43680835654383565,MEDIUM,RECOVERED
C7039,3716,183,457,DCA_01,0.7134134229177836,0.518707962488752,MEDIUM,RECOVERED
C7040,17574,2,599,DCA_01,0.6366311375924392,0.3202520118528064,MEDIUM,RECOVERED
C7041,84255,194,726,DCA_01,0.7445073091809769,0.322620743748115,MEDIUM,IN_PROGRESS
C7042,74717,166,606,DCA_01,0.7445384640646964,0.4484063099304083,MEDIUM,IN_PROGRESS
C7043,45066,247,398,DCA_01,0.6364076595054522,0.5537052585740683,MEDIUM,RECOVERED
C7044,62826,244,420,DCA_02,0.5953981054608208,0.48898394131957934,MEDIUM,RECOVERED
C7045,21213,110,329,DCA_02,0.4316221207135088,0.4423582952910896,MEDIUM,RECOVERED
C7046,72916,323,529,DCA_02,0.6469232989804214,0.560705924245569,MEDIUM,RECOVERED
C7047,67151,71,553,DCA_01,0.5215575145442141,0.32362980137453856,MEDIUM,RECOVERED
C7048,51906,164,703,DCA_01,0.4266237323128257,0.36642766939184757,MEDIUM,RECOVERED
C7049,1463,285,793,DCA_02,0.5651901152187176,0.4092832983025234,MEDIUM,RECOVERED
C7050,32973,113,330,DCA_02,0.4437345093639026,0.5667151597963929,MEDIUM,RECOVERED
C7051,75694,228,461,DCA_01,0.6898709114642845,0.5323698124166594,MEDIUM,IN_PROGRESS
C7052,21651,301,731,DCA_01,0.6518345323565383,0.46363630130135536,MEDIUM,RECOVERED
C7053,69694,16,455,DCA_01,0.7962144986980438,0.4492620142611726,MEDIUM,RECOVERED
C7054,21008,31,622,DCA_02,0.5338167718196248,0.34756188712818414,MEDIUM,IN_PROGRESS
C7055,71474,162,490,DCA_01,0.5857645327350014,0.48270325494041233,MEDIUM,RECOVERED
C7056,39185,306,475,DCA_02,0.7444751943192032,0.4746646603566569,MEDIUM,IN_PROGRESS
C7057,88924,193,816,DCA_02,0.8964722601157558,0.2847228880144985,LOW,RECOVERED
C7058,75417,210,823,DCA_02,0.8520848787232274,0.37594771661083826,MEDIUM,IN_PROGRESS
C7059,72139,232,870,DCA_01,0.6604124492217389,0.3183907778719989,MEDIUM,RECOVERED
C7060,35980,184,638,DCA_01,0.7389736479333069,0.4036096490125448,MEDIUM,IN_PROGRESS
C7061,23504,15,618,DCA_01,0.6659611632879896,0.27627210558066306,LOW,RECOVERED
C7062,55970,305,410,DCA_02,0.6174027659522312,0.5565094409085256,MEDIUM,RECOVERED
C7063,17766,209,772,DCA_02,0.7011488447691482,0.3931642553082011,MEDIUM,RECOVERED
C7064,94922,172,316,DCA_01,0.5932496126627853,0.47745694726276955,MEDIUM,RECOVERED
C7065,12695,266,519,DCA_02,0.5400941778705304,0.468051565898705,MEDIUM,IN_PROGRESS
C7066,18796,20,786,DCA_02,0.7528369514008424,0.20371937624510028,LOW,RECOVERED
C7067,43543,70,604,DCA_01,0.8359867064403481,0.32583919719484844,MEDIUM,IN_PROGRESS
C7068,15559,8,816,DCA_01,0.5440121530253244,0.2415308082629657,LOW,IN_PROGRESS
C7069,34139,34,428,DCA_01,0.7534458088694436,0.32595257908988184,MEDIUM,RECOVERED
C7070,9802,224,323,DCA_02,0.6170095018456254,0.6034476171191947,HIGH,IN_PROGRESS
C7071,74843,179,840,DCA_01,0.5510425185922903,0.3290476482623562,MEDIUM,IN_PROGRESS
C7072,41205,246,431,DCA_02,0.7105554892715937,0.5385163523331477,MEDIUM,IN_PROGRESS
C7073,99750,260,855,DCA_02,0.8697072311220768,0.33073054225237164,MEDIUM,RECOVERED
C7074,35159,108,620,DCA_02,0.575845740663377,0.34066878361076747,MEDIUM,RECOVERED
C7075,12516,242,796,DCA_01,0.7797396510898604,0.40278740993389484,MEDIUM,RECOVERED
C7076,51492,24,681,DCA_02,0.5573490412386319,0.284846513363038,LOW,IN_PROGRESS
C7077,30086,216,515,DCA_01,0.8019341905908041,0.45742435823919825,MEDIUM,RECOVERED
C7078,31480,55,842,DCA_01,0.7799923621971179,0.23010082238061236,LOW,RECOVERED
C7079,53091,26,310,DCA_02,0.7828163858125463,0.5193292959691658,MEDIUM,IN_PROGRESS
C7080,48766,281,381,DCA_01,0.8988540340009534,0.5730242874268546,MEDIUM,IN_PROGRESS
C7081,39737,292,455,DCA_01,0.4702587859032072,0.575774621189256,MEDIUM,IN_PROGRESS
C7082,10265,327,465,DCA_01,0.5944196165613473,0.5705244950541672,MEDIUM,IN_PROGRESS
C7083,71990,186,507,DCA_01,0.7154060833292077,0.5252729439032585,MEDIUM,IN_PROGRESS
C7084,92717,12,323,DCA_02,0.6952377362217719,0.489017064918602,MEDIUM,IN_PROGRESS
C7085,16386,129,631,DCA_01,0.7903165423031069,0.40258791998766397,MEDIUM,IN_PROGRESS
C7086,38425,208,861,DCA_01,0.4234547908729383,0.29192730468039907,LOW,RECOVERED
C7087,44254,133,818,DCA_02,0.7525255843871407,0.33720428885796017,MEDIUM,RECOVERED
C7088,90863,339,810,DCA_01,0.7688619783111699,0.37336478471722845,MEDIUM,RECOVERED
C7089,54634,196,892,DCA_02,0.4305505579756741,0.2780161988765011,LOW,IN_PROGRESS
C7090,87717,262,540,DCA_01,0.6693411786159319,0.4802708987020643,MEDIUM,IN_PROGRESS
C7091,48662,282,480,DCA_01,0.5224963522445398,0.5115894241854071,MEDIUM,IN_PROGRESS
C7092,87988,103,592,DCA_01,0.800813630685665,0.3939893365650724,MEDIUM,RECOVERED
C7093,88527,120,382,DCA_02,0.4248068030968772,0.46135449765308567,MEDIUM,RECOVERED
C7094,76452,183,865,DCA_01,0.4730820736479826,0.2502504550708239,LOW,RECOVERED
C7095,11143,9,389,DCA_01,0.4522268856449363,0.4079351850953232,MEDIUM,IN_PROGRESS
C7096,92391,45,738,DCA_02,0.4326088527257922,0.23403896205610042,LOW,IN_PROGRESS
C7097,16581,244,842,DCA_02,0.7000368315086856,0.3139725152392916,MEDIUM,RECOVERED
C7098,68443,270,492,DCA_02,0.8342734612807677,0.5309438381100247,MEDIUM,IN_PROGRESS
C7099,30424,112,787,DCA_02,0.655486562332269,0.32971770183656,MEDIUM,IN_PROGRESS
C7100,89844,55,648,DCA_02,0.5052907609570917,0.29045306071669774,LOW,RECOVERED
C7101,42984,15,388,DCA_01,0.5718981342459859,0.4702060922110409,MEDIUM,RECOVERED
C7102,42505,37,422,DCA_01,0.5801831110350271,0.38450177585202483,MEDIUM,IN_PROGRESS
C7103,63699,178,673,DCA_02,0.625817698832148,0.3079240902179188,MEDIUM,RECOVERED
C7104,27957,127,346,DCA_02,0.6102691829749614,0.4770245569273486,MEDIUM,IN_PROGRESS
C7105,26464,117,732,DCA_01,0.7355756261954381,0.262573263989647,LOW,RECOVERED
C7106,24649,340,445,DCA_02,0.569956085518255,0.6591738160707507,HIGH,RECOVERED
C7107,43065,72,302,DCA_02,0.7314826964059431,0.5301985535608903,MEDIUM,RECOVERED
C7108,93661,352,829,DCA_02,0.6733867254975323,0.35152408886555564,MEDIUM,RECOVERED
C7109,35758,111,613,DCA_01,0.4242544235254968,0.3328941569150431,MEDIUM,IN_PROGRESS
C7110,6596,149,626,DCA_02,0.8598360421082303,0.38710351402508736,MEDIUM,RECOVERED
C7111,17374,185,380,DCA_02,0.488978696787377,0.5326966011242861,MEDIUM,IN_PROGRESS
C7112,4775,105,452,DCA_01,0.6257644279695931,0.4190051528375649,MEDIUM,RECOVERED
C7113,28388,147,701,DCA_01,0.8737986006141836,0.2579331505533202,LOW,IN_PROGRESS
C7114,22029,221,787,DCA_01,0.5236666007176041,0.39429129836138954,MEDIUM,IN_PROGRESS
C7115,84981,314,366,DCA_01,0.4110822742699303,0.5782993511842609,MEDIUM,IN_PROGRESS
C7116,54639,351,388,DCA_01,0.645024912463706,0.5734994179065216,MEDIUM,IN_PROGRESS
C7117,15645,6,434,DCA_02,0.5119655980201065,0.36712391501640806,MEDIUM,RECOVERED
C7118,32105,260,501,DCA_02,0.6910137616023152,0.49282259580825427,MEDIUM,RECOVERED
C7119,14668,299,727,DCA_02,0.8085540563383855,0.44213415279862367,MEDIUM,RECOVERED
C7120,16960,349,478,DCA_01,0.6556099578223049,0.5543896351833042,MEDIUM,RECOVERED
C7121,12357,42,638,DCA_02,0.7225146724417039,0.3448930587450558,MEDIUM,RECOVERED
C7122,65604,259,378,DCA_01,0.7330761979137039,0.6072465072407562,HIGH,IN_PROGRESS
C7123,52796,271,896,DCA_01,0.8102672483025344,0.318002882324684,MEDIUM,RECOVERED
C7124,16804,47,832,DCA_01,0.7439634044892065,0.23580581066248008,LOW,RECOVERED
C7125,15626,85,677,DCA_02,0.8880860758957909,0.3211859845829078,MEDIUM,RECOVERED
C7126,29132,174,464,DCA_01,0.6281056265446836,0.4494082088662924,MEDIUM,RECOVERED
C7127,8951,58,839,DCA_02,0.4251291867635077,0.20932125109830335,LOW,RECOVERED
C7128,7449,199,454,DCA_01,0.5970134517411243,0.4459727429464131,MEDIUM,RECOVERED
C7129,20065,209,422,DCA_01,0.8199390213266144,0.500784254263577,MEDIUM,RECOVERED
C7130,10130,248,898,DCA_02,0.4665338266856679,0.318731793332264,MEDIUM,IN_PROGRESS
C7131,90360,211,501,DCA_01,0.7679699262901984,0.5146088299612341,MEDIUM,IN_PROGRESS
C7132,63287,39,339,DCA_01,0.6678307291460643,0.5370363914455796,MEDIUM,IN_PROGRESS
C7133,52702,252,468,DCA_01,0.8503330485381936,0.5105532408735597,MEDIUM,RECOVERED
C7134,37993,131,369,DCA_01,0.7655948333591006,0.4777281156189984,MEDIUM,RECOVERED
C7135,32875,291,629,DCA_02,0.7302620552830266,0.4718849912820313,MEDIUM,IN_PROGRESS
C7136,7054,250,739,DCA_01,0.8434389646491668,0.33063686177179996,MEDIUM,IN_PROGRESS
C7137,49517,52,698,DCA_01,0.8541099636465423,0.2640717454236837,LOW,IN_PROGRESS
C7138,77368,14,792,DCA_01,0.5924583522176528,0.1907199005126773,LOW,RECOVERED
C7139,30670,156,653,DCA_02,0.8639236559220266,0.4007344122104338,MEDIUM,RECOVERED
C7140,50112,30,627,DCA_02,0.4273490009314089,0.3011997498722191,MEDIUM,RECOVERED
C7141,89388,90,797,DCA_02,0.7812833139434232,0.27836009630857694,LOW,RECOVERED
C7142,90156,167,718,DCA_02,0.5682654710578416,0.3437745705945081,MEDIUM,RECOVERED
C7143,29307,351,802,DCA_02,0.6436984727828554,0.34656961176580303,MEDIUM,RECOVERED
C7144,68087,69,838,DCA_02,0.8178749430070615,0.27505207651123964,LOW,IN_PROGRESS
C7145,48922,163,644,DCA_01,0.7185193619329073,0.34087464044337257,MEDIUM,IN_PROGRESS
C7146,64080,242,676,DCA_02,0.6287455122667145,0.413963609421778,MEDIUM,RECOVERED
C7147,94348,52,594,DCA_01,0.4819666213916154,0.3367174882587757,MEDIUM,RECOVERED
C7148,80335,142,587,DCA_01,0.8696323977552227,0.44105997506188177,MEDIUM,RECOVERED
C7149,27312,63,553,DCA_01,0.566238738270655,0.391414994942762,MEDIUM,IN_PROGRESS
C7150,67985,292,733,DCA_01,0.4505807618134043,0.37025218711386143,MEDIUM,IN_PROGRESS
C7151,58608,91,800,DCA_02,0.6820733735815587,0.2538700370780723,LOW,IN_PROGRESS
C7152,90962,152,384,DCA_02,0.6031398956057286,0.4619097104912755,MEDIUM,IN_PROGRESS
C7153,41277,157,820,DCA_02,0.6952555802186527,0.3315623423601749,MEDIUM,RECOVERED
C7154,32551,309,861,DCA_01,0.5167649811838161,0.34550320731092576,MEDIUM,RECOVERED
C7155,90813,150,812,DCA_01,0.5893644325468601,0.2863756730717675,LOW,IN_PROGRESS
C7156,57597,328,815,DCA_02,0.886254186858189,0.3391656409606886,MEDIUM,IN_PROGRESS
C7157,46212,271,815,DCA_02,0.8682681045186653,0.375031148789423,MEDIUM,RECOVERED
C7158,10637,69,796,DCA_01,0.83219087190753,0.19341629749357203,LOW,RECOVERED
C7159,44258,116,461,DCA_01,0.7895604312045287,0.3815379063543193,MEDIUM,RECOVERED
C7160,36693,192,826,DCA_01,0.4782798874340018,0.2917046656042016,LOW,IN_PROGRESS
C7161,10824,4,664,DCA_02,0.633465294971552,0.2638912439016564,LOW,RECOVERED
C7162,27950,75,843,DCA_02,0.7639513929388326,0.2815579565870133,LOW,RECOVERED
C7163,24488,298,724,DCA_01,0.53088378292399,0.35044400186940505,MEDIUM,IN_PROGRESS
C7164,1215,241,874,DCA_02,0.4165371065785695,0.32185758742492865,MEDIUM,IN_PROGRESS
C7165,12523,30,663,DCA_02,0.6090494496621051,0.3096423391934152,MEDIUM,RECOVERED
C7166,76900,143,407,DCA_01,0.61257069820401,0.45168331924737215,MEDIUM,RECOVERED
C7167,69689,326,313,DCA_02,0.4325501287111467,0.6310621328207229,HIGH,RECOVERED
C7168,24834,183,322,DCA_02,0.5603077895697472,0.5684383262867414,MEDIUM,RECOVERED
C7169,35474,16,620,DCA_01,0.8586500298937287,0.29370807993077075,LOW,IN_PROGRESS
C7170,44066,111,809,DCA_01,0.5251484035188076,0.2808018386082298,LOW,RECOVERED
C7171,11400,360,340,DCA_02,0.6845799086256507,0.6593599899737574,HIGH,IN_PROGRESS
C7172,11345,201,603,DCA_02,0.6439409901483575,0.4300930672769768,MEDIUM,IN_PROGRESS
C7173,34896,107,714,DCA_01,0.8310628905621567,0.2681888906402563,LOW,RECOVERED
C7174,86430,162,749,DCA_01,0.7267751218739332,0.3305321862921988,MEDIUM,IN_PROGRESS
C7175,29899,283,693,DCA_02,0.4792147474026034,0.4240926484007067,MEDIUM,IN_PROGRESS
C7176,29229,269,893,DCA_02,0.4714343634217786,0.2771849669019356,LOW,IN_PROGRESS
C7177,6583,155,664,DCA_01,0.6787436137631611,0.3292024487108961,MEDIUM,RECOVERED
C7178,5897,73,728,DCA_02,0.423233181177898,0.2438206316177236,LOW,RECOVERED
C7179,72537,197,451,DCA_01,0.5967654729947172,0.5056727910140659,MEDIUM,IN_PROGRESS
C7180,5567,243,558,DCA_01,0.5995055395757496,0.46948636795331644,MEDIUM,IN_PROGRESS
C7181,75807,86,890,DCA_02,0.4981665606048353,0.282020734386497,LOW,IN_PROGRESS
C7182,78239,287,522,DCA_02,0.5505061046684783,0.5435246273903711,MEDIUM,IN_PROGRESS
C7183,14329,259,565,DCA_01,0.5649741207004819,0.5232696331540754,MEDIUM,IN_PROGRESS
C7184,72792,286,529,DCA_01,0.4058792995763983,0.5066341514097521,MEDIUM,RECOVERED
C7185,1228,149,738,DCA_02,0.8029457017804777,0.2665587259853607,LOW,IN_PROGRESS
C7186,91282,355,449,DCA_02,0.8787231246073418,0.6324929011228045,HIGH,RECOVERED
C7187,83214,190,756,DCA_01,0.5446332620844994,0.28016896803990143,LOW,RECOVERED
C7188,38052,217,435,DCA_02,0.4559927788262662,0.5123563992367912,MEDIUM,RECOVERED
C7189,58769,355,698,DCA_02,0.8767760715925016,0.48992386016756917,MEDIUM,IN_PROGRESS
C7190,47032,86,442,DCA_02,0.7702755105794763,0.3412055457208236,MEDIUM,RECOVERED
C7191,89721,216,369,DCA_02,0.8455712141237148,0.5226600032045889,MEDIUM,RECOVERED
C7192,34686,320,353,DCA_02,0.5804380756874643,0.6629938832505513,HIGH,IN_PROGRESS
C7193,77981,118,702,DCA_01,0.6420311378812527,0.3362884655487668,MEDIUM,RECOVERED
C7194,99802,87,851,DCA_02,0.8651198530426129,0.3009467966526066,MEDIUM,RECOVERED
C7195,64261,40,326,DCA_02,0.6297762235543731,0.4913724730986633,MEDIUM,RECOVERED
C7196,3809,161,598,DCA_01,0.7360476469546233,0.4073616630930641,MEDIUM,RECOVERED
C7197,42785,191,857,DCA_01,0.7523993974049219,0.25956051666991575,LOW,RECOVERED
C7198,37547,25,619,DCA_01,0.8185569212803288,0.28847900701148366,LOW,RECOVERED
C7199,43818,152,744,DCA_02,0.8875894955556672,0.3151687332554236,MEDIUM,RECOVERED
C7200,72927,95,397,DCA_01,0.5674496665499753,0.46683463374088996,MEDIUM,RECOVERED
C7201,66681,46,425,DCA_01,0.5237254246618117,0.35948287326905115,MEDIUM,IN_PROGRESS
C7202,80465,138,357,DCA_02,0.4388529745927099,0.5083461218681895,MEDIUM,RECOVERED
C7203,90862,288,476,DCA_02,0.8282687617682949,0.498804340833534,MEDIUM,RECOVERED
C7204,96527,353,584,DCA_01,0.5463399359503145,0.5754356744029778,MEDIUM,IN_PROGRESS
C7205,38333,164,326,DCA_01,0.4248063976738545,0.493085007165893,MEDIUM,IN_PROGRESS
C7206,17576,16,750,DCA_01,0.8326352364095733,0.24806852045624428,LOW,IN_PROGRESS
C7207,40405,18,622,DCA_01,0.6549547139212204,0.298074158069521,LOW,RECOVERED
C7208,95000,136,549,DCA_01,0.819156602274824,0.48182827559356844,MEDIUM,RECOVERED
C7209,74779,247,669,DCA_02,0.6772409798827901,0.4218975220403848,MEDIUM,RECOVERED
C7210,32601,248,389,DCA_02,0.5568648743823336,0.5388091036497364,MEDIUM,IN_PROGRESS
C7211,68946,331,430,DCA_02,0.4648907958609124,0.6242594801842427,HIGH,IN_PROGRESS
C7212,68356,198,824,DCA_01,0.6185807563852239,0.3265829788594168,MEDIUM,RECOVERED
C7213,53116,1,328,DCA_01,0.4132745212967404,0.4095108751754153,MEDIUM,RECOVERED
C7214,63894,190,843,DCA_01,0.7012297214213482,0.2976566881761298,LOW,IN_PROGRESS
C7215,35635,294,385,DCA_02,0.6138323183564902,0.5771016618595805,MEDIUM,RECOVERED
C7216,8465,45,357,DCA_01,0.4707618170707684,0.3647678095627621,MEDIUM,RECOVERED
C7217,57754,337,356,DCA_02,0.6651172454064269,0.5923999199829559,MEDIUM,IN_PROGRESS
C7218,98975,32,693,DCA_01,0.8004553485804111,0.31219836373337284,MEDIUM,RECOVERED
C7219,93850,118,324,DCA_02,0.8874001430901158,0.5221558768731817,MEDIUM,IN_PROGRESS
C7220,86119,296,489,DCA_02,0.6636792490420741,0.5672601017810037,MEDIUM,RECOVERED
C7221,93691,184,375,DCA_02,0.4647754805216201,0.4658923971842289,MEDIUM,IN_PROGRESS
C7222,39871,191,670,DCA_02,0.8053530928722512,0.3320497430553504,MEDIUM,RECOVERED
C7223,63874,235,805,DCA_01,0.7478942944909853,0.3568286953847627,MEDIUM,IN_PROGRESS
C7224,78733,238,482,DCA_02,0.8769856237771708,0.49868819121158925,MEDIUM,RECOVERED
C7225,30511,216,453,DCA_02,0.6676064988919983,0.4151984308184068,MEDIUM,RECOVERED
C7226,81960,74,568,DCA_02,0.578551957559174,0.29871578390687237,LOW,RECOVERED
C7227,49821,111,577,DCA_02,0.8814200602316292,0.3430050006460076,MEDIUM,IN_PROGRESS
C7228,66776,103,639,DCA_01,0.6692222907181034,0.37918614598351286,MEDIUM,IN_PROGRESS
C7229,71167,359,322,DCA_02,0.4079528381541167,0.7134318221634435,HIGH,IN_PROGRESS
C7230,76135,74,731,DCA_01,0.6368345063418505,0.2753862834285453,LOW,IN_PROGRESS
C7231,45462,252,825,DCA_01,0.4011890154661934,0.29938387303772374,LOW,RECOVERED
C7232,62382,114,642,DCA_02,0.7688539066614791,0.35182984326931144,MEDIUM,RECOVERED
C7233,91194,313,351,DCA_02,0.6829725567793367,0.6671734076165583,HIGH,IN_PROGRESS
C7234,33574,330,638,DCA_01,0.4549005559951986,0.5229495293133731,MEDIUM,RECOVERED
C7235,42910,339,340,DCA_02,0.8065056536234827,0.6633668178601002,HIGH,IN_PROGRESS
C7236,74531,238,817,DCA_02,0.6682186186071233,0.3167330002466464,MEDIUM,RECOVERED
C7237,26186,173,706,DCA_02,0.4570301888414154,0.38386368019855743,MEDIUM,RECOVERED
C7238,95781,79,437,DCA_01,0.4800054376294143,0.516249368944576,MEDIUM,IN_PROGRESS
C7239,23813,93,398,DCA_02,0.8110519259354223,0.480942062721904,MEDIUM,IN_PROGRESS
C7240,79812,50,640,DCA_02,0.577743437732592,0.2565610674800858,LOW,RECOVERED
C7241,86525,285,615,DCA_02,0.8105480379244114,0.426676106850274,MEDIUM,RECOVERED
C7242,79282,223,841,DCA_01,0.4347516789688962,0.27836776230730154,LOW,IN_PROGRESS
C7243,19557,81,524,DCA_02,0.521929531147052,0.3801062298510367,MEDIUM,RECOVERED
C7244,29060,266,560,DCA_02,0.782291297862632,0.5008738136606798,MEDIUM,IN_PROGRESS
C7245,59866,155,546,DCA_02,0.7208510604600167,0.37281742206788404,MEDIUM,RECOVERED
C7246,73104,233,378,DCA_01,0.5534122594966271,0.5264265539983892,MEDIUM,IN_PROGRESS
C7247,85577,316,772,DCA_01,0.8680132184498217,0.3541329666565525,MEDIUM,RECOVERED
C7248,7080,236,376,DCA_01,0.5055331177249418,0.5521786350516055,MEDIUM,IN_PROGRESS
C7249,14854,159,561,DCA_01,0.824889784713815,0.4355974231640972,MEDIUM,IN_PROGRESS
C7250,68695,316,301,DCA_01,0.7478719357808539,0.656120372314213,HIGH,RECOVERED
C7251,28025,251,316,DCA_01,0.460558537730801,0.5527719517706007,MEDIUM,RECOVERED
C7252,53982,314,643,DCA_02,0.6775578137952504,0.4998946977214085,MEDIUM,IN_PROGRESS
C7253,42081,301,311,DCA_01,0.8649537903659782,0.6730469070591966,HIGH,IN_PROGRESS
C7254,5368,282,306,DCA_01,0.7094480244459753,0.6974490893210903,HIGH,IN_PROGRESS
C7255,28094,102,545,DCA_02,0.6644036991872126,0.44443812436071417,MEDIUM,IN_PROGRESS
C7256,47040,51,456,DCA_02,0.5831615953430708,0.3538655692379816,MEDIUM,RECOVERED
C7257,67766,52,473,DCA_01,0.7943940703451076,0.3273633177453108,MEDIUM,RECOVERED
C7258,84053,209,786,DCA_01,0.8565296069418209,0.29382167808860804,LOW,IN_PROGRESS
C7259,24991,307,580,DCA_02,0.7766583940715777,0.5133832625568266,MEDIUM,RECOVERED
C7260,2301,131,608,DCA_02,0.7626246797719656,0.3560698536669259,MEDIUM,RECOVERED
C7261,29610,270,536,DCA_01,0.4962451845491418,0.5041679519555138,MEDIUM,IN_PROGRESS
C7262,82463,205,456,DCA_02,0.8169931709655278,0.5749456852440615,MEDIUM,IN_PROGRESS
C7263,35678,219,550,DCA_02,0.4203479275505328,0.4353701385685098,MEDIUM,RECOVERED
C7264,25466,257,520,DCA_01,0.7786807382679848,0.5480696554795994,MEDIUM,RECOVERED
C7265,81440,185,637,DCA_02,0.5054350172241107,0.3798642995561361,MEDIUM,RECOVERED
C7266,41875,145,522,DCA_01,0.6436306349922446,0.4335560257529052,MEDIUM,RECOVERED
C7267,27081,178,510,DCA_01,0.747616973515714,0.4917617194077273,MEDIUM,IN_PROGRESS
C7268,25354,14,636,DCA_01,0.7795392065360088,0.3304331487313532,MEDIUM,IN_PROGRESS
C7269,94297,246,433,DCA_01,0.8440419705970713,0.5379737073079124,MEDIUM,IN_PROGRESS
C7270,19300,187,794,DCA_01,0.5412960721474294,0.36910329632492345,MEDIUM,RECOVERED
C7271,65384,337,846,DCA_01,0.5121601215142866,0.44567909390227334,MEDIUM,IN_PROGRESS
C7272,96027,259,482,DCA_02,0.8981231036874073,0.5356517331970121,MEDIUM,IN_PROGRESS
C7273,61892,354,460,DCA_01,0.5037790843912444,0.6260895258698863,HIGH,IN_PROGRESS
C7274,36525,40,686,DCA_02,0.7327403733631768,0.26336590298094165,LOW,RECOVERED
C7275,27532,89,496,DCA_02,0.8763723457077701,0.3560027145497944,MEDIUM,RECOVERED
C7276,7464,125,783,DCA_01,0.8482779934898927,0.23700950005038102,LOW,RECOVERED
C7277,17562,351,801,DCA_01,0.621631718713626,0.42723131884452936,MEDIUM,IN_PROGRESS
C7278,56514,9,788,DCA_02,0.7187908355569022,0.2100045375458649,LOW,RECOVERED
C7279,75219,350,651,DCA_01,0.6645481415218146,0.4572797556196565,MEDIUM,IN_PROGRESS
C7280,33634,84,829,DCA_01,0.5733277915585238,0.18407884504395677,LOW,RECOVERED
C7281,1060,21,533,DCA_02,0.4722110505290265,0.37244247588157287,MEDIUM,RECOVERED
C7282,10269,281,877,DCA_01,0.8016971153381389,0.2986439771676731,LOW,IN_PROGRESS
C7283,64143,358,708,DCA_02,0.4452208438645348,0.48886788713080775,MEDIUM,IN_PROGRESS
C7284,24065,172,575,DCA_02,0.7048136906782208,0.3956222982769676,MEDIUM,RECOVERED
C7285,3895,25,758,DCA_02,0.6971845862553281,0.2318083906380749,LOW,RECOVERED
C7286,81859,103,752,DCA_02,0.5674121692827416,0.28267219801673804,LOW,IN_PROGRESS
C7287,13352,190,712,DCA_01,0.4677042787491124,0.32334776949082966,MEDIUM,IN_PROGRESS
C7288,50737,236,317,DCA_01,0.799818563665295,0.6072697883834034,HIGH,IN_PROGRESS
C7289,97426,313,371,DCA_02,0.630962206058661,0.5739632805341708,MEDIUM,RECOVERED
C7290,33016,37,677,DCA_02,0.7626364457389763,0.3356958026491381,MEDIUM,RECOVERED
C7291,62304,272,654,DCA_01,0.4082429010266677,0.44552719483018377,MEDIUM,RECOVERED
C7292,12962,293,450,DCA_01,0.4372515821385116,0.5516955593036961,MEDIUM,RECOVERED
C7293,34302,332,560,DCA_02,0.4879238422638099,0.5043036055519994,MEDIUM,RECOVERED
C7294,86382,152,379,DCA_01,0.4569190419441563,0.5312452811339547,MEDIUM,IN_PROGRESS
C7295,5011,282,405,DCA_01,0.4958533854808689,0.5443074024087029,MEDIUM,IN_PROGRESS
C7296,20782,20,822,DCA_01,0.7432440341280753,0.22844611943140503,LOW,RECOVERED
C7297,68691,137,702,DCA_01,0.4234985362560939,0.3185045608954269,MEDIUM,RECOVERED
C7298,40725,359,429,DCA_02,0.4189328060535252,0.6102566929699365,HIGH,RECOVERED
C7299,10196,29,470,DCA_01,0.4158260512417773,0.3812711920288574,MEDIUM,IN_PROGRESS
C7300,44459,31,705,DCA_02,0.7488245623037657,0.31201649010414223,MEDIUM,IN_PROGRESS
C7301,88245,19,332,DCA_01,0.6680677361975946,0.465625956031295,MEDIUM,RECOVERED
C7302,79863,148,835,DCA_01,0.585121205834444,0.2607132258077871,LOW,RECOVERED
C7303,33769,283,496,DCA_01,0.7378039540547656,0.4819005555013218,MEDIUM,RECOVERED
C7304,25700,350,345,DCA_02,0.6768021361240751,0.5915382833459263,MEDIUM,IN_PROGRESS
C7305,81356,341,573,DCA_02,0.4036674202880315,0.49795954492045424,MEDIUM,IN_PROGRESS
C7306,77427,300,432,DCA_02,0.8192748724810244,0.5512353756811811,MEDIUM,RECOVERED
C7307,6269,163,563,DCA_02,0.5750921915957028,0.3978618753691001,MEDIUM,RECOVERED
C7308,44880,113,896,DCA_01,0.5997806316144925,0.24587736911939528,LOW,RECOVERED
C7309,9320,150,666,DCA_02,0.7911449774800607,0.33538417730396886,MEDIUM,IN_PROGRESS
C7310,50589,330,304,DCA_01,0.4935454078648014,0.6477848421578456,HIGH,IN_PROGRESS
C7311,77276,255,568,DCA_02,0.4050359277222787,0.42081631785202567,MEDIUM,IN_PROGRESS
C7312,36897,87,720,DCA_02,0.8544191723649527,0.3247418504060414,MEDIUM,RECOVERED
C7313,59565,350,645,DCA_02,0.6527391277709365,0.5799880237462285,MEDIUM,IN_PROGRESS
C7314,31930,98,368,DCA_02,0.5747635650498569,0.4791937251983368,MEDIUM,IN_PROGRESS
C7315,58233,132,657,DCA_02,0.8095227898097703,0.3059415264331531,MEDIUM,RECOVERED
C7316,83821,312,685,DCA_01,0.4131474565976153,0.44082549874659493,MEDIUM,IN_PROGRESS
C7317,15380,97,624,DCA_02,0.5011454105693411,0.3187600266084615,MEDIUM,RECOVERED
C7318,77896,98,780,DCA_01,0.4776440312374431,0.24066378415794143,LOW,IN_PROGRESS
C7319,71934,290,478,DCA_02,0.768915342128035,0.5426339639863011,MEDIUM,IN_PROGRESS
C7320,56830,356,555,DCA_02,0.5560433753414832,0.5986836354576568,MEDIUM,IN_PROGRESS
C7321,6529,227,718,DCA_01,0.7864533727697608,0.30886461389908293,MEDIUM,IN_PROGRESS
C7322,95598,145,510,DCA_01,0.4207382219687975,0.3823239044443767,MEDIUM,IN_PROGRESS
C7323,83987,156,883,DCA_02,0.7040577889000792,0.21441730063306008,LOW,RECOVERED
C7324,50178,270,666,DCA_02,0.5591103621867791,0.37678323301696814,MEDIUM,RECOVERED
C7325,7937,162,876,DCA_01,0.493459967629153,0.2669469449120828,LOW,RECOVERED
C7326,40886,112,465,DCA_02,0.8083824962088795,0.4357232435425885,MEDIUM,IN_PROGRESS
C7327,50699,331,513,DCA_02,0.6061250617982835,0.5150937661658146,MEDIUM,IN_PROGRESS
C7328,77396,185,828,DCA_01,0.6858147986050549,0.26438309173420005,LOW,IN_PROGRESS
C7329,91678,205,472,DCA_02,0.416541921889771,0.5803616623000907,MEDIUM,IN_PROGRESS
C7330,26279,97,428,DCA_02,0.7958122586392151,0.3949738391003852,MEDIUM,RECOVERED
C7331,39106,55,302,DCA_01,0.5434412727693634,0.5077341426313963,MEDIUM,IN_PROGRESS
C7332,80737,117,369,DCA_01,0.7467030688857677,0.43374471406509685,MEDIUM,RECOVERED
C7333,41544,93,351,DCA_01,0.7802372923930472,0.4321492225662007,MEDIUM,IN_PROGRESS
C7334,9997,293,736,DCA_01,0.4585581287364216,0.4472897137034699,MEDIUM,IN_PROGRESS
C7335,86711,204,677,DCA_01,0.5479502819872821,0.3615921194663181,MEDIUM,RECOVERED
C7336,41860,282,393,DCA_01,0.7617200409948229,0.6096393074384621,HIGH,RECOVERED
C7337,4225,189,858,DCA_01,0.5160887737222372,0.2408756729464031,LOW,IN_PROGRESS
C7338,60470,323,886,DCA_02,0.8240869760272737,0.42339922971734945,MEDIUM,IN_PROGRESS
C7339,64656,84,385,DCA_01,0.5559867654415749,0.5202533439089694,MEDIUM,RECOVERED
C7340,52880,180,817,DCA_02,0.6011651037832895,0.24822548006608036,LOW,RECOVERED
C7341,62078,274,729,DCA_02,0.4498716736144044,0.38011863722242734,MEDIUM,IN_PROGRESS
C7342,89646,181,342,DCA_02,0.4738375593046888,0.49228570763538215,MEDIUM,RECOVERED
C7343,77290,181,669,DCA_02,0.5377108141207824,0.34338486636893617,MEDIUM,RECOVERED
C7344,57633,283,703,DCA_01,0.4244544141247254,0.4525909705415836,MEDIUM,RECOVERED
C7345,27655,287,602,DCA_02,0.4965161398730823,0.5162717223768318,MEDIUM,IN_PROGRESS
C7346,44601,106,481,DCA_02,0.6044715133330673,0.36606338540934014,MEDIUM,RECOVERED
C7347,4114,129,468,DCA_02,0.5899811234336245,0.4006304987473339,MEDIUM,RECOVERED
C7348,27502,262,502,DCA_02,0.4993471899134957,0.5034040260779173,MEDIUM,RECOVERED
C7349,50768,11,842,DCA_02,0.4402253419267256,0.1856277627910876,LOW,RECOVERED
C7350,49128,162,401,DCA_01,0.5590739174170287,0.5518464407113186,MEDIUM,IN_PROGRESS
C7351,21028,181,875,DCA_02,0.7726733037996585,0.2885510097161669,LOW,RECOVERED
C7352,56565,213,645,DCA_02,0.6550497860881103,0.3702120779742817,MEDIUM,IN_PROGRESS
C7353,84123,274,741,DCA_02,0.8734019871099639,0.3644938536176767,MEDIUM,RECOVERED
C7354,36333,21,549,DCA_02,0.4699431638718546,0.35793376161330615,MEDIUM,RECOVERED
C7355,4174,275,482,DCA_01,0.5036589723268585,0.5443742050000197,MEDIUM,IN_PROGRESS
C7356,36398,260,601,DCA_02,0.5401497668194984,0.46193167975468785,MEDIUM,RECOVERED
C7357,36929,333,579,DCA_02,0.4065009499065206,0.5790816061610466,MEDIUM,IN_PROGRESS
C7358,5321,116,388,DCA_02,0.8716902392284407,0.487613676275778,MEDIUM,IN_PROGRESS
C7359,96971,25,724,DCA_02,0.622681915721484,0.26842650407416413,LOW,RECOVERED
C7360,56421,333,584,DCA_02,0.6408247386155781,0.5477474949660698,MEDIUM,RECOVERED
C7361,73635,254,429,DCA_01,0.4789287132492942,0.4907806631964673,MEDIUM,IN_PROGRESS
C7362,24760,211,547,DCA_02,0.8363488450537833,0.3633619553244243,MEDIUM,RECOVERED
C7363,12360,305,488,DCA_02,0.7463161183215343,0.5305810621904992,MEDIUM,RECOVERED
C7364,11313,321,390,DCA_02,0.6156804937619551,0.5943165780502724,MEDIUM,IN_PROGRESS
C7365,86998,339,867,DCA_02,0.8389857483230472,0.4150017065707494,MEDIUM,RECOVERED
C7366,6801,257,464,DCA_01,0.852728869132158,0.6062742288215245,HIGH,IN_PROGRESS
C7367,15130,168,847,DCA_01,0.4247402705190293,0.22677588529514792,LOW,RECOVERED
C7368,15271,337,629,DCA_01,0.459662294856439,0.5072852453053663,MEDIUM,IN_PROGRESS
C7369,17075,21,840,DCA_01,0.4138141496781508,0.22528866302299266,LOW,RECOVERED
C7370,19984,86,379,DCA_02,0.6908651235491321,0.4332010696256202,MEDIUM,RECOVERED
C7371,89095,15,468,DCA_02,0.508971930088118,0.4226974910922756,MEDIUM,IN_PROGRESS
C7372,61942,50,844,DCA_01,0.8224640417664961,0.23900202203108722,LOW,IN_PROGRESS
C7373,13861,304,392,DCA_01,0.6329569302587943,0.5884276111271187,MEDIUM,IN_PROGRESS
C7374,99970,305,678,DCA_01,0.8188548731970636,0.472586156213628,MEDIUM,IN_PROGRESS
C7375,83203,196,508,DCA_01,0.677802611731098,0.4434709432794973,MEDIUM,RECOVERED
C7376,72376,364,493,DCA_02,0.7980838985908401,0.5736806662016766,MEDIUM,RECOVERED
C7377,62247,301,563,DCA_01,0.5859275040986187,0.5594912706656592,MEDIUM,RECOVERED
C7378,70101,288,546,DCA_01,0.8726969202732197,0.5064918322319396,MEDIUM,IN_PROGRESS
C7379,21977,245,747,DCA_02,0.7335793612312556,0.3291036610227922,MEDIUM,RECOVERED
C7380,51617,353,820,DCA_01,0.6977452721989696,0.39279186471154015,MEDIUM,RECOVERED
C7381,58473,201,778,DCA_01,0.5761783419120958,0.3580958840811501,MEDIUM,IN_PROGRESS
C7382,87654,193,576,DCA_01,0.8685919894522383,0.3751466056103814,MEDIUM,RECOVERED
C7383,89177,336,428,DCA_02,0.5688672001138386,0.5826521098514337,MEDIUM,RECOVERED
C7384,73902,146,601,DCA_02,0.8179297176130531,0.3537567586896523,MEDIUM,IN_PROGRESS
C7385,93172,310,873,DCA_01,0.6021541079641695,0.3262800940112174,MEDIUM,IN_PROGRESS
C7386,16630,127,813,DCA_02,0.7835920007507975,0.2585245651256487,LOW,RECOVERED
C7387,21056,175,659,DCA_01,0.8559389577903667,0.31724860031332325,MEDIUM,RECOVERED
C7388,8382,134,656,DCA_01,0.6328035584803742,0.31581683747833844,MEDIUM,RECOVERED
C7389,56739,66,765,DCA_02,0.6630676061200493,0.30619167522458246,MEDIUM,IN_PROGRESS
C7390,82685,279,471,DCA_02,0.5651714529663927,0.537530322061326,MEDIUM,IN_PROGRESS
C7391,49639,246,387,DCA_01,0.4273478363875876,0.5825349100034649,MEDIUM,IN_PROGRESS
C7392,60838,363,799,DCA_02,0.72624059899086,0.39063936512607245,MEDIUM,RECOVERED
C7393,47041,237,382,DCA_01,0.4598212622695278,0.5975301608746694,MEDIUM,IN_PROGRESS
C7394,1992,171,816,DCA_02,0.577029464347822,0.3378845576408942,MEDIUM,RECOVERED
C7395,73394,51,850,DCA_01,0.5747469549282048,0.2201248776063911,LOW,RECOVERED
C7396,68657,328,621,DCA_02,0.4755019097372873,0.4716848674128816,MEDIUM,IN_PROGRESS
C7397,28160,359,764,DCA_01,0.7333551579571025,0.44316061428249665,MEDIUM,RECOVERED
C7398,46156,153,886,DCA_01,0.4872996654093461,0.21717384358232272,LOW,RECOVERED
C7399,52375,80,440,DCA_01,0.7891681745898724,0.40882951572897464,MEDIUM,IN_PROGRESS
C7400,87442,145,854,DCA_01,0.5246395357502758,0.2963912250756644,LOW,IN_PROGRESS
C7401,20572,274,435,DCA_01,0.5436437430145573,0.570162426457709,MEDIUM,IN_PROGRESS
C7402,5136,155,629,DCA_02,0.5718641510266655,0.41980182391687515,MEDIUM,RECOVERED
C7403,62868,337,694,DCA_02,0.4763762804426278,0.5259976467862569,MEDIUM,RECOVERED
C7404,83263,363,455,DCA_01,0.6171322433118589,0.5910914144712778,MEDIUM,IN_PROGRESS
C7405,33167,325,338,DCA_01,0.4401625621116149,0.6717119743355373,HIGH,IN_PROGRESS
C7406,16479,336,581,DCA_02,0.6135580423490898,0.5088155116094795,MEDIUM,RECOVERED
C7407,32376,143,837,DCA_01,0.5699560662170298,0.2516506461491277,LOW,RECOVERED
C7408,5823,298,843,DCA_01,0.5691327236050487,0.32408388874523075,MEDIUM,RECOVERED
C7409,71456,34,345,DCA_02,0.7303371259226619,0.5199092119734601,MEDIUM,IN_PROGRESS
C7410,20585,304,543,DCA_02,0.7845114372391258,0.5112247865474038,MEDIUM,RECOVERED
C7411,18272,239,846,DCA_01,0.5779992611276302,0.3249851630485142,MEDIUM,RECOVERED
C7412,27619,138,749,DCA_01,0.5310073460299917,0.3225346699789903,MEDIUM,RECOVERED
C7413,76069,254,577,DCA_02,0.6471747173615052,0.4350814215326121,MEDIUM,RECOVERED
C7414,40895,5,705,DCA_02,0.7938595377373333,0.25877282750455755,LOW,RECOVERED
C7415,4720,176,345,DCA_01,0.7222864756600293,0.48397268299925755,MEDIUM,RECOVERED
C7416,20267,214,819,DCA_02,0.4190006738878122,0.3457131273133296,MEDIUM,IN_PROGRESS
C7417,16696,364,570,DCA_01,0.6399647618726052,0.44910211236681163,MEDIUM,IN_PROGRESS
C7418,30968,23,855,DCA_01,0.8954825318212716,0.1827159646805817,LOW,RECOVERED
C7419,54364,318,537,DCA_01,0.5765637638404413,0.5702392752107722,MEDIUM,IN_PROGRESS
C7420,24345,13,466,DCA_02,0.6203584006972639,0.3958322048996179,MEDIUM,RECOVERED
C7421,52567,241,675,DCA_02,0.543703365709369,0.36367149388260556,MEDIUM,RECOVERED
C7422,92229,276,887,DCA_02,0.6488473447959135,0.38787009778432224,MEDIUM,RECOVERED
C7423,62607,92,500,DCA_02,0.4804606612845217,0.4324492278818749,MEDIUM,IN_PROGRESS
C7424,20385,108,531,DCA_01,0.5235068199778804,0.36869352688656776,MEDIUM,RECOVERED
C7425,84658,229,745,DCA_02,0.7558681541993874,0.3868832634226327,MEDIUM,IN_PROGRESS
C7426,67900,152,717,DCA_02,0.4691433968432017,0.35222041263604964,MEDIUM,IN_PROGRESS
C7427,69244,108,453,DCA_02,0.8630718818204804,0.45747079833120563,MEDIUM,RECOVERED
C7428,66425,289,667,DCA_01,0.553980204248977,0.4103111142194399,MEDIUM,IN_PROGRESS
C7429,79518,176,386,DCA_02,0.6875125484593201,0.5702259632836515,MEDIUM,IN_PROGRESS
C7430,83844,320,829,DCA_01,0.5609153387832541,0.3403119841982498,MEDIUM,RECOVERED
C7431,33919,286,353,DCA_01,0.6390153878874041,0.5693971460088971,MEDIUM,RECOVERED
C7432,91697,364,341,DCA_02,0.8519006640240013,0.6203756089550171,HIGH,IN_PROGRESS
C7433,58196,329,648,DCA_01,0.4342886409235622,0.47613756044063604,MEDIUM,RECOVERED
C7434,80401,241,529,DCA_02,0.828171313353704,0.41786924192344754,MEDIUM,IN_PROGRESS
C7435,1495,145,735,DCA_01,0.678786843377544,0.3115369146887693,MEDIUM,IN_PROGRESS
C7436,45755,356,440,DCA_02,0.7325356293436858,0.5594861782772396,MEDIUM,IN_PROGRESS
C7437,68684,14,587,DCA_01,0.4279435333968326,0.274268402062816,LOW,RECOVERED
C7438,34324,275,621,DCA_01,0.7806995586592198,0.5400068196198572,MEDIUM,RECOVERED
C7439,79929,71,893,DCA_02,0.4638892073552433,0.22350150847763506,LOW,IN_PROGRESS
C7440,2552,315,741,DCA_01,0.8824105898950305,0.49868557504551647,MEDIUM,RECOVERED
C7441,52272,195,466,DCA_01,0.7996436381233228,0.4913571750306912,MEDIUM,IN_PROGRESS
C7442,36853,353,865,DCA_02,0.6464339894192076,0.36538973863907476,MEDIUM,RECOVERED
C7443,33924,300,762,DCA_01,0.8620834786150431,0.3842851202605484,MEDIUM,RECOVERED
C7444,75462,11,755,DCA_01,0.4845366410823607,0.2317811811292263,LOW,IN_PROGRESS
C7445,97387,106,372,DCA_02,0.8958319819391884,0.47949078173521564,MEDIUM,RECOVERED
C7446,24889,258,569,DCA_02,0.7584095225053732,0.4430648606097838,MEDIUM,RECOVERED
C7447,55675,196,518,DCA_02,0.4491889568096213,0.4375679368801839,MEDIUM,RECOVERED
C7448,74591,145,846,DCA_01,0.6682957520690842,0.21435429150586893,LOW,RECOVERED
C7449,71190,220,482,DCA_02,0.7554381842311992,0.473059366738777,MEDIUM,RECOVERED
C7450,23634,350,377,DCA_01,0.7065111308391265,0.618660133841478,HIGH,IN_PROGRESS
C7451,33363,174,607,DCA_01,0.6119746994712401,0.4132561755982549,MEDIUM,RECOVERED
C7452,64752,216,627,DCA_02,0.5240714279812774,0.3644283920732544,MEDIUM,RECOVERED
C7453,78004,93,720,DCA_02,0.5191147466887959,0.2974042963834135,LOW,RECOVERED
C7454,57398,260,535,DCA_02,0.8634751857311251,0.48081186412167853,MEDIUM,RECOVERED
C7455,99458,63,888,DCA_01,0.5173703753415028,0.2652958482262493,LOW,RECOVERED
C7456,41718,29,761,DCA_02,0.8812025170266135,0.2609458402593853,LOW,RECOVERED
C7457,83916,275,884,DCA_02,0.5051129423212699,0.337173107060717,MEDIUM,IN_PROGRESS
C7458,27870,347,838,DCA_02,0.5921418893614809,0.3255431190648379,MEDIUM,RECOVERED
C7459,38394,285,337,DCA_02,0.4061617132083461,0.6593981361393833,HIGH,IN_PROGRESS
C7460,53057,70,725,DCA_02,0.8515719696984221,0.2949551595931027,LOW,IN_PROGRESS
C7461,80795,279,897,DCA_01,0.452175837666007,0.30499405986814176,MEDIUM,RECOVERED
C7462,81409,231,733,DCA_01,0.5786646297110354,0.41301020152132895,MEDIUM,IN_PROGRESS
C7463,14016,302,658,DCA_01,0.8212591071626314,0.45761706799912183,MEDIUM,RECOVERED
C7464,43137,255,330,DCA_01,0.795948969373976,0.5294800505952415,MEDIUM,RECOVERED
C7465,1153,172,504,DCA_02,0.8207505100356296,0.37754229905835257,MEDIUM,RECOVERED
C7466,8853,180,480,DCA_01,0.8570537953874766,0.5045957585322296,MEDIUM,RECOVERED
C7467,13379,264,339,DCA_02,0.8555353943248497,0.6431308314971118,HIGH,IN_PROGRESS
C7468,16792,183,722,DCA_01,0.7852495822269545,0.3602398978194209,MEDIUM,RECOVERED
C7469,39367,322,456,DCA_01,0.69121183221506,0.6047422336722155,HIGH,RECOVERED
C7470,19100,205,467,DCA_01,0.6807746333190557,0.45370102223051934,MEDIUM,RECOVERED
C7471,64456,249,381,DCA_02,0.4064597673166464,0.5800283367930328,MEDIUM,RECOVERED
C7472,12049,213,899,DCA_01,0.7612851340298481,0.24368109346460043,LOW,RECOVERED
C7473,1786,159,401,DCA_02,0.5133383576196677,0.4812918015292378,MEDIUM,IN_PROGRESS
C7474,70904,100,388,DCA_01,0.8143487094466979,0.4965892165051481,MEDIUM,IN_PROGRESS
C7475,31699,317,644,DCA_01,0.6769020425796107,0.4926440369101388,MEDIUM,RECOVERED
C7476,48691,112,609,DCA_02,0.893623939949391,0.39538760542904916,MEDIUM,RECOVERED
C7477,38040,308,739,DCA_01,0.5051367420521763,0.37024006608400895,MEDIUM,RECOVERED
C7478,93990,166,458,DCA_01,0.7617326806134345,0.46596269684804204,MEDIUM,RECOVERED
C7479,58986,36,413,DCA_02,0.6737668842546605,0.38653891104503013,MEDIUM,IN_PROGRESS
C7480,39762,112,835,DCA_02,0.8659034222966935,0.2703173256675724,LOW,RECOVERED
C7481,24600,87,462,DCA_01,0.5329968541059557,0.4201040110154207,MEDIUM,IN_PROGRESS
C7482,95774,183,585,DCA_02,0.4297187987902267,0.4630235092121193,MEDIUM,RECOVERED
C7483,91777,85,354,DCA_01,0.6719328166513547,0.45431654910985086,MEDIUM,RECOVERED
C7484,20810,269,875,DCA_01,0.6608065105204457,0.3407569028344958,MEDIUM,RECOVERED
C7485,86703,165,332,DCA_02,0.55585360999698,0.6033566000305879,HIGH,IN_PROGRESS
C7486,88347,303,857,DCA_02,0.893268898841854,0.35581323150942956,MEDIUM,RECOVERED
C7487,58204,90,495,DCA_01,0.4348557120770627,0.36204334732113763,MEDIUM,RECOVERED
C7488,21085,238,747,DCA_02,0.6847600489750255,0.44755273514770477,MEDIUM,IN_PROGRESS
C7489,47854,22,890,DCA_02,0.5301084559353715,0.1565425173772631,LOW,RECOVERED
C7490,75797,167,391,DCA_01,0.4009560058284784,0.5847261252112359,MEDIUM,IN_PROGRESS
C7491,85269,215,527,DCA_02,0.8939245687424855,0.4025261745350226,MEDIUM,RECOVERED
C7492,40779,58,585,DCA_01,0.6408064183545173,0.3248751416416308,MEDIUM,RECOVERED
C7493,57207,30,534,DCA_02,0.8285952467480906,0.31350304109813265,MEDIUM,RECOVERED
C7494,95615,106,401,DCA_02,0.8200336198255676,0.4624087007565798,MEDIUM,RECOVERED
C7495,34980,330,439,DCA_02,0.8061391833320847,0.6354811356445185,HIGH,IN_PROGRESS
C7496,57117,167,565,DCA_02,0.6295086263740638,0.4445083094787369,MEDIUM,RECOVERED
C7497,15141,350,641,DCA_02,0.8479631589275112,0.40223131568207604,MEDIUM,RECOVERED
C7498,10344,154,872,DCA_02,0.5836361145257551,0.29196225403400444,LOW,RECOVERED
C7499,16896,327,834,DCA_01,0.6041934591338518,0.353703384848585,MEDIUM,RECOVERED
C7500,90353,7,822,DCA_01,0.5278525979253837,0.21966071279385035,LOW,RECOVERED
C7501,30813,197,315,DCA_01,0.6240425379512905,0.5722341710789971,MEDIUM,RECOVERED
C7502,85431,321,860,DCA_02,0.893250101405705,0.3740094733728131,MEDIUM,RECOVERED
C7503,66679,46,635,DCA_01,0.6866203311267969,0.2883497314585719,LOW,RECOVERED
C7504,11681,18,689,DCA_01,0.8155488747597828,0.26315913084596965,LOW,RECOVERED
C7505,73903,153,469,DCA_02,0.5316714587726228,0.4577805498040244,MEDIUM,RECOVERED
C7506,4228,264,418,DCA_02,0.8779603459297616,0.6226066682795346,HIGH,IN_PROGRESS
C7507,5582,74,341,DCA_02,0.4065866093585979,0.5303513117771963,MEDIUM,RECOVERED
C7508,79683,145,309,DCA_02,0.8651226094574959,0.5611718128205777,MEDIUM,RECOVERED
C7509,12397,102,729,DCA_01,0.8490019451527753,0.2751448072692412,LOW,RECOVERED
C7510,39799,335,767,DCA_01,0.4336781082201124,0.42487354792244003,MEDIUM,IN_PROGRESS
C7511,38011,335,348,DCA_02,0.7024233636548329,0.5927744465835585,MEDIUM,IN_PROGRESS
C7512,80183,121,506,DCA_02,0.7926220262328096,0.40800132967160263,MEDIUM,IN_PROGRESS
C7513,94254,176,813,DCA_01,0.6019039404715867,0.28314890185679964,LOW,IN_PROGRESS
C7514,45264,63,879,DCA_01,0.4459286570010267,0.2716615442161202,LOW,RECOVERED
C7515,43317,296,509,DCA_01,0.8146999637625156,0.5283933057273564,MEDIUM,RECOVERED
C7516,48914,84,438,DCA_02,0.6332491587713467,0.4575227535679113,MEDIUM,IN_PROGRESS
C7517,85633,15,336,DCA_02,0.5316250507084512,0.39746230993152065,MEDIUM,IN_PROGRESS
C7518,46254,355,517,DCA_01,0.4354277202145778,0.5835842125294499,MEDIUM,IN_PROGRESS
C7519,41096,134,755,DCA_02,0.7200859223101435,0.2937298052747652,LOW,IN_PROGRESS
C7520,54785,121,811,DCA_02,0.4211509305362863,0.2991760187204431,LOW,IN_PROGRESS
C7521,53344,319,577,DCA_02,0.795546932092015,0.48419387203681175,MEDIUM,IN_PROGRESS
C7522,83643,128,479,DCA_02,0.785376002155681,0.5028076244037893,MEDIUM,RECOVERED
C7523,69546,288,816,DCA_02,0.5614713504677484,0.3448026730367326,MEDIUM,IN_PROGRESS
C7524,72091,301,429,DCA_01,0.6361436709374297,0.6484081020669688,HIGH,RECOVERED
C7525,66603,180,658,DCA_02,0.7346098029076736,0.4182578192830916,MEDIUM,RECOVERED
C7526,29412,82,303,DCA_02,0.87956192803196,0.5166815031067589,MEDIUM,IN_PROGRESS
C7527,52658,13,898,DCA_02,0.6600755124984795,0.24726812178684654,LOW,RECOVERED
C7528,50549,24,857,DCA_01,0.8983398695768883,0.1897428647355227,LOW,RECOVERED
C7529,12549,168,382,DCA_02,0.5625528944108845,0.4191402437475046,MEDIUM,RECOVERED
C7530,72216,270,453,DCA_01,0.6632459733068802,0.5202832938100997,MEDIUM,RECOVERED
C7531,26739,70,805,DCA_01,0.4578077790083523,0.26234482280620086,LOW,RECOVERED
C7532,22209,318,808,DCA_01,0.678219787036186,0.3612378331618311,MEDIUM,RECOVERED
C7533,88968,89,396,DCA_02,0.6681566547807173,0.4536008195057608,MEDIUM,RECOVERED
C7534,16116,189,581,DCA_01,0.8244069572290201,0.44491358935261227,MEDIUM,IN_PROGRESS
C7535,21045,257,899,DCA_02,0.8982757921260699,0.2954676635987252,LOW,RECOVERED
C7536,27327,217,898,DCA_02,0.8930890562101234,0.24570652792959902,LOW,RECOVERED
C7537,36709,32,837,DCA_01,0.5181505978425646,0.23730613655414,LOW,IN_PROGRESS
C7538,44617,141,728,DCA_01,0.5692227768312262,0.2898446268413326,LOW,IN_PROGRESS
C7539,61139,161,842,DCA_02,0.5373285001639758,0.29033572411317343,LOW,IN_PROGRESS
C7540,27905,32,425,DCA_02,0.4998397756686872,0.37847704994916065,MEDIUM,RECOVERED
C7541,65148,312,600,DCA_01,0.4750680066082083,0.48139696082975025,MEDIUM,RECOVERED
C7542,73603,152,842,DCA_02,0.6558720062839323,0.2863083119167432,LOW,RECOVERED
C7543,99095,347,666,DCA_01,0.8362493911984517,0.5030320328819384,MEDIUM,IN_PROGRESS
C7544,43919,260,344,DCA_01,0.694933784130398,0.6510038427576552,HIGH,IN_PROGRESS
C7545,84521,216,792,DCA_01,0.8363318251434324,0.3568999765731826,MEDIUM,RECOVERED
C7546,93905,279,615,DCA_01,0.8797473139584953,0.47637522370122665,MEDIUM,RECOVERED
C7547,84400,285,488,DCA_01,0.5915707104775507,0.48272603920894885,MEDIUM,IN_PROGRESS
C7548,89150,98,351,DCA_01,0.8178339033585614,0.4732037697629575,MEDIUM,RECOVERED
C7549,59446,30,863,DCA_02,0.4261676094698721,0.19199062343391216,LOW,RECOVERED
C7550,53428,90,631,DCA_02,0.6405365763441083,0.32501370150658115,MEDIUM,IN_PROGRESS
C7551,48894,148,798,DCA_02,0.5841482603669357,0.288712693071971,LOW,IN_PROGRESS
C7552,82149,144,617,DCA_02,0.5024259430821163,0.33650711382449694,MEDIUM,RECOVERED
C7553,7447,67,709,DCA_02,0.619196404821671,0.21542054197598348,LOW,RECOVERED
C7554,6499,357,622,DCA_02,0.621851267706172,0.5262046988396929,MEDIUM,IN_PROGRESS
C7555,40041,58,890,DCA_02,0.8042697964633913,0.23984958931144562,LOW,RECOVERED
C7556,32315,281,860,DCA_02,0.8344593058353558,0.2972523757483889,LOW,RECOVERED
C7557,2299,279,529,DCA_01,0.7284752121615108,0.5646872525620117,MEDIUM,RECOVERED
C7558,5994,236,643,DCA_01,0.7166940787232803,0.4782683037982167,MEDIUM,RECOVERED
C7559,96414,353,670,DCA_01,0.4550911919063684,0.4639261095617172,MEDIUM,RECOVERED
C7560,82163,128,855,DCA_01,0.6876309060503352,0.2950318920451288,LOW,RECOVERED
C7561,8489,337,591,DCA_01,0.53722238403298,0.451881140132259,MEDIUM,RECOVERED
C7562,92647,209,736,DCA_01,0.5473813640547076,0.37709390219537153,MEDIUM,IN_PROGRESS
C7563,33355,186,546,DCA_01,0.4473873261320457,0.4439573314525087,MEDIUM,RECOVERED
C7564,74805,169,518,DCA_02,0.7179340764435398,0.5066888929526704,MEDIUM,RECOVERED
C7565,69367,172,833,DCA_01,0.6919042047587339,0.3669693603497136,MEDIUM,RECOVERED
C7566,78355,260,818,DCA_01,0.5101362835824303,0.2908474438933536,LOW,RECOVERED
C7567,91349,205,771,DCA_02,0.5315184617769841,0.4224250861669593,MEDIUM,RECOVERED
C7568,88173,135,649,DCA_01,0.7865005930307281,0.3746972116761913,MEDIUM,RECOVERED
C7569,2996,46,343,DCA_01,0.7964666818154442,0.39213045747082487,MEDIUM,RECOVERED
C7570,45387,9,364,DCA_02,0.6465423240269068,0.38533509669568844,MEDIUM,RECOVERED
C7571,4089,161,545,DCA_02,0.4745013478128823,0.4357949412743942,MEDIUM,IN_PROGRESS
C7572,99827,289,884,DCA_02,0.4277961905408723,0.3186772438750801,MEDIUM,RECOVERED
C7573,21659,340,370,DCA_01,0.5357344315492212,0.6253410554501009,HIGH,RECOVERED
C7574,46178,321,457,DCA_01,0.7655928914469549,0.5838077568926223,MEDIUM,IN_PROGRESS
C7575,96965,106,774,DCA_01,0.700408316169392,0.32917499998694755,MEDIUM,RECOVERED
C7576,82268,290,324,DCA_01,0.7590533843777085,0.6515903166758739,HIGH,RECOVERED
C7577,86042,341,882,DCA_02,0.6358739903991348,0.3708468710047109,MEDIUM,RECOVERED
C7578,71726,88,522,DCA_02,0.7773529410135472,0.4616994458479873,MEDIUM,RECOVERED
C7579,71111,192,459,DCA_01,0.6404028971343169,0.47852632161963904,MEDIUM,RECOVERED
C7580,35565,153,374,DCA_01,0.4420073763412885,0.49057972370802794,MEDIUM,IN_PROGRESS
C7581,90242,311,437,DCA_02,0.4399291476966322,0.5846953500052636,MEDIUM,RECOVERED
C7582,23884,137,778,DCA_01,0.8157513596213481,0.3171858248383348,MEDIUM,IN_PROGRESS
C7583,18199,273,852,DCA_01,0.7148121671029213,0.3262328300098296,MEDIUM,IN_PROGRESS
C7584,61038,149,602,DCA_02,0.5395635295552054,0.356273528970965,MEDIUM,RECOVERED
C7585,58786,188,686,DCA_01,0.7785877190209235,0.3280862735432236,MEDIUM,RECOVERED
C7586,50294,141,771,DCA_01,0.467867653791634,0.30027277249378603,MEDIUM,IN_PROGRESS
C7587,79015,131,633,DCA_01,0.722621729604529,0.36865786479312945,MEDIUM,RECOVERED
C7588,35178,4,608,DCA_01,0.8947429748805841,0.27368938870287984,LOW,RECOVERED
C7589,13665,263,827,DCA_01,0.4750097731746985,0.3601816905255014,MEDIUM,IN_PROGRESS
C7590,1534,26,839,DCA_01,0.4709724376261276,0.18785150421547636,LOW,RECOVERED
C7591,92828,24,462,DCA_01,0.633917205587677,0.37834205893064854,MEDIUM,RECOVERED
C7592,37132,266,354,DCA_02,0.7213307042001886,0.5841935373730391,MEDIUM,IN_PROGRESS
C7593,37110,229,754,DCA_01,0.4132731681499715,0.3345466967158728,MEDIUM,RECOVERED
C7594,59754,269,604,DCA_01,0.649835455980742,0.386426672374399,MEDIUM,RECOVERED
C7595,64580,125,401,DCA_02,0.4415851758776438,0.47082833249448786,MEDIUM,RECOVERED
C7596,23469,172,853,DCA_01,0.5206618884014054,0.2201780885064275,LOW,RECOVERED
C7597,65016,234,687,DCA_01,0.7561988098955683,0.3150924100085718,MEDIUM,RECOVERED
C7598,47233,295,507,DCA_01,0.76943247378838,0.525827813551385,MEDIUM,IN_PROGRESS
C7599,67708,275,614,DCA_01,0.7648662252849456,0.5057909839107882,MEDIUM,IN_PROGRESS
C7600,59232,76,348,DCA_02,0.4325731670243863,0.557028255957108,MEDIUM,RECOVERED
C7601,94450,308,871,DCA_02,0.7933815543701879,0.3652561572649565,MEDIUM,IN_PROGRESS
C7602,87437,214,817,DCA_01,0.6161035024385847,0.3639380529184887,MEDIUM,IN_PROGRESS
C7603,35409,158,447,DCA_01,0.6376547900255726,0.43548425255609824,MEDIUM,RECOVERED
C7604,20324,302,510,DCA_02,0.6098452364527482,0.5826493623368713,MEDIUM,IN_PROGRESS
C7605,9738,204,671,DCA_02,0.8285111875046072,0.41823593125418634,MEDIUM,RECOVERED
C7606,25054,149,896,DCA_02,0.7399851815396665,0.2543903595155854,LOW,IN_PROGRESS
C7607,30709,75,346,DCA_01,0.650012920845226,0.4334375153583606,MEDIUM,IN_PROGRESS
C7608,86643,229,798,DCA_02,0.8171435109631063,0.2748426677415938,LOW,IN_PROGRESS
C7609,1363,304,454,DCA_02,0.8026817482014363,0.620484320509411,HIGH,IN_PROGRESS
C7610,11358,62,529,DCA_02,0.4025220819197982,0.44636570802174214,MEDIUM,IN_PROGRESS
C7611,4240,58,599,DCA_01,0.6394399823125472,0.30324950087216174,MEDIUM,IN_PROGRESS
C7612,73201,274,457,DCA_01,0.4211230547939066,0.5332354132400936,MEDIUM,IN_PROGRESS
C7613,46689,108,546,DCA_02,0.5535932408086912,0.4504914801480311,MEDIUM,IN_PROGRESS
C7614,2936,187,867,DCA_01,0.8019186717312556,0.25106169297568437,LOW,RECOVERED
C7615,92074,229,450,DCA_02,0.8720261760539652,0.5059212093128889,MEDIUM,RECOVERED
C7616,44965,48,598,DCA_02,0.5210333303422617,0.3307505898608546,MEDIUM,IN_PROGRESS
C7617,78534,319,353,DCA_01,0.4107125744174304,0.6876793371455864,HIGH,IN_PROGRESS
C7618,1882,268,522,DCA_01,0.6011681718871075,0.5065215337233016,MEDIUM,RECOVERED
C7619,21224,215,879,DCA_02,0.5675594193399193,0.28573574677744373,LOW,RECOVERED
C7620,31825,290,864,DCA_01,0.7384830913644205,0.3171729979929375,MEDIUM,RECOVERED
C7621,71740,254,766,DCA_01,0.6475288362242013,0.366040768607239,MEDIUM,RECOVERED
C7622,29885,358,785,DCA_02,0.5994236317357691,0.4340007087671386,MEDIUM,IN_PROGRESS
C7623,41056,87,851,DCA_02,0.5147777988534166,0.23393179718527013,LOW,IN_PROGRESS
C7624,4203,181,743,DCA_02,0.814240199291848,0.3101772692199918,MEDIUM,RECOVERED
C7625,61241,25,437,DCA_02,0.5241946434031151,0.4137309729420452,MEDIUM,IN_PROGRESS
C7626,3244,222,591,DCA_02,0.4273674895217693,0.4612878285860965,MEDIUM,IN_PROGRESS
C7627,99322,49,509,DCA_02,0.6823052542320055,0.4370433732455643,MEDIUM,RECOVERED
C7628,69619,334,510,DCA_01,0.5586743731049157,0.5552343081514319,MEDIUM,RECOVERED
C7629,22584,175,687,DCA_02,0.7562175687199058,0.43763766922054503,MEDIUM,IN_PROGRESS
C7630,9521,311,695,DCA_02,0.4404358342129177,0.42247618176924884,MEDIUM,RECOVERED
C7631,51017,274,423,DCA_02,0.8831537822126152,0.5711200557915597,MEDIUM,RECOVERED
C7632,34541,35,860,DCA_01,0.4934290078017079,0.19641278450780275,LOW,IN_PROGRESS
C7633,30063,217,423,DCA_02,0.5785284486532447,0.5418858405128797,MEDIUM,IN_PROGRESS
C7634,71268,209,367,DCA_01,0.6404774800258864,0.5463678341092875,MEDIUM,RECOVERED
C7635,65952,160,774,DCA_01,0.8450587544122203,0.28001159729533687,LOW,RECOVERED
C7636,94054,7,657,DCA_01,0.7612704433328862,0.21390393281941367,LOW,RECOVERED
C7637,40563,269,755,DCA_01,0.4724142323471652,0.3024733656016376,MEDIUM,RECOVERED
C7638,40752,126,645,DCA_02,0.619306812473406,0.32975379532991744,MEDIUM,RECOVERED
C7639,96233,325,820,DCA_02,0.6714559324962411,0.4755335168380278,MEDIUM,RECOVERED
C7640,3567,356,797,DCA_02,0.7510628621400168,0.3664872180139941,MEDIUM,RECOVERED
C7641,17121,90,627,DCA_01,0.6859071657986701,0.35908444419007424,MEDIUM,RECOVERED
C7642,2674,42,629,DCA_01,0.6286674433393385,0.24127324221936808,LOW,RECOVERED
C7643,77411,159,865,DCA_01,0.7827738248139849,0.3153559089876,MEDIUM,RECOVERED
C7644,67275,202,726,DCA_01,0.5890288142383269,0.36014459322334713,MEDIUM,RECOVERED
C7645,68081,282,742,DCA_01,0.8935863539707182,0.41633018614158857,MEDIUM,RECOVERED
C7646,30140,332,900,DCA_02,0.8738912541104311,0.28990572071391063,LOW,RECOVERED
C7647,10327,288,394,DCA_02,0.7536902022991401,0.5590773286134569,MEDIUM,IN_PROGRESS
C7648,71663,91,750,DCA_01,0.8413059621008934,0.35774791881767054,MEDIUM,IN_PROGRESS
C7649,24331,125,616,DCA_02,0.5965877580351828,0.4204411293637501,MEDIUM,IN_PROGRESS
C7650,24004,126,786,DCA_02,0.6907351105989892,0.31750137064527284,MEDIUM,RECOVERED
C7651,11492,52,876,DCA_01,0.5363275820154632,0.21395871684792633,LOW,RECOVERED
C7652,55797,103,304,DCA_02,0.8428196516907838,0.4840851935702537,MEDIUM,RECOVERED
C7653,59095,361,670,DCA_02,0.6355125190974855,0.4319039219897921,MEDIUM,IN_PROGRESS
C7654,14749,187,854,DCA_01,0.668071805939835,0.2756526044075056,LOW,IN_PROGRESS
C7655,64217,205,487,DCA_02,0.8322837323034679,0.5565379757442301,MEDIUM,RECOVERED
C7656,90044,14,325,DCA_01,0.7986392539596667,0.43537310360692916,MEDIUM,RECOVERED
C7657,10045,104,461,DCA_02,0.5608715991759358,0.4333766257241606,MEDIUM,RECOVERED
C7658,21116,117,429,DCA_01,0.4437138017789918,0.37521010228827345,MEDIUM,RECOVERED
C7659,19667,304,832,DCA_01,0.4810466010065307,0.4468264965953822,MEDIUM,IN_PROGRESS
C7660,76057,93,709,DCA_01,0.5695479266198282,0.31013101009414723,MEDIUM,RECOVERED
C7661,75205,144,887,DCA_01,0.5526454149157819,0.22280656695163625,LOW,RECOVERED
C7662,28302,110,372,DCA_01,0.4191552746289652,0.40973422223365286,MEDIUM,RECOVERED
C7663,12283,163,532,DCA_01,0.6160325699524315,0.5109384115804348,MEDIUM,RECOVERED
C7664,31935,53,405,DCA_02,0.4529251684349892,0.33859811259992956,MEDIUM,RECOVERED
C7665,73534,3,308,DCA_02,0.5104448597378494,0.4249451604618917,MEDIUM,RECOVERED
C7666,95342,68,349,DCA_02,0.7937415887109415,0.5333520920165091,MEDIUM,RECOVERED
C7667,32624,246,821,DCA_02,0.6474397735861921,0.3320183095060961,MEDIUM,RECOVERED
C7668,14440,138,741,DCA_01,0.5864765279133823,0.2953383929225164,LOW,IN_PROGRESS
C7669,47501,308,889,DCA_02,0.4927176671319339,0.37170927491765815,MEDIUM,RECOVERED
C7670,88333,352,335,DCA_02,0.8331400532037181,0.6833402842572336,HIGH,IN_PROGRESS
C7671,2269,287,501,DCA_02,0.8518448911799431,0.5161530049116232,MEDIUM,IN_PROGRESS
C7672,8868,66,417,DCA_02,0.6593390085974313,0.4328223604446234,MEDIUM,IN_PROGRESS
C7673,31251,347,468,DCA_02,0.8606373586245188,0.5705182904379951,MEDIUM,IN_PROGRESS
C7674,78909,325,811,DCA_02,0.6323944812641353,0.4442659378893429,MEDIUM,IN_PROGRESS
C7675,85523,155,529,DCA_01,0.4536212368002594,0.377804024602862,MEDIUM,IN_PROGRESS
C7676,39729,87,859,DCA_02,0.408519788026486,0.27416588895715444,LOW,IN_PROGRESS
C7677,16734,33,449,DCA_01,0.4641889030667498,0.35218799133164147,MEDIUM,IN_PROGRESS
C7678,43429,68,507,DCA_01,0.7113281665099029,0.3701135781512159,MEDIUM,RECOVERED
C7679,42337,187,360,DCA_01,0.5604525984851291,0.47885428566428445,MEDIUM,RECOVERED
C7680,41325,192,416,DCA_02,0.7241545016349367,0.49742660056806776,MEDIUM,IN_PROGRESS
C7681,84600,213,538,DCA_02,0.6539880616220685,0.5494164183964775,MEDIUM,RECOVERED
C7682,63514,88,347,DCA_02,0.5665062873855031,0.47974678489152767,MEDIUM,RECOVERED
C7683,9433,351,747,DCA_01,0.5093398997491799,0.4025268791030031,MEDIUM,RECOVERED
C7684,10111,108,767,DCA_01,0.4405218719047259,0.2756953665373655,LOW,IN_PROGRESS
C7685,64753,240,592,DCA_02,0.7911955306899336,0.45180458700024295,MEDIUM,IN_PROGRESS
C7686,81583,216,724,DCA_02,0.8095020905827286,0.30760581962508704,MEDIUM,RECOVERED
C7687,74620,177,816,DCA_02,0.6707254065880056,0.283188031349501,LOW,RECOVERED
C7688,22751,53,504,DCA_02,0.4785473364073945,0.37144906299798974,MEDIUM,IN_PROGRESS
C7689,17453,330,479,DCA_02,0.5317645230531278,0.5739337682097732,MEDIUM,RECOVERED
C7690,86844,49,828,DCA_02,0.8775726217457995,0.2441556643114431,LOW,RECOVERED
C7691,39968,114,389,DCA_01,0.5129703968962742,0.483478216303335,MEDIUM,RECOVERED
C7692,31077,95,799,DCA_01,0.4284024002539374,0.2784564487087702,LOW,RECOVERED
C7693,35775,25,407,DCA_02,0.6750247359562548,0.40523838147541036,MEDIUM,RECOVERED
C7694,59144,132,489,DCA_01,0.5309569787762863,0.34838211103306094,MEDIUM,RECOVERED
C7695,49570,179,479,DCA_02,0.8787174514027292,0.49969141972896836,MEDIUM,IN_PROGRESS
C7696,47097,145,319,DCA_01,0.6873839472110268,0.4746634478288876,MEDIUM,RECOVERED
C7697,25503,364,658,DCA_02,0.8829073673521505,0.5340961132092608,MEDIUM,IN_PROGRESS
C7698,3779,198,306,DCA_02,0.7927883148894808,0.545271674702674,MEDIUM,IN_PROGRESS
C7699,87840,325,621,DCA_01,0.7615424028081133,0.5016114294240346,MEDIUM,RECOVERED
C7700,1755,84,567,DCA_01,0.8151822916933654,0.38633809114622486,MEDIUM,RECOVERED
C7701,40263,157,726,DCA_02,0.7024427670392754,0.3052932373876104,MEDIUM,RECOVERED
C7702,56087,85,595,DCA_01,0.4055606465938316,0.31156372044950176,MEDIUM,IN_PROGRESS
C7703,43281,253,812,DCA_02,0.59623239145641,0.31471026306807437,MEDIUM,RECOVERED
C7704,52482,72,869,DCA_02,0.5095090438941638,0.23045792841911628,LOW,RECOVERED
C7705,55857,223,686,DCA_01,0.617156336697603,0.32862927957758215,MEDIUM,RECOVERED
C7706,18400,276,563,DCA_02,0.6352747620829773,0.41629701553872966,MEDIUM,IN_PROGRESS
C7707,41115,283,389,DCA_01,0.4639155334243073,0.5820130651333221,MEDIUM,RECOVERED
C7708,15249,264,787,DCA_01,0.4117157744445147,0.3918630747644434,MEDIUM,IN_PROGRESS
C7709,47825,246,886,DCA_01,0.4691001466740049,0.35305258800359074,MEDIUM,RECOVERED
C7710,25600,341,560,DCA_01,0.8287135659915974,0.4814746755798668,MEDIUM,RECOVERED
C7711,38706,61,787,DCA_02,0.7779270974261296,0.2806107521093877,LOW,RECOVERED
C7712,20222,259,640,DCA_02,0.7994464524289667,0.44143637344734266,MEDIUM,IN_PROGRESS
C7713,42139,7,628,DCA_02,0.5381533096670259,0.3257749828744866,MEDIUM,RECOVERED
C7714,42302,188,700,DCA_02,0.5180495950044659,0.4014971416619231,MEDIUM,IN_PROGRESS
C7715,95684,4,656,DCA_02,0.4186862046786563,0.3139932867661833,MEDIUM,RECOVERED
C7716,88838,231,798,DCA_01,0.6361342305716848,0.3593097653107261,MEDIUM,IN_PROGRESS
C7717,69159,133,734,DCA_01,0.5912044292433891,0.34106067431232834,MEDIUM,RECOVERED
C7718,9646,125,418,DCA_02,0.8179430501575363,0.44966646026507817,MEDIUM,IN_PROGRESS
C7719,14543,15,346,DCA_02,0.7409337792632181,0.3834573304947483,MEDIUM,RECOVERED
C7720,95496,13,467,DCA_01,0.4721429674280408,0.3642955799945925,MEDIUM,RECOVERED
C7721,23785,118,647,DCA_02,0.8935775702136344,0.29879088678418586,LOW,RECOVERED
C7722,79353,240,803,DCA_02,0.7853203665008777,0.33621413529670585,MEDIUM,RECOVERED
C7723,32406,263,838,DCA_01,0.7601187578418432,0.3422430176931818,MEDIUM,IN_PROGRESS
C7724,89992,360,595,DCA_02,0.5083077913035704,0.5736317903591457,MEDIUM,IN_PROGRESS
C7725,52428,6,812,DCA_02,0.852578300308116,0.17871831199363553,LOW,RECOVERED
C7726,24777,320,473,DCA_02,0.6369603887438827,0.5580168095432361,MEDIUM,RECOVERED
C7727,58939,231,694,DCA_02,0.5488279764332431,0.3506592840326904,MEDIUM,IN_PROGRESS
C7728,54026,30,829,DCA_01,0.727416794052534,0.2058159757029242,LOW,RECOVERED
C7729,87450,22,602,DCA_02,0.505875980493203,0.39142602615165456,MEDIUM,RECOVERED
C7730,30553,156,501,DCA_01,0.8537828153690574,0.45738398075071107,MEDIUM,IN_PROGRESS
C7731,24548,118,832,DCA_01,0.8271718255334839,0.2542224119601948,LOW,IN_PROGRESS
C7732,64221,340,455,DCA_02,0.6324556847145784,0.6053777568484944,HIGH,RECOVERED
C7733,38265,193,313,DCA_02,0.495328710816325,0.5417454542914404,MEDIUM,RECOVERED
C7734,41701,346,319,DCA_01,0.6482520617823306,0.6729646260214139,HIGH,IN_PROGRESS
C7735,52287,195,756,DCA_02,0.4745691087787357,0.4082139559994712,MEDIUM,RECOVERED
C7736,7727,168,472,DCA_02,0.5349244423441883,0.47128428205611317,MEDIUM,RECOVERED
C7737,51717,239,744,DCA_01,0.6413661952954551,0.3272910260470381,MEDIUM,RECOVERED
C7738,33427,362,421,DCA_02,0.410569870524403,0.6472934107844106,HIGH,IN_PROGRESS
C7739,17692,244,796,DCA_02,0.782861301773434,0.3136093960776034,MEDIUM,RECOVERED
C7740,32625,69,483,DCA_01,0.4984574385928322,0.44339564888018435,MEDIUM,RECOVERED
C7741,25918,95,879,DCA_01,0.8333056286427851,0.22211248401934203,LOW,RECOVERED
C7742,42136,77,348,DCA_02,0.4111299137099305,0.4549609943148696,MEDIUM,IN_PROGRESS
C7743,53409,171,480,DCA_02,0.6660658453508904,0.4531201247217287,MEDIUM,RECOVERED
C7744,16577,1,693,DCA_01,0.7883254774719722,0.23912172778653862,LOW,RECOVERED
C7745,86155,62,692,DCA_02,0.5189742166563371,0.3195550158364786,MEDIUM,IN_PROGRESS
C7746,82731,207,647,DCA_02,0.7537765301056649,0.4209684034177015,MEDIUM,RECOVERED
C7747,28689,154,775,DCA_01,0.7604339123267061,0.3291447291781715,MEDIUM,RECOVERED
C7748,12154,274,440,DCA_02,0.718921832957073,0.5223493599284623,MEDIUM,RECOVERED
C7749,95948,48,829,DCA_02,0.5821263656985023,0.19396031782542422,LOW,RECOVERED
C7750,22341,137,883,DCA_02,0.7925323990746116,0.2518225698095755,LOW,RECOVERED
C7751,98554,1,770,DCA_01,0.7142168588376855,0.23781720555744812,LOW,RECOVERED
C7752,75681,235,562,DCA_02,0.6951941045712713,0.527305682010673,MEDIUM,RECOVERED
C7753,47330,256,442,DCA_01,0.8095806345834318,0.4904080330765277,MEDIUM,RECOVERED
C7754,88759,107,445,DCA_01,0.5223190215472552,0.3578779014618415,MEDIUM,RECOVERED
C7755,69416,173,593,DCA_02,0.5162439767780365,0.41507371224206635,MEDIUM,RECOVERED
C7756,87807,130,837,DCA_01,0.5932234435744672,0.30504870836816544,MEDIUM,IN_PROGRESS
C7757,34313,294,808,DCA_02,0.4365665343342736,0.4099262815122511,MEDIUM,IN_PROGRESS
C7758,47900,40,721,DCA_01,0.5686967346759317,0.23131896036403332,LOW,RECOVERED
C7759,79840,338,870,DCA_02,0.6031360392669338,0.3498902516936454,MEDIUM,IN_PROGRESS
C7760,35695,16,863,DCA_02,0.6475290914302596,0.20674146130074222,LOW,RECOVERED
C7761,31225,127,716,DCA_02,0.527006732050461,0.294177372272143,LOW,RECOVERED
C7762,87072,349,406,DCA_02,0.8534212238524199,0.630048815788695,HIGH,IN_PROGRESS
C7763,97367,203,617,DCA_01,0.5425391838883858,0.4270378001571803,MEDIUM,IN_PROGRESS
C7764,50156,134,358,DCA_02,0.8257753887563979,0.4789897890981746,MEDIUM,RECOVERED
C7765,78209,259,557,DCA_02,0.6224762181220773,0.523613302784645,MEDIUM,IN_PROGRESS
C7766,88453,14,724,DCA_02,0.7590783479618652,0.2569172819933151,LOW,IN_PROGRESS
C7767,28829,66,830,DCA_02,0.4554511939919503,0.2476914355206561,LOW,IN_PROGRESS
C7768,81908,351,465,DCA_01,0.6723186101208047,0.6324144936724003,HIGH,RECOVERED
C7769,26938,342,324,DCA_02,0.8804129474714005,0.6572900399285699,HIGH,IN_PROGRESS
C7770,60164,195,303,DCA_01,0.7331256046823877,0.578478365950862,MEDIUM,RECOVERED
C7771,55530,114,302,DCA_02,0.8101446302184887,0.4943430171174885,MEDIUM,RECOVERED
C7772,69199,159,717,DCA_02,0.5305352310887614,0.2977143213742227,LOW,IN_PROGRESS
C7773,61282,161,661,DCA_01,0.80008446044424,0.3044824691938697,MEDIUM,IN_PROGRESS
C7774,48801,254,668,DCA_02,0.5756266906014209,0.394575765801617,MEDIUM,RECOVERED
C7775,10465,15,838,DCA_01,0.6425390500231571,0.24270924159856822,LOW,RECOVERED
C7776,4326,37,645,DCA_02,0.4939788588532942,0.3384528283598729,MEDIUM,IN_PROGRESS
C7777,4659,155,343,DCA_01,0.6428491940024353,0.5416976709091796,MEDIUM,RECOVERED
C7778,61289,27,863,DCA_01,0.6578509216528303,0.21484292491618018,LOW,RECOVERED
C7779,28594,12,452,DCA_02,0.7111635891459215,0.43234066380583824,MEDIUM,IN_PROGRESS
C7780,5763,67,501,DCA_01,0.8343168971385185,0.3451434195677996,MEDIUM,RECOVERED
C7781,89657,30,620,DCA_02,0.5524255773661153,0.2795626552388879,LOW,RECOVERED
C7782,11828,96,763,DCA_02,0.8920683878792437,0.23799519882347941,LOW,IN_PROGRESS
C7783,48588,215,310,DCA_01,0.8238449768777667,0.5595914704367457,MEDIUM,IN_PROGRESS
C7784,12221,194,879,DCA_02,0.601461309762488,0.26126730964427236,LOW,RECOVERED
C7785,12211,135,526,DCA_01,0.5133318209661013,0.3656809889549214,MEDIUM,RECOVERED
C7786,14569,290,632,DCA_01,0.4357472887345106,0.5087954665751775,MEDIUM,RECOVERED
C7787,97894,32,768,DCA_01,0.5171820939678121,0.248474955245099,LOW,RECOVERED
C7788,38860,39,314,DCA_02,0.8422614608225212,0.43460060816850044,MEDIUM,IN_PROGRESS
C7789,72558,352,356,DCA_01,0.546015705711149,0.6364328925188907,HIGH,IN_PROGRESS
C7790,46337,206,629,DCA_01,0.4689899081460388,0.42992603431647136,MEDIUM,RECOVERED
C7791,53311,43,363,DCA_01,0.4113372947131736,0.4150481307130863,MEDIUM,IN_PROGRESS
C7792,14515,337,529,DCA_02,0.5488401718389124,0.5064105188027807,MEDIUM,RECOVERED
C7793,72695,259,310,DCA_02,0.5080763550678011,0.5568320576476511,MEDIUM,IN_PROGRESS
C7794,88227,249,523,DCA_01,0.4511011727726543,0.4929704190427936,MEDIUM,RECOVERED
C7795,25904,74,841,DCA_01,0.87554290060759,0.2544465700060812,LOW,RECOVERED
C7796,60935,319,805,DCA_01,0.5338109377283229,0.4529994217466955,MEDIUM,IN_PROGRESS
C7797,44790,296,821,DCA_01,0.4030884147488159,0.38403010222765566,MEDIUM,RECOVERED
C7798,69580,274,353,DCA_01,0.8721377917686021,0.6184116066529919,HIGH,IN_PROGRESS
C7799,76148,323,456,DCA_01,0.6892565931424557,0.5558442080786388,MEDIUM,IN_PROGRESS
C7800,6636,359,869,DCA_01,0.4414064817975397,0.35721249619488393,MEDIUM,RECOVERED
C7801,78129,190,704,DCA_01,0.4157109886944728,0.3444560611677002,MEDIUM,IN_PROGRESS
C7802,3892,138,698,DCA_02,0.4539245317919547,0.3849894427778956,MEDIUM,IN_PROGRESS
C7803,22672,302,702,DCA_02,0.6957454266477245,0.4490843707071027,MEDIUM,RECOVERED
C7804,6812,311,887,DCA_01,0.4309358024522307,0.40095365911721903,MEDIUM,IN_PROGRESS
C7805,97621,331,388,DCA_01,0.6840702984160207,0.5748826438810992,MEDIUM,IN_PROGRESS
C7806,1654,353,892,DCA_02,0.7262705099323505,0.30113151705067875,MEDIUM,RECOVERED
C7807,55633,282,485,DCA_01,0.4737883907525035,0.5519014186800508,MEDIUM,IN_PROGRESS
C7808,18143,166,378,DCA_01,0.6442163713748619,0.4767871148864302,MEDIUM,IN_PROGRESS
C7809,56934,278,444,DCA_02,0.8819399648167315,0.5162756247492842,MEDIUM,IN_PROGRESS
C7810,68334,26,313,DCA_02,0.8182442232501623,0.4581780684747221,MEDIUM,RECOVERED
C7811,30087,73,301,DCA_01,0.7616821737386927,0.4214693802182833,MEDIUM,RECOVERED
C7812,12618,115,815,DCA_02,0.6588675622296687,0.278356209768563,LOW,IN_PROGRESS
C7813,9446,51,365,DCA_01,0.5971373779664955,0.46008717060753324,MEDIUM,IN_PROGRESS
C7814,88182,171,545,DCA_02,0.6257173680606116,0.38861287379221476,MEDIUM,RECOVERED
C7815,49867,268,729,DCA_02,0.7823050039262547,0.40123210721684743,MEDIUM,RECOVERED
C7816,52028,3,871,DCA_01,0.6771489808792024,0.17858763938539346,LOW,RECOVERED
C7817,61101,210,531,DCA_01,0.7823269926463147,0.4411274990479116,MEDIUM,IN_PROGRESS
C7818,28200,338,735,DCA_01,0.8849364852165014,0.38853881217442754,MEDIUM,IN_PROGRESS
C7819,96107,301,652,DCA_01,0.7202570753856554,0.4740071129402452,MEDIUM,IN_PROGRESS
C7820,89074,342,682,DCA_01,0.7015517787051032,0.42782107061117625,MEDIUM,IN_PROGRESS
C7821,62465,115,359,DCA_01,0.603080974254917,0.44728854649170635,MEDIUM,IN_PROGRESS
C7822,87436,167,769,DCA_02,0.4983769765943691,0.3001418372451452,MEDIUM,IN_PROGRESS
C7823,88892,265,710,DCA_02,0.5871003711235725,0.41784306845733177,MEDIUM,IN_PROGRESS
C7824,89559,227,382,DCA_01,0.6600485952576824,0.535124981689569,MEDIUM,IN_PROGRESS
C7825,40148,151,373,DCA_01,0.4174278286609725,0.43720133247235604,MEDIUM,IN_PROGRESS
C7826,83928,268,610,DCA_02,0.6379025124111461,0.4505024467431621,MEDIUM,IN_PROGRESS
C7827,21698,116,753,DCA_02,0.8310746637074893,0.2615549673452826,LOW,IN_PROGRESS
C7828,43470,88,325,DCA_02,0.8883121812668122,0.4423053064334739,MEDIUM,RECOVERED
C7829,93071,318,725,DCA_01,0.8277743361554251,0.4328948658425864,MEDIUM,RECOVERED
C7830,52660,242,676,DCA_02,0.4859908730082687,0.4020929873438466,MEDIUM,RECOVERED
C7831,54910,360,542,DCA_02,0.4775065958826518,0.5765124411031479,MEDIUM,RECOVERED
C7832,36450,329,622,DCA_02,0.5966561006197755,0.46387783771435254,MEDIUM,RECOVERED
C7833,57463,333,479,DCA_02,0.5127152352958255,0.5824420792315466,MEDIUM,IN_PROGRESS
C7834,34757,40,565,DCA_02,0.7379972520603063,0.38197854161917455,MEDIUM,RECOVERED
C7835,79012,182,849,DCA_02,0.44227905223782,0.2231843819928604,LOW,IN_PROGRESS
C7836,71247,209,679,DCA_01,0.6218596247683396,0.42712589722387406,MEDIUM,RECOVERED
C7837,73015,273,376,DCA_01,0.5401781231097049,0.5215986700259349,MEDIUM,RECOVERED
C7838,32390,119,823,DCA_02,0.6977014434999105,0.29765067469016826,LOW,RECOVERED
C7839,57116,24,348,DCA_02,0.7985325098969829,0.5096922660012974,MEDIUM,IN_PROGRESS
C7840,14161,258,553,DCA_01,0.861781570840735,0.4935618342434439,MEDIUM,IN_PROGRESS
C7841,33152,92,679,DCA_02,0.8819263671110429,0.346624400295792,MEDIUM,IN_PROGRESS
C7842,81171,161,548,DCA_02,0.5755972669869971,0.40951580139654564,MEDIUM,RECOVERED
C7843,96833,149,371,DCA_02,0.8279238909152349,0.4744633578350692,MEDIUM,RECOVERED
C7844,21836,117,746,DCA_01,0.6959815343561051,0.22573785457640794,LOW,RECOVERED
C7845,91367,53,805,DCA_02,0.7461277072720616,0.22532646397557254,LOW,RECOVERED
C7846,67543,302,552,DCA_02,0.8255652833301749,0.49922390867910105,MEDIUM,IN_PROGRESS
C7847,56648,45,598,DCA_02,0.4650566049475411,0.28633067186912753,LOW,RECOVERED
C7848,27331,265,359,DCA_02,0.873703634016122,0.5751477166088269,MEDIUM,RECOVERED
C7849,11763,262,656,DCA_01,0.6736985452091129,0.39938297709790627,MEDIUM,RECOVERED
C7850,70444,307,456,DCA_02,0.5680016587707989,0.5450930416049844,MEDIUM,RECOVERED
C7851,94109,234,641,DCA_02,0.569365630204745,0.4248011941648212,MEDIUM,RECOVERED
C7852,20187,35,501,DCA_01,0.775500168339134,0.4430292699065195,MEDIUM,RECOVERED
C7853,12957,338,334,DCA_01,0.7393299315649915,0.6171516255641815,HIGH,IN_PROGRESS
C7854,5379,197,834,DCA_02,0.7647400456342506,0.3359053750861273,MEDIUM,RECOVERED
C7855,28959,25,755,DCA_01,0.5264977522121177,0.27776519768430874,LOW,RECOVERED
C7856,83018,202,464,DCA_01,0.48509810807164,0.4827200112245418,MEDIUM,RECOVERED
C7857,28105,273,327,DCA_02,0.7609298265131051,0.6442728438303484,HIGH,IN_PROGRESS
C7858,1877,36,671,DCA_02,0.5492403645807468,0.28933727174006574,LOW,RECOVERED
C7859,49353,223,613,DCA_01,0.5112180767933627,0.37398976519878857,MEDIUM,IN_PROGRESS
C7860,84788,352,864,DCA_02,0.5073042517398916,0.3944752795300219,MEDIUM,IN_PROGRESS
C7861,97870,277,583,DCA_01,0.4742004662804039,0.48259180628617593,MEDIUM,IN_PROGRESS
C7862,85585,18,597,DCA_02,0.613407827837589,0.25821086931780224,LOW,RECOVERED
C7863,84308,188,774,DCA_01,0.5304742875124738,0.34475056393182435,MEDIUM,IN_PROGRESS
C7864,52567,257,896,DCA_01,0.8469327376085418,0.3281524201055084,MEDIUM,RECOVERED
C7865,58913,142,648,DCA_02,0.744569818425549,0.3763740081919781,MEDIUM,IN_PROGRESS
C7866,3637,136,744,DCA_01,0.7719310223590056,0.3187989721792882,MEDIUM,RECOVERED
C7867,73778,307,506,DCA_02,0.6018052460509176,0.5737650420334752,MEDIUM,IN_PROGRESS
C7868,43025,79,716,DCA_02,0.7001047590653854,0.2983705063132722,LOW,RECOVERED
C7869,83464,292,738,DCA_01,0.6503989203520237,0.40710162314666964,MEDIUM,IN_PROGRESS
C7870,29742,62,464,DCA_01,0.4837257302612577,0.4389787421114444,MEDIUM,RECOVERED
C7871,12831,129,858,DCA_02,0.4239268475253923,0.30571636641116684,MEDIUM,RECOVERED
C7872,86092,341,719,DCA_01,0.7417592273704199,0.38738786377468104,MEDIUM,IN_PROGRESS
C7873,91879,298,670,DCA_01,0.4605862296137968,0.4420866925763587,MEDIUM,IN_PROGRESS
C7874,89370,257,565,DCA_01,0.4286745766036173,0.4121227203750307,MEDIUM,RECOVERED
C7875,47762,212,578,DCA_01,0.6209336663358058,0.4134686810617183,MEDIUM,RECOVERED
C7876,99958,54,781,DCA_02,0.7690131850042842,0.228652615313381,LOW,RECOVERED
C7877,89741,175,816,DCA_02,0.7844342196161866,0.281788204614415,LOW,RECOVERED
C7878,19830,100,381,DCA_02,0.8367348033580266,0.5492393466032168,MEDIUM,IN_PROGRESS
C7879,56044,39,418,DCA_02,0.4996070112493821,0.4285840080001606,MEDIUM,IN_PROGRESS
C7880,74948,263,602,DCA_01,0.8928121969073264,0.45715384944334336,MEDIUM,IN_PROGRESS
C7881,70202,150,514,DCA_01,0.7816045359820469,0.36856871218276765,MEDIUM,IN_PROGRESS
C7882,38045,121,327,DCA_01,0.4786066729750864,0.5155161685461074,MEDIUM,RECOVERED
C7883,87322,178,797,DCA_01,0.8203606429977055,0.3581830144172825,MEDIUM,RECOVERED
C7884,72051,301,836,DCA_01,0.6494796362424278,0.40719350563408485,MEDIUM,RECOVERED
C7885,27627,330,818,DCA_01,0.4332731840199114,0.4497661364508063,MEDIUM,RECOVERED
C7886,16198,120,493,DCA_01,0.4660208859146304,0.34510090088812684,MEDIUM,RECOVERED
C7887,70521,72,891,DCA_02,0.6169466409546402,0.24957753798072535,LOW,IN_PROGRESS
C7888,30475,219,741,DCA_01,0.6652534058020404,0.31634168234305193,MEDIUM,IN_PROGRESS
C7889,20403,302,335,DCA_02,0.8737462085066309,0.6391184587248591,HIGH,IN_PROGRESS
C7890,4681,123,557,DCA_01,0.507856236249081,0.38653666566596945,MEDIUM,RECOVERED
C7891,92555,244,412,DCA_02,0.6370522551214045,0.5387284753792925,MEDIUM,RECOVERED
C7892,94122,75,593,DCA_02,0.5129447346386937,0.35634351346831805,MEDIUM,RECOVERED
C7893,43292,6,313,DCA_01,0.6792003444632337,0.3853736016662944,MEDIUM,RECOVERED
C7894,6629,21,896,DCA_01,0.8546590364858908,0.14552162619691678,LOW,RECOVERED
C7895,94246,190,439,DCA_01,0.683875285581437,0.44493335103767784,MEDIUM,RECOVERED
C7896,96864,225,670,DCA_01,0.6550352694824765,0.3822447494178357,MEDIUM,RECOVERED
C7897,78814,103,726,DCA_01,0.7750647034590921,0.28074096962191386,LOW,RECOVERED
C7898,9417,344,396,DCA_02,0.4738067725154949,0.6543895786044247,HIGH,RECOVERED
C7899,35765,99,787,DCA_02,0.852807495217491,0.28494186986808334,LOW,RECOVERED
C7900,75499,318,641,DCA_02,0.6888169864829172,0.48692722518029485,MEDIUM,RECOVERED
C7901,57574,363,791,DCA_02,0.7431547075739559,0.47870608009070725,MEDIUM,IN_PROGRESS
C7902,91545,83,799,DCA_02,0.8094803803421997,0.25019205902553865,LOW,RECOVERED
C7903,28675,181,731,DCA_01,0.7175189249465761,0.39914824967702933,MEDIUM,RECOVERED
C7904,73267,152,488,DCA_01,0.7206025926302906,0.40517816971767184,MEDIUM,IN_PROGRESS
C7905,41563,56,381,DCA_02,0.7648107204829515,0.4450720445546793,MEDIUM,RECOVERED
C7906,12332,190,479,DCA_02,0.4261182782220553,0.4891208498979007,MEDIUM,IN_PROGRESS
C7907,20177,22,714,DCA_01,0.5911052540866244,0.31057944919126057,MEDIUM,RECOVERED
C7908,90254,68,404,DCA_02,0.8814683724398437,0.4462779195245443,MEDIUM,IN_PROGRESS
C7909,69447,185,680,DCA_02,0.5289679275650713,0.45432688093933826,MEDIUM,IN_PROGRESS
C7910,58104,10,628,DCA_02,0.6711277241368825,0.2698646478788427,LOW,IN_PROGRESS
C7911,85335,66,548,DCA_01,0.4877137311020825,0.34384173764467674,MEDIUM,IN_PROGRESS
C7912,81730,264,371,DCA_02,0.5616371576392926,0.5384480046495472,MEDIUM,IN_PROGRESS
C7913,5951,225,432,DCA_02,0.7585400213707496,0.5614781802664287,MEDIUM,RECOVERED
C7914,29333,123,539,DCA_02,0.7215470120335292,0.37774262372735357,MEDIUM,IN_PROGRESS
C7915,22673,38,377,DCA_01,0.6071581809189497,0.42781607246309206,MEDIUM,IN_PROGRESS
C7916,41870,123,869,DCA_02,0.8690380957136037,0.278723488215072,LOW,RECOVERED
C7917,72101,318,760,DCA_02,0.7875234077416003,0.4365287503125197,MEDIUM,IN_PROGRESS
C7918,23821,156,424,DCA_01,0.5339619145144199,0.42451082268322793,MEDIUM,IN_PROGRESS
C7919,26494,301,310,DCA_01,0.6327231567850811,0.6095888078818996,HIGH,RECOVERED
C7920,75160,321,767,DCA_02,0.8390172529013786,0.3394175023036067,MEDIUM,RECOVERED
C7921,1835,67,706,DCA_01,0.4112320567294464,0.24074943883487565,LOW,IN_PROGRESS
C7922,19646,133,326,DCA_02,0.6907331424343555,0.5113672473262749,MEDIUM,IN_PROGRESS
C7923,78360,362,506,DCA_02,0.5159802055781983,0.5803088489305318,MEDIUM,IN_PROGRESS
C7924,38335,140,521,DCA_02,0.4319100589266155,0.49392254994731866,MEDIUM,IN_PROGRESS
C7925,70351,82,611,DCA_01,0.8564305410110541,0.2996315395897289,LOW,RECOVERED
C7926,3429,58,681,DCA_01,0.8081415115418651,0.2933860651035053,LOW,IN_PROGRESS
C7927,42950,149,614,DCA_01,0.49264677940232,0.39523584052630034,MEDIUM,RECOVERED
C7928,61654,131,507,DCA_01,0.8184732448304604,0.41164414409460526,MEDIUM,RECOVERED
C7929,69143,69,595,DCA_02,0.4732137033040397,0.359569223927379,MEDIUM,RECOVERED
C7930,92186,345,701,DCA_02,0.6380806799294194,0.5058877240515423,MEDIUM,IN_PROGRESS
C7931,98889,250,734,DCA_02,0.762886650239119,0.37648683139719163,MEDIUM,IN_PROGRESS
C7932,78527,320,872,DCA_02,0.6669027983199358,0.3906790127919656,MEDIUM,RECOVERED
C7933,87704,177,421,DCA_02,0.8253903575714638,0.45407356271909516,MEDIUM,IN_PROGRESS
C7934,32099,72,405,DCA_01,0.7084389308764578,0.4120235407578229,MEDIUM,RECOVERED
C7935,40385,17,335,DCA_01,0.6159758235935984,0.48773498883133204,MEDIUM,RECOVERED
C7936,36919,329,849,DCA_02,0.8625810451145753,0.42121815274498153,MEDIUM,RECOVERED
C7937,97952,160,371,DCA_01,0.4181473284864497,0.5837242874047126,MEDIUM,RECOVERED
C7938,61782,70,867,DCA_02,0.6441994293578559,0.25596116133985314,LOW,RECOVERED
C7939,72116,113,466,DCA_01,0.7303907700956552,0.42098857484915697,MEDIUM,IN_PROGRESS
C7940,73590,232,520,DCA_01,0.8180291952090174,0.525849421622623,MEDIUM,IN_PROGRESS
C7941,90626,21,375,DCA_01,0.6705782624669128,0.42387467398981216,MEDIUM,IN_PROGRESS
C7942,41387,135,510,DCA_02,0.8427588599320113,0.4307325696116244,MEDIUM,IN_PROGRESS
C7943,16823,263,527,DCA_01,0.613138417848779,0.5686807188404733,MEDIUM,IN_PROGRESS
C7944,47015,111,752,DCA_01,0.5585642925459324,0.31902380665085006,MEDIUM,RECOVERED
C7945,16339,246,786,DCA_02,0.8869060237272406,0.32044615399878684,MEDIUM,RECOVERED
C7946,4491,283,773,DCA_02,0.7335904794171211,0.3443980163237449,MEDIUM,RECOVERED
C7947,1706,8,789,DCA_02,0.6128890925055281,0.23394374905950566,LOW,RECOVERED
C7948,98493,284,675,DCA_01,0.8390948684956319,0.3731136361349656,MEDIUM,RECOVERED
C7949,16728,207,530,DCA_02,0.7415402070233191,0.5411933941513534,MEDIUM,IN_PROGRESS
C7950,7997,194,524,DCA_01,0.7189673528609613,0.47770614732216743,MEDIUM,RECOVERED
C7951,61408,47,774,DCA_01,0.7642689649097332,0.23023226074303904,LOW,IN_PROGRESS
C7952,59097,342,876,DCA_02,0.7691465548135581,0.3658800684650104,MEDIUM,IN_PROGRESS
C7953,39523,242,379,DCA_02,0.6464916934195526,0.546596324111426,MEDIUM,RECOVERED
C7954,26163,10,875,DCA_02,0.609653780698924,0.19443492012206598,LOW,RECOVERED
C7955,18718,289,509,DCA_01,0.8546413405818176,0.5206326760800893,MEDIUM,IN_PROGRESS
C7956,88508,131,596,DCA_02,0.6486238697812011,0.3509333330693072,MEDIUM,RECOVERED
C7957,84767,270,471,DCA_01,0.5079108189497689,0.5452106705079827,MEDIUM,RECOVERED
C7958,40619,302,388,DCA_01,0.6608013929125293,0.5622882708389847,MEDIUM,IN_PROGRESS
C7959,13126,61,525,DCA_01,0.4172110499568207,0.40501308701242167,MEDIUM,RECOVERED
C7960,90131,164,442,DCA_02,0.7616591759803861,0.4936755238305419,MEDIUM,RECOVERED
C7961,65926,13,353,DCA_01,0.4634920295294045,0.456423126782733,MEDIUM,RECOVERED
C7962,41633,272,495,DCA_02,0.4558621326712857,0.4999968994881161,MEDIUM,IN_PROGRESS
C7963,78654,208,788,DCA_02,0.8731780715893243,0.32939287059908906,MEDIUM,RECOVERED
C7964,4317,246,597,DCA_01,0.7862783407293645,0.5088612095025538,MEDIUM,IN_PROGRESS
C7965,45980,133,729,DCA_02,0.6071143881706536,0.29299051518100283,LOW,RECOVERED
C7966,45115,244,836,DCA_01,0.5197880712028058,0.3443355746674718,MEDIUM,RECOVERED
C7967,62646,294,878,DCA_02,0.8217452402634762,0.3259705117232514,MEDIUM,RECOVERED
C7968,44158,38,799,DCA_01,0.8842919218053762,0.18916480639234978,LOW,RECOVERED
C7969,56963,359,505,DCA_01,0.6541770523035425,0.6449751064678108,HIGH,RECOVERED
C7970,48631,56,436,DCA_02,0.6900380361233271,0.3954681698147533,MEDIUM,RECOVERED
C7971,50316,319,707,DCA_02,0.5215267457461616,0.35507942913085977,MEDIUM,RECOVERED
C7972,60342,48,578,DCA_01,0.6946251320309483,0.33431822473394857,MEDIUM,RECOVERED
C7973,16504,105,744,DCA_01,0.6002988175182066,0.3159121185221958,MEDIUM,IN_PROGRESS
C7974,69593,59,570,DCA_01,0.8227892497254334,0.3180606215730596,MEDIUM,RECOVERED
C7975,27660,77,740,DCA_02,0.5885565099117214,0.28113374087673904,LOW,RECOVERED
C7976,38196,218,527,DCA_02,0.7243895742333828,0.4686401060302221,MEDIUM,RECOVERED
C7977,66938,55,426,DCA_02,0.5017330067198176,0.3646175378971228,MEDIUM,RECOVERED
C7978,9605,55,569,DCA_02,0.4453364179306517,0.31791401481303017,MEDIUM,RECOVERED
C7979,58388,129,786,DCA_02,0.4201776099628257,0.2772648658631709,LOW,RECOVERED
C7980,82297,85,847,DCA_02,0.6078227186652869,0.22418113832200104,LOW,IN_PROGRESS
C7981,56501,214,454,DCA_02,0.4817643606957018,0.5593125446268854,MEDIUM,RECOVERED
C7982,54309,115,318,DCA_02,0.8967400951332467,0.4842352847758651,MEDIUM,RECOVERED
C7983,28043,314,724,DCA_01,0.7991916942131407,0.3596514318525257,MEDIUM,IN_PROGRESS
C7984,34635,293,357,DCA_02,0.7466865758546044,0.6649504718579613,HIGH,RECOVERED
C7985,80315,49,722,DCA_02,0.80165923368907,0.32653319535229963,MEDIUM,RECOVERED
C7986,81691,67,847,DCA_02,0.5313736293025264,0.3003837696218663,MEDIUM,RECOVERED
C7987,34132,275,401,DCA_02,0.8396319914426202,0.5458267383254989,MEDIUM,RECOVERED
C7988,90387,129,375,DCA_02,0.8978181975017379,0.4278121803962759,MEDIUM,RECOVERED
C7989,16366,29,879,DCA_01,0.5449272345357445,0.17727025164543309,LOW,RECOVERED
C7990,94944,343,365,DCA_02,0.8923243436167769,0.5634957324235637,MEDIUM,RECOVERED
C7991,73107,33,450,DCA_02,0.5601982731704576,0.43402090230583223,MEDIUM,IN_PROGRESS
C7992,63580,119,736,DCA_02,0.4058615588483463,0.2754476751859676,LOW,IN_PROGRESS
C7993,58889,180,367,DCA_02,0.5836070288636546,0.5581913819586046,MEDIUM,RECOVERED
C7994,80553,151,534,DCA_02,0.8987575004584847,0.3707074535531575,MEDIUM,IN_PROGRESS
C7995,40236,133,397,DCA_01,0.7175756273687346,0.5025424323245586,MEDIUM,IN_PROGRESS
C7996,5150,327,308,DCA_02,0.7477362674580375,0.6040964539239781,HIGH,IN_PROGRESS
C7997,20423,185,803,DCA_02,0.5191735760435251,0.277512925666652,LOW,RECOVERED
C7998,5137,134,789,DCA_01,0.4729600476480578,0.2643423077017999,LOW,IN_PROGRESS
C7999,30992,177,726,DCA_01,0.8427552187882807,0.4193332800902143,MEDIUM,RECOVERED
C8000,95438,22,526,DCA_02,0.6066961023390662,0.3105672828578744,MEDIUM,IN_PROGRESS
C8001,45921,241,886,DCA_01,0.4020537924580118,0.3029911376470521,MEDIUM,RECOVERED
C8002,80369,77,316,DCA_01,0.547122977040507,0.4910135765073379,MEDIUM,IN_PROGRESS
C8003,67917,204,862,DCA_02,0.497866054157117,0.22747828993306252,LOW,IN_PROGRESS
C8004,74690,4,527,DCA_01,0.7018861287541418,0.3339488993603701,MEDIUM,RECOVERED
C8005,35235,328,537,DCA_02,0.7780615849736814,0.5357030406238127,MEDIUM,RECOVERED
C8006,79975,165,680,DCA_02,0.6487492497418889,0.40848640674619396,MEDIUM,IN_PROGRESS
C8007,20122,128,686,DCA_01,0.4929495131179293,0.33867270908870084,MEDIUM,RECOVERED
C8008,24956,45,553,DCA_01,0.4289822317914016,0.3344668118753692,MEDIUM,RECOVERED
C8009,64879,218,607,DCA_02,0.5567670022889186,0.3631328541985205,MEDIUM,IN_PROGRESS
C8010,59560,235,613,DCA_02,0.8029816832473915,0.4672454142374457,MEDIUM,IN_PROGRESS
C8011,83800,136,600,DCA_02,0.6097567675679818,0.411176320993514,MEDIUM,RECOVERED
C8012,69685,168,417,DCA_02,0.5261255512467802,0.44147436916753713,MEDIUM,IN_PROGRESS
C8013,25660,237,349,DCA_01,0.4103623887214696,0.5278265934516972,MEDIUM,RECOVERED
C8014,87064,93,863,DCA_02,0.6480310261219699,0.20923890480978558,LOW,RECOVERED
C8015,2168,5,480,DCA_01,0.7424110540937578,0.34895120040643146,MEDIUM,RECOVERED
C8016,46124,156,842,DCA_01,0.4951647316874509,0.2941786172130846,LOW,RECOVERED
C8017,36897,245,626,DCA_02,0.6685944197829934,0.4551803226728425,MEDIUM,RECOVERED
C8018,16032,360,802,DCA_02,0.6103693633431503,0.40838041424012117,MEDIUM,RECOVERED
C8019,53797,81,795,DCA_01,0.7519738383113816,0.25890846466659434,LOW,RECOVERED
C8020,36294,247,545,DCA_01,0.8303024513553772,0.410045773309449,MEDIUM,RECOVERED
C8021,44827,343,842,DCA_02,0.5535244421784162,0.3951356156595496,MEDIUM,IN_PROGRESS
C8022,4516,137,401,DCA_01,0.8523855386223966,0.44311791407145606,MEDIUM,IN_PROGRESS
C8023,20751,63,529,DCA_01,0.753475899136123,0.3329534565481167,MEDIUM,IN_PROGRESS
C8024,31373,307,687,DCA_01,0.4185830564221426,0.4267019953681549,MEDIUM,IN_PROGRESS
C8025,31270,116,878,DCA_01,0.7956214487788159,0.23847438736613435,LOW,IN_PROGRESS
C8026,11386,113,510,DCA_01,0.6473135317619161,0.40085720983794093,MEDIUM,RECOVERED
C8027,65817,31,729,DCA_02,0.8727304459060637,0.21944429008107036,LOW,RECOVERED
C8028,66184,7,638,DCA_01,0.561815748620448,0.33048057945596065,MEDIUM,RECOVERED
C8029,80693,3,483,DCA_02,0.6956068295681863,0.35679012884787586,MEDIUM,IN_PROGRESS
C8030,38879,307,355,DCA_02,0.8780730915655459,0.5384283028645269,MEDIUM,IN_PROGRESS
C8031,50597,243,581,DCA_01,0.5355798665138007,0.4121004301721718,MEDIUM,IN_PROGRESS
C8032,40132,56,871,DCA_01,0.6359767721998556,0.2016714090282845,LOW,RECOVERED
C8033,4626,73,427,DCA_02,0.776247742265843,0.3779455618609945,MEDIUM,RECOVERED
C8034,86936,10,807,DCA_01,0.7455493425567921,0.1856927119664986,LOW,RECOVERED
C8035,82515,61,883,DCA_01,0.8193516332937583,0.20767510784776322,LOW,RECOVERED
C8036,78065,50,515,DCA_01,0.6598983397142416,0.43211282002210294,MEDIUM,RECOVERED
C8037,56390,122,389,DCA_02,0.5594605959412382,0.5648582980197643,MEDIUM,RECOVERED
C8038,17645,175,613,DCA_01,0.6675423049399022,0.43282069214372854,MEDIUM,RECOVERED
C8039,92960,1,532,DCA_02,0.5749800158200337,0.3106837762773903,MEDIUM,RECOVERED
C8040,55144,38,874,DCA_01,0.4882152684695581,0.16648223690673025,LOW,RECOVERED
C8041,14382,190,546,DCA_02,0.6774848513121756,0.4116558043161397,MEDIUM,IN_PROGRESS
C8042,5025,79,741,DCA_01,0.4241902768932981,0.25598469330737594,LOW,RECOVERED
C8043,44226,345,434,DCA_02,0.4182876514968581,0.5806088606262656,MEDIUM,IN_PROGRESS
C8044,80380,338,301,DCA_02,0.4322867697203142,0.6526275598291532,HIGH,RECOVERED
C8045,70711,190,460,DCA_01,0.7363055864219658,0.5619865962066739,MEDIUM,IN_PROGRESS
C8046,97055,184,439,DCA_02,0.6034934252705715,0.4303858414748356,MEDIUM,IN_PROGRESS
C8047,75710,67,603,DCA_01,0.6470575911768793,0.36679730802242616,MEDIUM,IN_PROGRESS
C8048,4443,17,759,DCA_02,0.5716994313795812,0.23750848507695266,LOW,RECOVERED
C8049,22395,316,424,DCA_01,0.5268181122755723,0.62312071703127,HIGH,IN_PROGRESS
C8050,11725,296,646,DCA_02,0.5791525812037928,0.4606125564489133,MEDIUM,RECOVERED
C8051,34461,209,893,DCA_01,0.4966890847683047,0.3261437336197721,MEDIUM,RECOVERED
C8052,42115,345,623,DCA_01,0.7393789540794783,0.5101731129853713,MEDIUM,RECOVERED
C8053,97887,41,706,DCA_02,0.450867747264731,0.288143737910344,LOW,RECOVERED
C8054,84732,115,768,DCA_01,0.6584503577052145,0.33613274302324325,MEDIUM,RECOVERED
C8055,80790,100,463,DCA_02,0.6384134970480282,0.36290814703840824,MEDIUM,RECOVERED
C8056,80557,345,539,DCA_02,0.5509618088725319,0.6332852910753949,HIGH,IN_PROGRESS
C8057,72260,349,512,DCA_01,0.4511446947243794,0.5611566042124341,MEDIUM,RECOVERED
C8058,29690,139,448,DCA_01,0.75167885523643,0.39017785051194276,MEDIUM,RECOVERED
C8059,2407,316,883,DCA_02,0.684770180799936,0.38293110897883187,MEDIUM,IN_PROGRESS
C8060,74568,324,402,DCA_01,0.8047381755953699,0.6438132385165956,HIGH,RECOVERED
C8061,59560,334,482,DCA_02,0.5177618528070853,0.5800065779054419,MEDIUM,IN_PROGRESS
C8062,48340,302,804,DCA_02,0.7957820577629595,0.40990273204722216,MEDIUM,IN_PROGRESS
C8063,18794,294,824,DCA_02,0.5459728620011501,0.33050121881417227,MEDIUM,RECOVERED
C8064,20881,17,679,DCA_02,0.4562953655143335,0.25981340037733514,LOW,IN_PROGRESS
C8065,87292,322,323,DCA_01,0.4674581443068165,0.7115459219586795,HIGH,IN_PROGRESS
C8066,95952,292,432,DCA_01,0.5105292401871395,0.5493419011127516,MEDIUM,RECOVERED
C8067,50703,74,349,DCA_02,0.741214448057046,0.4978631769637393,MEDIUM,IN_PROGRESS
C8068,45354,263,325,DCA_01,0.5219808675357764,0.5707926305043715,MEDIUM,IN_PROGRESS
C8069,92288,16,310,DCA_02,0.7019354773108566,0.48525995628965424,MEDIUM,RECOVERED
C8070,79462,14,401,DCA_01,0.5282613898620925,0.43328265336358585,MEDIUM,IN_PROGRESS
C8071,15390,336,310,DCA_01,0.5826117326621278,0.6585106431856385,HIGH,IN_PROGRESS
C8072,88475,281,411,DCA_02,0.8448606297686753,0.5510197974525248,MEDIUM,RECOVERED
C8073,28307,361,466,DCA_01,0.6501810196875267,0.5828154735134506,MEDIUM,RECOVERED
C8074,97364,4,706,DCA_02,0.7001259103307841,0.19606083240545735,LOW,RECOVERED
C8075,95049,127,344,DCA_01,0.4946384147053008,0.5627367485162387,MEDIUM,IN_PROGRESS
C8076,25502,312,658,DCA_01,0.465753034907973,0.5449920656656506,MEDIUM,RECOVERED
C8077,96599,6,853,DCA_02,0.606590129024024,0.1634468949308443,LOW,RECOVERED
C8078,23486,129,584,DCA_02,0.8276927495664621,0.4052970308308024,MEDIUM,RECOVERED
C8079,39258,232,699,DCA_01,0.52046183047377,0.44899299106809587,MEDIUM,RECOVERED
C8080,58716,313,750,DCA_01,0.7108462275966123,0.40374931232076783,MEDIUM,IN_PROGRESS
C8081,98228,195,743,DCA_01,0.8360481088131401,0.3769329197646719,MEDIUM,RECOVERED
C8082,82494,65,687,DCA_02,0.8672052119532041,0.3544008895589813,MEDIUM,RECOVERED
C8083,83768,321,655,DCA_02,0.896895133621844,0.4835199094591657,MEDIUM,IN_PROGRESS
C8084,11748,103,724,DCA_01,0.7814785800063131,0.27649133951701865,LOW,RECOVERED
C8085,63785,277,305,DCA_02,0.4375050588902188,0.6111095824382037,HIGH,IN_PROGRESS
C8086,77050,158,853,DCA_01,0.8357309966513966,0.2724888745043804,LOW,RECOVERED
C8087,23738,224,740,DCA_02,0.8428184376017924,0.3560277739142532,MEDIUM,IN_PROGRESS
C8088,75231,289,655,DCA_02,0.6786414196008629,0.45852731008084036,MEDIUM,RECOVERED
C8089,74606,278,887,DCA_02,0.4337158304428779,0.2971853920723059,LOW,IN_PROGRESS
C8090,94301,182,853,DCA_01,0.6383326556329144,0.30010981131709635,MEDIUM,RECOVERED
C8091,42662,4,567,DCA_01,0.5053500179390589,0.30592600633343514,MEDIUM,RECOVERED
C8092,97297,215,516,DCA_02,0.6210535337644498,0.510690162499885,MEDIUM,IN_PROGRESS
C8093,83234,217,363,DCA_01,0.7620632388252759,0.5146119200766437,MEDIUM,IN_PROGRESS
C8094,16123,209,741,DCA_01,0.7337753232785694,0.32034073988594103,MEDIUM,RECOVERED
C8095,26616,74,840,DCA_02,0.7899959198016817,0.27293021335505996,LOW,RECOVERED
C8096,12182,227,574,DCA_02,0.6382613703172544,0.44519320340991175,MEDIUM,RECOVERED
C8097,91369,93,769,DCA_01,0.6553960416611153,0.24189751546053695,LOW,RECOVERED
C8098,99878,65,515,DCA_01,0.8678446189551674,0.33874868983539075,MEDIUM,RECOVERED
C8099,63013,321,865,DCA_02,0.715591841882422,0.35901607780410427,MEDIUM,IN_PROGRESS
C8100,32331,10,891,DCA_01,0.7737703153155467,0.18814219512409236,LOW,RECOVERED
C8101,47098,303,493,DCA_01,0.7322586182659347,0.5098360369718977,MEDIUM,RECOVERED
C8102,27128,322,312,DCA_01,0.7202427067849042,0.7015746037850936,HIGH,IN_PROGRESS
C8103,32556,305,521,DCA_01,0.8567710747174083,0.5492744717864078,MEDIUM,IN_PROGRESS
C8104,88505,278,695,DCA_01,0.5782428971895957,0.4471171199035776,MEDIUM,IN_PROGRESS
C8105,22876,86,569,DCA_01,0.6138451658610544,0.3100497632738497,MEDIUM,IN_PROGRESS
C8106,9949,26,597,DCA_01,0.5898752015439349,0.30626952270455376,MEDIUM,IN_PROGRESS
C8107,52962,218,731,DCA_01,0.7825984528627434,0.3140174232505447,MEDIUM,RECOVERED
C8108,91054,95,707,DCA_02,0.8342098076772411,0.2687703480407644,LOW,RECOVERED
C8109,72206,244,364,DCA_01,0.578751200082229,0.5951803302278362,MEDIUM,IN_PROGRESS
C8110,25099,107,337,DCA_02,0.471173534481162,0.4687228279949843,MEDIUM,IN_PROGRESS
C8111,13716,248,327,DCA_02,0.6470533099796735,0.5840252381151638,MEDIUM,RECOVERED
C8112,53611,14,588,DCA_02,0.8921642733372082,0.3386642650378979,MEDIUM,IN_PROGRESS
C8113,39885,161,536,DCA_01,0.5018408825086873,0.45600608422029043,MEDIUM,RECOVERED
C8114,54144,71,425,DCA_01,0.6260004690268828,0.46603439182010065,MEDIUM,IN_PROGRESS
C8115,66220,152,683,DCA_01,0.5356934016472507,0.3991812248943881,MEDIUM,RECOVERED
C8116,8837,75,625,DCA_01,0.8613394418175893,0.3527196764798527,MEDIUM,RECOVERED
C8117,50355,215,384,DCA_01,0.6754586537832673,0.5177195788780979,MEDIUM,RECOVERED
C8118,48299,51,545,DCA_01,0.6893722295331871,0.3117091034246291,MEDIUM,RECOVERED
C8119,20159,143,687,DCA_02,0.4041306233150502,0.3758045500515662,MEDIUM,IN_PROGRESS
C8120,52012,36,565,DCA_02,0.7263898777260964,0.27738471925120545,LOW,RECOVERED
C8121,60305,167,504,DCA_02,0.5531762107040248,0.4713668087309214,MEDIUM,IN_PROGRESS
C8122,88096,236,527,DCA_02,0.6567081719095986,0.5385304449825493,MEDIUM,RECOVERED
C8123,18106,260,539,DCA_01,0.6655336914332988,0.5604157571887571,MEDIUM,IN_PROGRESS
C8124,59123,192,372,DCA_02,0.6961122633856764,0.5981974435441398,MEDIUM,IN_PROGRESS
C8125,9720,202,687,DCA_01,0.8117696952777211,0.44229396539908095,MEDIUM,RECOVERED
C8126,38661,262,677,DCA_01,0.5494673192896665,0.44614136726121967,MEDIUM,RECOVERED
C8127,94898,185,511,DCA_02,0.5280806921019048,0.4820572068940392,MEDIUM,RECOVERED
C8128,94794,158,470,DCA_01,0.7979044239213106,0.4317456114442806,MEDIUM,RECOVERED
C8129,88318,246,451,DCA_01,0.7593592853305475,0.505207420547573,MEDIUM,IN_PROGRESS
C8130,22120,110,403,DCA_02,0.5128074689211419,0.4166341274463523,MEDIUM,IN_PROGRESS
C8131,20790,99,521,DCA_02,0.4004181781877826,0.3975494275946654,MEDIUM,IN_PROGRESS
C8132,59655,241,581,DCA_02,0.7329681588783411,0.4998859135571583,MEDIUM,RECOVERED
C8133,60643,202,687,DCA_02,0.4785890134528686,0.316934062325806,MEDIUM,IN_PROGRESS
C8134,94448,122,671,DCA_02,0.8784981409046975,0.33878049156704804,MEDIUM,IN_PROGRESS
C8135,48374,117,428,DCA_01,0.7022036416976978,0.45972824280070823,MEDIUM,RECOVERED
C8136,43907,96,703,DCA_02,0.8248259107619189,0.30375536793467617,MEDIUM,IN_PROGRESS
C8137,51071,234,519,DCA_01,0.8028107591260456,0.42806556605373525,MEDIUM,RECOVERED
C8138,35812,67,472,DCA_01,0.6788988623384979,0.36644647420889387,MEDIUM,IN_PROGRESS
C8139,50570,218,771,DCA_01,0.6191753568087899,0.34606185545726453,MEDIUM,IN_PROGRESS
C8140,51901,15,752,DCA_02,0.6483992040479295,0.2833424630830653,LOW,RECOVERED
C8141,61186,273,801,DCA_02,0.8014943702284394,0.44654921687944626,MEDIUM,IN_PROGRESS
C8142,51251,219,351,DCA_01,0.7202253527725009,0.6014211926229716,HIGH,RECOVERED
C8143,66171,274,393,DCA_02,0.5028585905041274,0.6174449044769039,HIGH,RECOVERED
C8144,37160,147,875,DCA_02,0.7046775598327942,0.26315546359617425,LOW,RECOVERED
C8145,20156,332,320,DCA_01,0.602333289468058,0.6479393041211507,HIGH,RECOVERED
C8146,77208,344,405,DCA_02,0.4306487536421229,0.6096352365945947,HIGH,RECOVERED
C8147,80980,152,499,DCA_01,0.5906345968847886,0.4325072306857024,MEDIUM,IN_PROGRESS
C8148,73320,347,651,DCA_02,0.5138007656143628,0.5223053555306182,MEDIUM,RECOVERED
C8149,18929,304,580,DCA_01,0.8192922668920841,0.5026802192333812,MEDIUM,RECOVERED
C8150,67606,15,581,DCA_02,0.4524997309613213,0.3439812246845856,MEDIUM,IN_PROGRESS
C8151,89442,354,838,DCA_02,0.5803117246517129,0.4000310555557328,MEDIUM,RECOVERED
C8152,63559,84,544,DCA_01,0.7477459906538726,0.3638665444577708,MEDIUM,RECOVERED
C8153,55205,192,874,DCA_02,0.8486959588701513,0.2917431369462864,LOW,RECOVERED
C8154,69475,41,728,DCA_02,0.5676583550291583,0.2503640807043904,LOW,IN_PROGRESS
C8155,65341,352,337,DCA_02,0.7032192628996575,0.6214527458007504,HIGH,IN_PROGRESS
C8156,96377,324,718,DCA_02,0.586824795034911,0.4099831088663034,MEDIUM,RECOVERED
C8157,43863,261,601,DCA_01,0.5014405676909455,0.5207360212590435,MEDIUM,RECOVERED
C8158,82837,309,370,DCA_01,0.5628589004906777,0.5382971208144542,MEDIUM,RECOVERED
C8159,66439,136,824,DCA_02,0.7179510816156534,0.26488142988363717,LOW,IN_PROGRESS
C8160,8194,278,473,DCA_01,0.7581696693061417,0.537487027634592,MEDIUM,RECOVERED
C8161,72387,106,389,DCA_01,0.5853028027343594,0.43464858771471393,MEDIUM,IN_PROGRESS
C8162,82914,7,667,DCA_01,0.4762660245924931,0.2929722033300872,LOW,IN_PROGRESS
C8163,67214,302,506,DCA_01,0.4697787561779361,0.5440840430446141,MEDIUM,RECOVERED
C8164,97176,30,361,DCA_01,0.8063070497816319,0.4450201472096009,MEDIUM,RECOVERED
C8165,30777,126,618,DCA_01,0.7266367604794608,0.3799228673128101,MEDIUM,RECOVERED
C8166,27183,357,850,DCA_01,0.7640154033152251,0.4175016576386621,MEDIUM,RECOVERED
C8167,28445,79,359,DCA_01,0.6441271088161096,0.44977192873813465,MEDIUM,IN_PROGRESS
C8168,68038,67,404,DCA_01,0.6286598904767653,0.5218813758667886,MEDIUM,RECOVERED
C8169,88201,23,538,DCA_01,0.5055750656285806,0.34213331783230727,MEDIUM,IN_PROGRESS
C8170,17198,189,761,DCA_01,0.484169851607847,0.28044091198577725,LOW,RECOVERED
C8171,22411,74,426,DCA_01,0.4769566722770632,0.4244168624179151,MEDIUM,IN_PROGRESS
C8172,51577,5,382,DCA_01,0.8958943237206657,0.37028151112707786,MEDIUM,RECOVERED
C8173,16867,82,519,DCA_02,0.8104458675206648,0.4526013393860685,MEDIUM,IN_PROGRESS
C8174,63501,25,707,DCA_02,0.7130648035347412,0.3180793544739223,MEDIUM,RECOVERED
C8175,15266,264,885,DCA_01,0.5072019583153129,0.3160761674964103,MEDIUM,RECOVERED
C8176,40422,2,729,DCA_01,0.568829403788408,0.2838965052566004,LOW,RECOVERED
C8177,36208,278,873,DCA_01,0.5753928581232952,0.3684723698870942,MEDIUM,RECOVERED
C8178,32213,328,812,DCA_01,0.6388367030072202,0.43240438647702295,MEDIUM,IN_PROGRESS
C8179,8367,343,378,DCA_01,0.6109983971452505,0.6231435817657098,HIGH,RECOVERED
C8180,80026,224,364,DCA_02,0.8670765920782912,0.6437732980717183,HIGH,IN_PROGRESS
C8181,36362,72,482,DCA_01,0.7604048312871418,0.4059645049573174,MEDIUM,IN_PROGRESS
C8182,52588,68,365,DCA_01,0.4407026219948832,0.41300207760167895,MEDIUM,IN_PROGRESS
C8183,39285,320,507,DCA_02,0.5799784000337225,0.5664756775260714,MEDIUM,RECOVERED
C8184,75755,94,353,DCA_01,0.4664813147476076,0.5454536371634593,MEDIUM,IN_PROGRESS
C8185,72846,19,520,DCA_01,0.539677277466987,0.28877142988191706,LOW,RECOVERED
C8186,37307,128,535,DCA_01,0.879446501677039,0.43141759098978205,MEDIUM,RECOVERED
C8187,96167,343,737,DCA_01,0.7526317725874954,0.40250762542707264,MEDIUM,IN_PROGRESS
C8188,81280,82,402,DCA_02,0.4039260980246912,0.4381845817021087,MEDIUM,RECOVERED
C8189,20867,254,735,DCA_01,0.5644306462212624,0.3810428847772802,MEDIUM,IN_PROGRESS
C8190,57523,221,720,DCA_02,0.6193508685172082,0.3702435258500527,MEDIUM,RECOVERED
C8191,85161,343,407,DCA_02,0.7012507145163837,0.5824278028680642,MEDIUM,RECOVERED
C8192,7378,97,823,DCA_02,0.6498635089923253,0.23355566759165702,LOW,RECOVERED
C8193,85685,52,742,DCA_02,0.4348863753014666,0.26691468513244554,LOW,RECOVERED
C8194,77958,175,805,DCA_02,0.6577737343417409,0.3063263378991279,MEDIUM,IN_PROGRESS
C8195,28926,338,703,DCA_02,0.4651296380265375,0.4493937121882562,MEDIUM,RECOVERED
C8196,99707,182,642,DCA_02,0.6595998843658202,0.38612130392433097,MEDIUM,RECOVERED
C8197,14180,353,897,DCA_02,0.5230343049860526,0.3902604276384345,MEDIUM,RECOVERED
C8198,93837,115,626,DCA_02,0.4720961495378501,0.39712763569338083,MEDIUM,RECOVERED
C8199,37931,348,513,DCA_02,0.5439614695527475,0.6325633387320093,HIGH,RECOVERED
C8200,25014,1,855,DCA_01,0.4498110392656642,0.19650852814199404,LOW,RECOVERED
C8201,97472,63,621,DCA_01,0.541991861659907,0.32899943245085794,MEDIUM,IN_PROGRESS
C8202,80872,248,377,DCA_02,0.8334663522847612,0.5911756485582076,MEDIUM,IN_PROGRESS
C8203,59502,231,354,DCA_01,0.5535853485817515,0.48086051087432846,MEDIUM,RECOVERED
C8204,88736,226,370,DCA_01,0.6351110170727443,0.5840148289186172,MEDIUM,RECOVERED
C8205,6470,19,367,DCA_02,0.6599041791098041,0.502094546513774,MEDIUM,IN_PROGRESS
C8206,97395,31,479,DCA_02,0.489145379667229,0.3590406584912488,MEDIUM,IN_PROGRESS
C8207,15953,333,679,DCA_02,0.6208922294961514,0.5460361516447718,MEDIUM,IN_PROGRESS
C8208,39507,121,749,DCA_01,0.826490560791308,0.32138088936832465,MEDIUM,RECOVERED
C8209,93969,24,560,DCA_01,0.4402635368860156,0.39314187322947736,MEDIUM,RECOVERED
C8210,92493,325,746,DCA_01,0.8614098108877903,0.3537531198923157,MEDIUM,RECOVERED
C8211,7523,211,430,DCA_01,0.8355567844583531,0.5401313254354008,MEDIUM,RECOVERED
C8212,87923,161,533,DCA_02,0.827914759345775,0.43773931520296705,MEDIUM,IN_PROGRESS
C8213,58190,255,453,DCA_01,0.4992713878352328,0.5092455051131134,MEDIUM,RECOVERED
C8214,48761,59,629,DCA_01,0.6421567992582426,0.2611691731033191,LOW,RECOVERED
C8215,32169,114,352,DCA_01,0.7080777352529507,0.4900152602435628,MEDIUM,RECOVERED
C8216,46641,160,767,DCA_01,0.4499749620058733,0.265563238745367,LOW,RECOVERED
C8217,23990,220,712,DCA_01,0.6784227562677987,0.3113180101139339,MEDIUM,IN_PROGRESS
C8218,30661,357,313,DCA_01,0.8200216067639119,0.6214434257460906,HIGH,IN_PROGRESS
C8219,14419,169,795,DCA_01,0.8682769695594885,0.27994910397371775,LOW,RECOVERED
C8220,15457,12,816,DCA_02,0.5391642632723019,0.20503223626337286,LOW,RECOVERED
C8221,68600,242,667,DCA_01,0.5443696612328274,0.43417679248190844,MEDIUM,IN_PROGRESS
C8222,77102,139,838,DCA_01,0.5353653086849557,0.2802657884300773,LOW,IN_PROGRESS
C8223,34085,97,751,DCA_02,0.4767250365569552,0.26225055485780246,LOW,RECOVERED
C8224,98064,147,840,DCA_01,0.615356876907786,0.26724295665765785,LOW,IN_PROGRESS
C8225,51654,182,814,DCA_01,0.7922344241230033,0.34143386865631964,MEDIUM,RECOVERED
C8226,7130,57,780,DCA_01,0.7560443203090995,0.20090230876481774,LOW,RECOVERED
C8227,3042,42,713,DCA_02,0.85015967565898,0.2415263989818448,LOW,RECOVERED
C8228,71134,354,527,DCA_02,0.5778707413549682,0.5254949953402024,MEDIUM,RECOVERED
C8229,43982,199,436,DCA_01,0.6861096258776042,0.5225916201555053,MEDIUM,IN_PROGRESS
C8230,99422,31,539,DCA_02,0.7832677472911235,0.38926098794911757,MEDIUM,RECOVERED
C8231,66185,180,771,DCA_01,0.8490866520431455,0.2921714404795055,LOW,RECOVERED
C8232,34477,2,817,DCA_02,0.8358771559949809,0.19391574042872772,LOW,RECOVERED
C8233,53709,288,760,DCA_01,0.6327587972147868,0.3991571538039078,MEDIUM,IN_PROGRESS
C8234,29716,138,604,DCA_02,0.8534289168423891,0.3600550504196224,MEDIUM,IN_PROGRESS
C8235,79137,105,480,DCA_02,0.6220278796464562,0.4115765951525653,MEDIUM,IN_PROGRESS
C8236,37018,218,329,DCA_02,0.8514161089944039,0.5802615138975481,MEDIUM,IN_PROGRESS
C8237,9061,222,339,DCA_01,0.7884854034473531,0.5425501655385596,MEDIUM,RECOVERED
C8238,9609,331,486,DCA_02,0.5108239610963151,0.5457466319928275,MEDIUM,IN_PROGRESS
C8239,36371,105,618,DCA_01,0.8648338370765549,0.3058813135282764,MEDIUM,RECOVERED
C8240,84021,127,526,DCA_02,0.521232295466908,0.3704942831549588,MEDIUM,IN_PROGRESS
C8241,21805,265,623,DCA_01,0.8542099810904245,0.40015731641621244,MEDIUM,RECOVERED
C8242,8857,200,342,DCA_01,0.7075545347245231,0.6126321425674723,HIGH,RECOVERED
C8243,12620,252,577,DCA_02,0.7336880536003285,0.4466357566352863,MEDIUM,RECOVERED
C8244,9177,15,618,DCA_02,0.4546667415088692,0.3702599459551107,MEDIUM,IN_PROGRESS
C8245,31111,226,473,DCA_01,0.4328705142196101,0.4745485275852135,MEDIUM,RECOVERED
C8246,89578,353,340,DCA_02,0.8841705121701531,0.6715710857459083,HIGH,RECOVERED
C8247,85181,105,708,DCA_01,0.5684638628628659,0.27238679193055926,LOW,RECOVERED
C8248,90941,233,861,DCA_02,0.8221855600985479,0.3048770114745264,MEDIUM,RECOVERED
C8249,12826,319,622,DCA_02,0.752237725095048,0.45386155047117294,MEDIUM,RECOVERED
C8250,14890,219,479,DCA_01,0.7020691905767156,0.47517600930978876,MEDIUM,RECOVERED
C8251,83428,277,458,DCA_02,0.7426049760565059,0.611137952547397,HIGH,IN_PROGRESS
C8252,59031,261,336,DCA_02,0.4446935851057282,0.5106777201878864,MEDIUM,RECOVERED
C8253,76020,341,705,DCA_01,0.6061976231568855,0.44591771635165,MEDIUM,RECOVERED
C8254,6495,336,838,DCA_02,0.7035381953005078,0.3485988565789876,MEDIUM,RECOVERED
C8255,29481,190,675,DCA_01,0.8337814774526563,0.35716791709794204,MEDIUM,IN_PROGRESS
C8256,12267,198,555,DCA_02,0.7573436748006173,0.4098836240909336,MEDIUM,RECOVERED
C8257,7743,353,577,DCA_02,0.5264036333298573,0.5555696646807068,MEDIUM,RECOVERED
C8258,55800,277,548,DCA_02,0.8924631449454532,0.42997769481000525,MEDIUM,RECOVERED
C8259,49773,336,316,DCA_01,0.7215182954100772,0.6535020465466543,HIGH,IN_PROGRESS
C8260,58042,39,667,DCA_02,0.6506583090467843,0.30774714855585317,MEDIUM,IN_PROGRESS
C8261,50476,162,424,DCA_01,0.7906894068049477,0.4855593888148383,MEDIUM,RECOVERED
C8262,93105,121,611,DCA_02,0.7013502022374751,0.3892546129860237,MEDIUM,IN_PROGRESS
C8263,29552,262,511,DCA_02,0.754994273084284,0.5471341465700171,MEDIUM,IN_PROGRESS
C8264,66242,216,771,DCA_01,0.7085666196241995,0.3517420541162912,MEDIUM,RECOVERED
C8265,46772,312,714,DCA_01,0.4894190121158931,0.5178549877180009,MEDIUM,RECOVERED
C8266,44730,49,799,DCA_02,0.6716780304188146,0.27149341192259036,LOW,IN_PROGRESS
C8267,29948,92,480,DCA_01,0.5415505767450268,0.43877663184287885,MEDIUM,RECOVERED
C8268,77311,129,688,DCA_01,0.685144222604793,0.3352684181204436,MEDIUM,RECOVERED
C8269,70093,321,486,DCA_02,0.4627517718816007,0.527465442859394,MEDIUM,IN_PROGRESS
C8270,70123,28,767,DCA_01,0.515982879320346,0.19731523415750774,LOW,RECOVERED
C8271,17535,356,756,DCA_02,0.8043612967246129,0.42316791913633434,MEDIUM,IN_PROGRESS
C8272,67490,148,433,DCA_01,0.6026352718200823,0.46886262671451273,MEDIUM,IN_PROGRESS
C8273,47562,328,474,DCA_01,0.7368924428224715,0.6503315519561936,HIGH,RECOVERED
C8274,90080,65,560,DCA_02,0.6489242455331727,0.3961053122577015,MEDIUM,IN_PROGRESS
C8275,59535,218,616,DCA_02,0.5703486202884985,0.3884781427504974,MEDIUM,RECOVERED
C8276,99991,51,568,DCA_02,0.6475876252080349,0.4173049672132454,MEDIUM,RECOVERED
C8277,42269,305,769,DCA_01,0.8068500732779174,0.3669925475279867,MEDIUM,RECOVERED
C8278,81674,74,523,DCA_02,0.5408003318820584,0.3207852361144031,MEDIUM,IN_PROGRESS
C8279,43462,199,551,DCA_01,0.610721805959116,0.4279469624050356,MEDIUM,IN_PROGRESS
C8280,4127,192,363,DCA_01,0.501291642224432,0.5410599157560252,MEDIUM,IN_PROGRESS
C8281,24147,189,763,DCA_02,0.5755944829265547,0.30539090904417154,MEDIUM,IN_PROGRESS
C8282,46528,12,423,DCA_02,0.8425548545219173,0.3629317754827246,MEDIUM,IN_PROGRESS
C8283,78095,239,881,DCA_01,0.7928612560657935,0.27160004282182726,LOW,RECOVERED
C8284,69931,360,537,DCA_02,0.5868076463716139,0.6225726650901608,HIGH,IN_PROGRESS
C8285,91925,81,374,DCA_02,0.4661972920311553,0.4212937039338761,MEDIUM,RECOVERED
C8286,67381,270,741,DCA_01,0.6099850119498619,0.44361998728683316,MEDIUM,IN_PROGRESS
C8287,64749,290,799,DCA_01,0.7858612028090555,0.45927453051517175,MEDIUM,RECOVERED
C8288,39672,48,821,DCA_01,0.4219004984789406,0.21376271960079396,LOW,RECOVERED
C8289,14731,317,567,DCA_01,0.7726703405183544,0.5160680874190829,MEDIUM,IN_PROGRESS
C8290,55512,209,786,DCA_01,0.7399549654044839,0.3374337931342497,MEDIUM,RECOVERED
C8291,99658,35,899,DCA_02,0.4323244712439244,0.22107008714796594,LOW,IN_PROGRESS
C8292,52024,119,349,DCA_02,0.7178201446538899,0.5087325258148039,MEDIUM,RECOVERED
C8293,4832,65,358,DCA_01,0.5493279234845275,0.3959376799298684,MEDIUM,RECOVERED
C8294,33332,315,753,DCA_02,0.4886426601671728,0.3599327524302047,MEDIUM,RECOVERED
C8295,13467,242,371,DCA_02,0.5924409756464969,0.5944248313067018,MEDIUM,IN_PROGRESS
C8296,42025,36,489,DCA_01,0.5026938803392371,0.37044678423482824,MEDIUM,RECOVERED
C8297,14107,252,861,DCA_02,0.8122779391863547,0.3567815327473314,MEDIUM,RECOVERED
C8298,78994,243,865,DCA_02,0.7710002529100549,0.3227072044377729,MEDIUM,IN_PROGRESS
C8299,95202,42,455,DCA_02,0.8903764752021589,0.3444312847510509,MEDIUM,IN_PROGRESS
C8300,44481,69,862,DCA_01,0.6670374232116996,0.2571942430568491,LOW,RECOVERED
C8301,3581,107,384,DCA_02,0.4446029108877233,0.45457831186334985,MEDIUM,RECOVERED
C8302,76118,39,368,DCA_01,0.5838843108226545,0.5235538905300172,MEDIUM,IN_PROGRESS
C8303,52638,69,684,DCA_01,0.8193185244608646,0.35514061038834144,MEDIUM,IN_PROGRESS
C8304,9418,180,672,DCA_01,0.5984316054153662,0.4252835198390337,MEDIUM,RECOVERED
C8305,94627,12,354,DCA_02,0.6278375635324447,0.4295719249799195,MEDIUM,RECOVERED
C8306,30113,339,384,DCA_02,0.6059854313787574,0.6308594473124799,HIGH,IN_PROGRESS
C8307,85363,204,891,DCA_02,0.5176893450341924,0.2733778846499173,LOW,IN_PROGRESS
C8308,64044,36,616,DCA_01,0.436597605659185,0.3691926063328145,MEDIUM,RECOVERED
C8309,80955,126,463,DCA_01,0.4902801619504707,0.4555024545071312,MEDIUM,IN_PROGRESS
C8310,62030,63,551,DCA_02,0.5819715388606108,0.37811950132619254,MEDIUM,RECOVERED
C8311,12814,332,451,DCA_01,0.5227188445960678,0.6292742006658745,HIGH,IN_PROGRESS
C8312,11024,82,635,DCA_01,0.6863675999952576,0.3026328901476325,MEDIUM,RECOVERED
C8313,64288,307,667,DCA_02,0.7069528304559651,0.49507565680704835,MEDIUM,RECOVERED
C8314,58836,299,899,DCA_01,0.685033037418554,0.34805173357602426,MEDIUM,RECOVERED
C8315,8435,34,399,DCA_01,0.4424595179518256,0.39998069601188624,MEDIUM,RECOVERED
C8316,68084,240,419,DCA_02,0.7334301599832311,0.47556383381811396,MEDIUM,RECOVERED
C8317,71601,97,684,DCA_02,0.5922897423408232,0.2692837289187855,LOW,RECOVERED
C8318,89416,49,602,DCA_02,0.8390793886290538,0.31629601098679627,MEDIUM,RECOVERED
C8319,4407,146,448,DCA_02,0.6628071844927467,0.4589769008280796,MEDIUM,IN_PROGRESS
C8320,99943,125,500,DCA_01,0.4422573344289155,0.42311528045788094,MEDIUM,RECOVERED
C8321,33940,189,302,DCA_01,0.4046090447502786,0.5988917561788366,MEDIUM,IN_PROGRESS
C8322,6666,57,699,DCA_02,0.7512561461988466,0.2964000363059617,LOW,RECOVERED
C8323,38122,349,367,DCA_02,0.6002553681388497,0.6016523195693437,HIGH,RECOVERED
C8324,26092,109,453,DCA_01,0.5439979368390122,0.435103472072335,MEDIUM,RECOVERED
C8325,76645,5,793,DCA_02,0.623589520463222,0.17415897245766343,LOW,RECOVERED
C8326,27505,24,481,DCA_02,0.4361964471115687,0.38191382945578234,MEDIUM,RECOVERED
C8327,37713,221,824,DCA_02,0.5959921673713215,0.29732143612541817,LOW,RECOVERED
C8328,55387,315,488,DCA_01,0.5573498791511526,0.5490358763214204,MEDIUM,RECOVERED
C8329,44169,294,319,DCA_01,0.8000945697161739,0.611223282950331,HIGH,RECOVERED
C8330,74282,10,582,DCA_01,0.4874270038427077,0.3012706843713382,MEDIUM,IN_PROGRESS
C8331,78511,165,309,DCA_02,0.7781584517640682,0.602357739678457,HIGH,IN_PROGRESS
C8332,52742,215,830,DCA_01,0.6502012662788352,0.3438121330147519,MEDIUM,RECOVERED
C8333,41522,126,602,DCA_02,0.4409439745427135,0.3389712001437388,MEDIUM,IN_PROGRESS
C8334,82132,267,540,DCA_01,0.8848392741798905,0.49353436640166826,MEDIUM,RECOVERED
C8335,4880,280,451,DCA_02,0.7671048246841269,0.4659354946816804,MEDIUM,RECOVERED
C8336,44454,88,636,DCA_02,0.5300471336445225,0.32620254589147557,MEDIUM,RECOVERED
C8337,56711,114,487,DCA_02,0.6908766443004157,0.45398291317551753,MEDIUM,RECOVERED
C8338,44539,21,763,DCA_01,0.8499677649069859,0.2713670976489496,LOW,RECOVERED
C8339,69321,148,476,DCA_02,0.865403483923801,0.41535755276080655,MEDIUM,RECOVERED
C8340,88985,245,476,DCA_01,0.7655790200990908,0.5802971018016334,MEDIUM,RECOVERED
C8341,15799,266,714,DCA_01,0.7638350773013727,0.36724135880994124,MEDIUM,RECOVERED
C8342,61102,217,877,DCA_01,0.5386806235120498,0.3427829881731733,MEDIUM,RECOVERED
C8343,51726,240,609,DCA_02,0.8948809755960341,0.4695797432171527,MEDIUM,RECOVERED
C8344,49784,232,301,DCA_02,0.5217406024190809,0.5842258859693844,MEDIUM,IN_PROGRESS
C8345,44333,232,616,DCA_01,0.444703215491731,0.5052303592021976,MEDIUM,IN_PROGRESS
C8346,41828,242,808,DCA_02,0.8886900868172303,0.2806577330713974,LOW,RECOVERED
C8347,70526,190,871,DCA_01,0.4764227321009462,0.2641390829410246,LOW,IN_PROGRESS
C8348,55362,229,667,DCA_01,0.6608067391761148,0.3513198815041365,MEDIUM,IN_PROGRESS
C8349,54997,66,854,DCA_02,0.6341217019130265,0.2095466398288981,LOW,RECOVERED
C8350,51341,279,525,DCA_02,0.8241030117527575,0.5288001454988056,MEDIUM,IN_PROGRESS
C8351,20073,269,779,DCA_02,0.5983296131477744,0.389795738535639,MEDIUM,RECOVERED
C8352,15549,209,362,DCA_02,0.6510907299650217,0.568415275843932,MEDIUM,IN_PROGRESS
C8353,84795,16,579,DCA_02,0.4218688497189619,0.39928912345186784,MEDIUM,RECOVERED
C8354,57920,297,313,DCA_02,0.5039186545631795,0.6608822254212555,HIGH,RECOVERED
C8355,86326,220,327,DCA_02,0.816497829152818,0.5531459503161298,MEDIUM,IN_PROGRESS
C8356,76515,257,441,DCA_02,0.6391806011895906,0.5414228025599375,MEDIUM,RECOVERED
C8357,21316,268,889,DCA_01,0.5154658600056978,0.28524101340339003,LOW,IN_PROGRESS
C8358,27183,229,772,DCA_01,0.5844536718066711,0.2716912095748132,LOW,RECOVERED
C8359,94860,119,823,DCA_01,0.5425478115366429,0.23683085687486716,LOW,IN_PROGRESS
C8360,25624,178,483,DCA_01,0.6781104036624597,0.46052495237329527,MEDIUM,RECOVERED
C8361,63515,20,616,DCA_02,0.4257230091110034,0.2333081838728167,LOW,IN_PROGRESS
C8362,86781,36,660,DCA_01,0.512484925373025,0.3310333165742344,MEDIUM,IN_PROGRESS
C8363,47705,335,744,DCA_02,0.5774824979548168,0.3871603915915398,MEDIUM,IN_PROGRESS
C8364,90326,108,595,DCA_02,0.8641070518318628,0.39568452436410384,MEDIUM,RECOVERED
C8365,27756,189,703,DCA_02,0.711639104755194,0.3245187014286014,MEDIUM,RECOVERED
C8366,61390,178,562,DCA_01,0.6521268278062651,0.5107840889117098,MEDIUM,IN_PROGRESS
C8367,69369,96,676,DCA_01,0.4954117268897225,0.32501925977754864,MEDIUM,RECOVERED
C8368,71821,315,884,DCA_02,0.6789265100947224,0.3184052559427134,MEDIUM,IN_PROGRESS
C8369,10589,20,367,DCA_01,0.8645047752667201,0.3916921536121436,MEDIUM,RECOVERED
C8370,15116,164,770,DCA_01,0.6831546522828149,0.23834654058677684,LOW,IN_PROGRESS
C8371,74181,97,346,DCA_01,0.4823870284773907,0.43288844427072604,MEDIUM,IN_PROGRESS
C8372,45786,143,357,DCA_02,0.8985594985989203,0.5702738598293072,MEDIUM,RECOVERED
C8373,95686,62,323,DCA_01,0.649428792461437,0.46562216593837524,MEDIUM,RECOVERED
C8374,77425,242,589,DCA_02,0.5597776316927618,0.4534958552927817,MEDIUM,RECOVERED
C8375,31286,238,743,DCA_01,0.6516880661681191,0.3574144448932418,MEDIUM,RECOVERED
C8376,16994,131,702,DCA_01,0.5318453976197506,0.3585176978500926,MEDIUM,IN_PROGRESS
C8377,91198,93,323,DCA_01,0.4151865838928117,0.4979162263423572,MEDIUM,IN_PROGRESS
C8378,27639,91,363,DCA_01,0.8447606441418574,0.4339239681618293,MEDIUM,RECOVERED
C8379,18205,133,538,DCA_02,0.6144372154177762,0.4054582125391002,MEDIUM,RECOVERED
C8380,57677,123,582,DCA_01,0.7764463501227431,0.41774463786643024,MEDIUM,IN_PROGRESS
C8381,33930,342,741,DCA_01,0.8856276899464467,0.5203937558612324,MEDIUM,IN_PROGRESS
C8382,74313,118,599,DCA_01,0.7162937882394794,0.3573896689321002,MEDIUM,IN_PROGRESS
C8383,94851,198,392,DCA_02,0.7458081692982628,0.5753566174617003,MEDIUM,RECOVERED
C8384,93509,282,876,DCA_01,0.8716204737989293,0.35373975607347297,MEDIUM,IN_PROGRESS
C8385,19316,1,674,DCA_01,0.6582772230082863,0.2557598960805858,LOW,IN_PROGRESS
C8386,28304,211,609,DCA_01,0.559949938949632,0.33477411769926835,MEDIUM,RECOVERED
C8387,97058,263,466,DCA_01,0.8606921283267133,0.5013895349270323,MEDIUM,IN_PROGRESS
C8388,88876,332,306,DCA_02,0.434497054388969,0.6297437660023164,HIGH,IN_PROGRESS
C8389,86366,212,342,DCA_01,0.5073039768698966,0.5524697375266844,MEDIUM,RECOVERED
C8390,14403,87,639,DCA_02,0.5706323236445889,0.26989666405656343,LOW,RECOVERED
C8391,81052,153,452,DCA_01,0.7910558105651952,0.4798608471743684,MEDIUM,IN_PROGRESS
C8392,85627,350,342,DCA_01,0.8519507233592765,0.6441324269568625,HIGH,RECOVERED
C8393,74495,187,500,DCA_02,0.6258932748803994,0.3781451297330114,MEDIUM,RECOVERED
C8394,32932,61,847,DCA_02,0.5430638458374526,0.18874690540152994,LOW,RECOVERED
C8395,97090,285,525,DCA_01,0.5766053621589278,0.5067882269500221,MEDIUM,RECOVERED
C8396,37701,95,820,DCA_02,0.7282736571178962,0.2604268901262753,LOW,IN_PROGRESS
C8397,4385,274,638,DCA_02,0.4790035583017901,0.3975654842942077,MEDIUM,IN_PROGRESS
C8398,58241,41,634,DCA_02,0.673715392935608,0.3427078255180137,MEDIUM,RECOVERED
C8399,11367,147,480,DCA_02,0.6942216490092898,0.4590120113350118,MEDIUM,RECOVERED
C8400,66030,246,832,DCA_01,0.7539278752043965,0.32478275047173955,MEDIUM,IN_PROGRESS
C8401,47505,132,571,DCA_01,0.7019489541419377,0.43958482357190254,MEDIUM,RECOVERED
C8402,34332,297,493,DCA_01,0.4484778107330662,0.549139577862214,MEDIUM,IN_PROGRESS
C8403,86178,123,837,DCA_02,0.7443994438604677,0.2488051190451397,LOW,RECOVERED
C8404,77325,143,780,DCA_02,0.4108737153199219,0.3352415212564117,MEDIUM,IN_PROGRESS
C8405,36268,182,397,DCA_02,0.5951544018060297,0.5103727480118172,MEDIUM,IN_PROGRESS
C8406,87486,192,729,DCA_01,0.6085314688568182,0.34981601875968316,MEDIUM,RECOVERED
C8407,26563,207,811,DCA_02,0.4583152409950685,0.3426457350211999,MEDIUM,RECOVERED
C8408,37404,231,626,DCA_01,0.4049285697176865,0.47751600555295615,MEDIUM,RECOVERED
C8409,56182,22,877,DCA_02,0.4355809206739507,0.1992278947146372,LOW,RECOVERED
C8410,33991,80,715,DCA_02,0.6231499811923893,0.3646995252207065,MEDIUM,RECOVERED
C8411,48663,130,410,DCA_02,0.5201771209838768,0.42731182987375427,MEDIUM,IN_PROGRESS
C8412,66886,292,511,DCA_02,0.434490198901562,0.46225088165847994,MEDIUM,RECOVERED
C8413,84848,276,870,DCA_02,0.528202705473801,0.36541678016447854,MEDIUM,RECOVERED
C8414,25127,323,329,DCA_01,0.6644111772194906,0.6847029192947369,HIGH,RECOVERED
C8415,58692,55,566,DCA_02,0.7710694194754802,0.38441701780340565,MEDIUM,IN_PROGRESS
C8416,95389,66,649,DCA_01,0.6060006734991057,0.3257027111969145,MEDIUM,RECOVERED
C8417,38500,227,813,DCA_01,0.7065744801882997,0.32825045563205824,MEDIUM,IN_PROGRESS
C8418,34785,26,513,DCA_02,0.6983823370850359,0.3510836521590355,MEDIUM,IN_PROGRESS
C8419,85146,253,550,DCA_01,0.8481572538655087,0.5137322846491525,MEDIUM,RECOVERED
C8420,90126,197,842,DCA_02,0.4896971365559313,0.3422281198789294,MEDIUM,RECOVERED
C8421,95979,130,618,DCA_02,0.6382152217507764,0.36870162419308383,MEDIUM,RECOVERED
C8422,48997,243,482,DCA_02,0.715914865758759,0.464756486062904,MEDIUM,RECOVERED
C8423,8170,312,488,DCA_02,0.6598611625273336,0.5765998811441302,MEDIUM,IN_PROGRESS
C8424,14303,212,426,DCA_01,0.6251707929309258,0.4796284723935512,MEDIUM,RECOVERED
C8425,72743,190,595,DCA_02,0.886729491358881,0.5017273283783263,MEDIUM,RECOVERED
C8426,78852,290,322,DCA_02,0.8710069172352175,0.5702126599757993,MEDIUM,RECOVERED
C8427,36187,226,829,DCA_02,0.7057277225264432,0.281541247058271,LOW,RECOVERED
C8428,66034,246,378,DCA_01,0.6197878546791344,0.6496206856708535,HIGH,IN_PROGRESS
C8429,72776,56,845,DCA_01,0.7776910606532834,0.20938774963349593,LOW,IN_PROGRESS
C8430,2893,55,769,DCA_02,0.6564673732083897,0.21896759647388764,LOW,RECOVERED
C8431,14753,276,604,DCA_02,0.8977848107221702,0.41597902333220615,MEDIUM,RECOVERED
C8432,39090,306,747,DCA_01,0.7429686476112762,0.36602534077180815,MEDIUM,RECOVERED
C8433,65922,340,498,DCA_02,0.4340800298234453,0.5410637735613859,MEDIUM,IN_PROGRESS
C8434,77768,153,490,DCA_02,0.6009553272003119,0.5021052930347515,MEDIUM,IN_PROGRESS
C8435,60412,53,531,DCA_02,0.7651323489075672,0.3389242426937016,MEDIUM,IN_PROGRESS
C8436,57030,111,873,DCA_02,0.8211846221345126,0.24729413775873532,LOW,RECOVERED
C8437,18509,204,853,DCA_02,0.8066847499864644,0.31080907187583184,MEDIUM,RECOVERED
C8438,69653,112,323,DCA_02,0.8886188621672182,0.48509298773503673,MEDIUM,IN_PROGRESS
C8439,37929,325,760,DCA_01,0.6445602474962545,0.3417399722893487,MEDIUM,IN_PROGRESS
C8440,49291,258,482,DCA_01,0.4700335211056031,0.5195345890261349,MEDIUM,RECOVERED
C8441,5042,16,732,DCA_01,0.7261215904992638,0.2693019736263148,LOW,RECOVERED
C8442,63574,350,382,DCA_02,0.4353744535793141,0.6517308643388523,HIGH,IN_PROGRESS
C8443,38201,166,392,DCA_02,0.8867616521543846,0.4368938648409285,MEDIUM,RECOVERED
C8444,93282,301,577,DCA_02,0.7792665351214842,0.5342632970221328,MEDIUM,RECOVERED
C8445,15016,280,384,DCA_02,0.8910741732133093,0.6292277900869923,HIGH,IN_PROGRESS
C8446,26022,158,872,DCA_01,0.5886264955084708,0.27994349836924715,LOW,IN_PROGRESS
C8447,28938,249,507,DCA_01,0.4078983475013698,0.5418904589233633,MEDIUM,IN_PROGRESS
C8448,44678,181,880,DCA_01,0.6606448490521397,0.3180631200694338,MEDIUM,RECOVERED
C8449,62720,191,743,DCA_01,0.4605916356669216,0.39332843740583956,MEDIUM,IN_PROGRESS
C8450,57805,139,669,DCA_02,0.7398138483459982,0.343102920490425,MEDIUM,RECOVERED
C8451,75323,78,775,DCA_02,0.6487757124742748,0.24632301609699225,LOW,IN_PROGRESS
C8452,2986,336,803,DCA_01,0.7767234881175925,0.3706118439080859,MEDIUM,RECOVERED
C8453,77478,50,530,DCA_02,0.5455343964619872,0.33001447587164157,MEDIUM,RECOVERED
C8454,83994,85,659,DCA_01,0.8145827821677363,0.39004460689083664,MEDIUM,RECOVERED
C8455,13161,183,862,DCA_01,0.7254102727353582,0.3043070857543251,MEDIUM,RECOVERED
C8456,21689,183,318,DCA_02,0.8938548614579915,0.6022136447775477,HIGH,IN_PROGRESS
C8457,95699,4,508,DCA_02,0.489278516265795,0.3427394071254737,MEDIUM,RECOVERED
C8458,61924,317,430,DCA_02,0.4255863761659781,0.5308180084533889,MEDIUM,RECOVERED
C8459,75308,111,683,DCA_01,0.8255249691656534,0.3050391921680803,MEDIUM,RECOVERED
C8460,64745,334,391,DCA_01,0.5692256431083293,0.5528377805708522,MEDIUM,RECOVERED
C8461,2211,339,842,DCA_02,0.6156231820035942,0.3262464076280366,MEDIUM,IN_PROGRESS
C8462,1229,251,661,DCA_02,0.8628341311581076,0.4775457640416574,MEDIUM,IN_PROGRESS
C8463,49542,133,423,DCA_01,0.6203484059307605,0.5305054440463719,MEDIUM,RECOVERED
C8464,15345,100,572,DCA_01,0.5490095381639912,0.2872073663855209,LOW,RECOVERED
C8465,32819,172,654,DCA_02,0.4297477472891003,0.310568705675468,MEDIUM,IN_PROGRESS
C8466,48779,287,399,DCA_01,0.6214676694344876,0.5573227592212455,MEDIUM,IN_PROGRESS
C8467,83421,119,600,DCA_02,0.7274757629722263,0.3409751297589202,MEDIUM,RECOVERED
C8468,93244,350,502,DCA_02,0.5345875288686098,0.5597575123995441,MEDIUM,RECOVERED
C8469,66584,175,320,DCA_02,0.7588896986516145,0.623510091929051,HIGH,RECOVERED
C8470,20950,30,497,DCA_01,0.6391319740162271,0.36720888302196486,MEDIUM,RECOVERED
C8471,16173,55,411,DCA_02,0.8290536460580546,0.47070852967323185,MEDIUM,RECOVERED
C8472,59032,361,448,DCA_02,0.4808687361379951,0.6254567722690769,HIGH,IN_PROGRESS
C8473,29036,196,680,DCA_02,0.7785398316325285,0.33939138568742966,MEDIUM,RECOVERED
C8474,72356,41,482,DCA_01,0.8662762883560018,0.4629105278087158,MEDIUM,IN_PROGRESS
C8475,15292,173,636,DCA_01,0.7706989680808389,0.35727898067409714,MEDIUM,RECOVERED
C8476,4052,330,637,DCA_02,0.6029686645213478,0.5097354588843396,MEDIUM,IN_PROGRESS
C8477,45377,219,599,DCA_01,0.5152278834721569,0.37631050701091007,MEDIUM,RECOVERED
C8478,90317,208,900,DCA_02,0.4491837083490949,0.2988816095245722,LOW,RECOVERED
C8479,68838,158,521,DCA_01,0.7211848488758059,0.487431700007776,MEDIUM,RECOVERED
C8480,68819,333,708,DCA_02,0.4714271578007715,0.4292799485541614,MEDIUM,RECOVERED
C8481,16620,228,417,DCA_01,0.8191520078143617,0.502397382197211,MEDIUM,RECOVERED
C8482,31461,85,473,DCA_01,0.880368671347722,0.44986830160244506,MEDIUM,IN_PROGRESS
C8483,21750,173,518,DCA_02,0.4678945891214562,0.3947071419996536,MEDIUM,IN_PROGRESS
C8484,99426,245,675,DCA_01,0.5880264756039333,0.4166402721436018,MEDIUM,RECOVERED
C8485,89719,360,618,DCA_02,0.8686360527346346,0.5697471767875308,MEDIUM,RECOVERED
C8486,10472,173,888,DCA_02,0.6353522910899507,0.26281529469338083,LOW,IN_PROGRESS
C8487,70263,335,387,DCA_01,0.6677080281830676,0.5952654637224207,MEDIUM,IN_PROGRESS
C8488,58602,212,377,DCA_02,0.7737579994819141,0.4552096647712316,MEDIUM,IN_PROGRESS
C8489,26523,84,740,DCA_02,0.5052667054543816,0.313816182727105,MEDIUM,RECOVERED
C8490,31766,173,500,DCA_02,0.8895745353743036,0.4559835818382958,MEDIUM,IN_PROGRESS
C8491,67060,183,875,DCA_01,0.7904417655038418,0.3119952465928034,MEDIUM,IN_PROGRESS
C8492,10079,133,714,DCA_02,0.4806866849044116,0.29789726682241024,LOW,RECOVERED
C8493,9399,288,303,DCA_01,0.4555347885843859,0.6358756750628674,HIGH,IN_PROGRESS
C8494,61726,262,382,DCA_02,0.8674771134938427,0.5765365603436214,MEDIUM,IN_PROGRESS
C8495,93906,350,792,DCA_01,0.7425138999384413,0.4099352234653657,MEDIUM,RECOVERED
C8496,17532,282,305,DCA_01,0.419283653061559,0.5980522329175957,MEDIUM,IN_PROGRESS
C8497,83357,293,646,DCA_01,0.4709936102617204,0.4372697087234251,MEDIUM,IN_PROGRESS
C8498,44162,269,833,DCA_01,0.4239146226129264,0.33174864135046145,MEDIUM,RECOVERED
C8499,4749,349,750,DCA_01,0.8870408532094655,0.48423623292190254,MEDIUM,RECOVERED
C8500,12353,197,444,DCA_02,0.6489254496095048,0.5570184602361602,MEDIUM,IN_PROGRESS
C8501,29477,25,301,DCA_01,0.6310742193309521,0.44673681537625853,MEDIUM,RECOVERED
C8502,25570,141,587,DCA_01,0.8778893830894281,0.350311479534988,MEDIUM,RECOVERED
C8503,87373,223,524,DCA_02,0.6523179977342395,0.474343683892518,MEDIUM,IN_PROGRESS
C8504,12437,20,736,DCA_02,0.6588774234798631,0.3164844970547883,MEDIUM,RECOVERED
C8505,39104,247,513,DCA_02,0.8920485816766668,0.5368325725722416,MEDIUM,RECOVERED
C8506,64370,328,465,DCA_01,0.4557161083736471,0.5763309443564231,MEDIUM,IN_PROGRESS
C8507,5551,201,672,DCA_02,0.8928773983939949,0.3432530927115225,MEDIUM,RECOVERED
C8508,69359,115,806,DCA_01,0.4828389499104529,0.27281570756480866,LOW,RECOVERED
C8509,55880,189,875,DCA_02,0.6364557318075259,0.26014555374981596,LOW,RECOVERED
C8510,13916,26,632,DCA_02,0.5688068398106676,0.2956614831005596,LOW,RECOVERED
C8511,81703,54,511,DCA_01,0.8777106242993098,0.3755782252979145,MEDIUM,IN_PROGRESS
C8512,42445,170,588,DCA_02,0.6427516544106135,0.43441434168085,MEDIUM,IN_PROGRESS
C8513,48636,11,465,DCA_01,0.4115072583954227,0.32490145752805966,MEDIUM,RECOVERED
C8514,74927,27,425,DCA_02,0.5108455671469945,0.41176786145891375,MEDIUM,RECOVERED
C8515,79194,350,456,DCA_01,0.6154060230431007,0.5646583150693931,MEDIUM,IN_PROGRESS
C8516,30685,83,872,DCA_01,0.7381952038144937,0.24293201458567748,LOW,RECOVERED
C8517,52134,290,331,DCA_01,0.6809514991774746,0.6774703852123408,HIGH,RECOVERED
C8518,89916,38,573,DCA_02,0.8249546468683101,0.35416638689288094,MEDIUM,IN_PROGRESS
C8519,95455,87,600,DCA_01,0.814216794016458,0.32155656607484207,MEDIUM,RECOVERED
C8520,68847,321,320,DCA_02,0.6952546502612305,0.6000279833435078,HIGH,RECOVERED
C8521,40993,156,823,DCA_01,0.6856574682284957,0.23297063543704888,LOW,IN_PROGRESS
C8522,45333,308,575,DCA_01,0.5390823580037818,0.4911771928738108,MEDIUM,RECOVERED
C8523,59865,286,306,DCA_01,0.878952932497254,0.6233458282891073,HIGH,RECOVERED
C8524,80096,186,754,DCA_02,0.4384256688693404,0.2896770936317622,LOW,IN_PROGRESS
C8525,50756,182,429,DCA_01,0.5985151292246214,0.5293947804200161,MEDIUM,RECOVERED
C8526,62192,143,598,DCA_02,0.7304179448130141,0.4360854601416967,MEDIUM,RECOVERED
C8527,61686,206,396,DCA_02,0.8728315500428567,0.5817077378215887,MEDIUM,RECOVERED
C8528,49733,142,576,DCA_02,0.6507648851915045,0.38276652970603275,MEDIUM,RECOVERED
C8529,26993,185,584,DCA_01,0.8479596632533111,0.3506767175004978,MEDIUM,IN_PROGRESS
C8530,31492,241,472,DCA_01,0.4523998889980431,0.5114740023834867,MEDIUM,RECOVERED
C8531,21981,8,631,DCA_02,0.6657920873652949,0.29468230733362877,LOW,RECOVERED
C8532,25143,72,504,DCA_02,0.5580252798705194,0.38899922035230605,MEDIUM,RECOVERED
C8533,78603,288,402,DCA_02,0.79784838095369,0.6220840077922754,HIGH,IN_PROGRESS
C8534,90452,95,659,DCA_01,0.6224974059509594,0.37612043062210077,MEDIUM,RECOVERED
C8535,61277,157,430,DCA_02,0.6376262430702134,0.4755268491813036,MEDIUM,RECOVERED
C8536,50990,41,338,DCA_02,0.4323910472623438,0.4715778645757347,MEDIUM,IN_PROGRESS
C8537,63888,331,606,DCA_02,0.6190050306193955,0.47870438683417027,MEDIUM,RECOVERED
C8538,70351,301,819,DCA_02,0.4404143484662233,0.39100033210164453,MEDIUM,RECOVERED
C8539,98372,269,345,DCA_01,0.5497810590451697,0.5722558829136621,MEDIUM,IN_PROGRESS
C8540,50999,155,493,DCA_02,0.4634407344417947,0.3793608401133266,MEDIUM,RECOVERED
C8541,71309,275,817,DCA_02,0.5672404622186795,0.397029129662263,MEDIUM,RECOVERED
C8542,13446,154,869,DCA_02,0.5136941724071256,0.22900136105540714,LOW,RECOVERED
C8543,31733,53,468,DCA_01,0.5425899769668986,0.4087575862970222,MEDIUM,IN_PROGRESS
C8544,77000,179,421,DCA_01,0.4741929200504818,0.436376295591427,MEDIUM,RECOVERED
C8545,49632,240,548,DCA_02,0.6198038065073315,0.43981709808660185,MEDIUM,IN_PROGRESS
C8546,22576,137,506,DCA_02,0.6487882367360324,0.39753802748665523,MEDIUM,IN_PROGRESS
C8547,4320,255,414,DCA_02,0.8183238465819569,0.5204179763081483,MEDIUM,IN_PROGRESS
C8548,11750,224,538,DCA_02,0.6694127013280251,0.40589061870547305,MEDIUM,RECOVERED
C8549,54463,180,865,DCA_02,0.5143787645019534,0.30464845604699375,MEDIUM,RECOVERED
C8550,27572,182,375,DCA_02,0.7679478483159969,0.5239559399212353,MEDIUM,IN_PROGRESS
C8551,18948,259,468,DCA_02,0.5486233733724726,0.5559346998688832,MEDIUM,RECOVERED
C8552,39826,243,347,DCA_02,0.7781982732729897,0.5427686604785713,MEDIUM,RECOVERED
C8553,90051,96,369,DCA_02,0.5935820291030509,0.40889653608511456,MEDIUM,RECOVERED
C8554,28867,197,807,DCA_02,0.6568375312930923,0.3015478683042013,MEDIUM,RECOVERED
C8555,61231,14,454,DCA_01,0.6518777840450979,0.3546254305212464,MEDIUM,RECOVERED
C8556,67262,120,858,DCA_02,0.8778179197101814,0.25722530486046447,LOW,RECOVERED
C8557,92356,269,760,DCA_01,0.4768326575830678,0.37562541769901037,MEDIUM,IN_PROGRESS
C8558,73233,171,672,DCA_02,0.8692777992792389,0.416628715715488,MEDIUM,IN_PROGRESS
C8559,45678,72,501,DCA_01,0.6809942936694311,0.40514974777297863,MEDIUM,RECOVERED
C8560,13963,179,616,DCA_02,0.8968442906848297,0.3992633363352105,MEDIUM,IN_PROGRESS
C8561,65360,170,750,DCA_01,0.6865691380093599,0.3654418749049215,MEDIUM,RECOVERED
C8562,50434,159,876,DCA_02,0.7281880546999273,0.2792754711972074,LOW,RECOVERED
C8563,67617,154,395,DCA_02,0.7747871015486254,0.551165197568606,MEDIUM,RECOVERED
C8564,21269,82,795,DCA_02,0.8108945896364241,0.2881520403513198,LOW,IN_PROGRESS
C8565,77312,57,661,DCA_02,0.638781804873902,0.32129475905036897,MEDIUM,IN_PROGRESS
C8566,98352,7,756,DCA_01,0.7392969435421293,0.2816048770634624,LOW,RECOVERED
C8567,80732,112,477,DCA_01,0.7074414979510364,0.4233737111898612,MEDIUM,IN_PROGRESS
C8568,82494,48,428,DCA_02,0.6035434985362448,0.46593462804771146,MEDIUM,IN_PROGRESS
C8569,89905,80,789,DCA_01,0.8103988082070144,0.2287975025865968,LOW,RECOVERED
C8570,78225,316,338,DCA_01,0.4962242766088499,0.6295034597675502,HIGH,RECOVERED
C8571,83867,33,757,DCA_02,0.4835653556886887,0.2867329494955697,LOW,IN_PROGRESS
C8572,38528,115,649,DCA_01,0.7682191072483076,0.31087015550656705,MEDIUM,IN_PROGRESS
C8573,79972,3,751,DCA_01,0.7187426568578166,0.29715733069179096,LOW,RECOVERED
C8574,66602,4,679,DCA_02,0.5588302327681851,0.27357312862885963,LOW,RECOVERED
C8575,97261,356,408,DCA_01,0.7175649522582652,0.6316444869083178,HIGH,IN_PROGRESS
C8576,91748,260,883,DCA_01,0.7853235942068095,0.2926557300222563,LOW,RECOVERED
C8577,34332,42,507,DCA_01,0.5084830891026695,0.2953831480655216,LOW,IN_PROGRESS
C8578,91937,9,876,DCA_02,0.6906970659024199,0.18113011528230816,LOW,RECOVERED
C8579,79929,307,540,DCA_02,0.812332950258807,0.5654592354209749,MEDIUM,IN_PROGRESS
C8580,70206,145,890,DCA_02,0.6056192692132036,0.25339550249420983,LOW,RECOVERED
C8581,92137,97,387,DCA_01,0.685868353785984,0.43535738941673374,MEDIUM,RECOVERED
C8582,3251,276,698,DCA_02,0.4392678521362343,0.397721542763703,MEDIUM,RECOVERED
C8583,46717,142,561,DCA_02,0.8152343638293291,0.35896306129285505,MEDIUM,RECOVERED
C8584,28027,278,877,DCA_01,0.7980631844444335,0.2694297358454658,LOW,RECOVERED
C8585,98382,27,624,DCA_01,0.6281272264983093,0.2768789699521246,LOW,RECOVERED
C8586,87551,43,670,DCA_01,0.4596242050941188,0.2593702457071726,LOW,IN_PROGRESS
C8587,10583,131,404,DCA_01,0.7301993920445948,0.44829848504128,MEDIUM,RECOVERED
C8588,51387,216,397,DCA_02,0.6864900599063573,0.5361852532466085,MEDIUM,RECOVERED
C8589,24104,94,786,DCA_01,0.8597399487359019,0.24736286439464017,LOW,RECOVERED
C8590,13224,8,395,DCA_01,0.5399042649020558,0.4470799409736026,MEDIUM,RECOVERED
C8591,61624,86,771,DCA_02,0.4161632321838875,0.25999302043779826,LOW,RECOVERED
C8592,57058,345,345,DCA_01,0.5273698050238711,0.6052671651583432,HIGH,IN_PROGRESS
C8593,97372,138,330,DCA_02,0.6139534896915315,0.5991825087207456,MEDIUM,RECOVERED
C8594,30299,246,707,DCA_02,0.4777222198025963,0.3100862855326205,MEDIUM,RECOVERED
C8595,79572,21,674,DCA_02,0.8898674720073606,0.33226134364109505,MEDIUM,RECOVERED
C8596,86469,265,681,DCA_02,0.5111955129947768,0.4764343079761101,MEDIUM,IN_PROGRESS
C8597,78928,148,788,DCA_02,0.7389304271638697,0.27985790354533857,LOW,RECOVERED
C8598,74474,184,608,DCA_01,0.6270563431780405,0.3548838460147833,MEDIUM,RECOVERED
C8599,5141,227,898,DCA_02,0.6775739274133372,0.2338175557350095,LOW,RECOVERED
C8600,24350,292,434,DCA_02,0.8663399961844039,0.6253739167635826,HIGH,IN_PROGRESS
C8601,76082,36,627,DCA_02,0.6657769208260724,0.24557586788770014,LOW,RECOVERED
C8602,71871,246,498,DCA_01,0.5526132449407933,0.5037011677423876,MEDIUM,IN_PROGRESS
C8603,6077,73,559,DCA_01,0.5104071537535062,0.37424610867797903,MEDIUM,RECOVERED
C8604,47015,150,423,DCA_02,0.8459964350322529,0.5099897999631371,MEDIUM,IN_PROGRESS
C8605,72147,1,882,DCA_02,0.8933625328357737,0.19495895756174086,LOW,RECOVERED
C8606,60180,69,681,DCA_01,0.525916079447476,0.2626409703012781,LOW,IN_PROGRESS
C8607,41857,293,806,DCA_01,0.7609668690682736,0.35219871083415244,MEDIUM,RECOVERED
C8608,60840,230,870,DCA_01,0.6528762429161497,0.34482551915945203,MEDIUM,IN_PROGRESS
C8609,60902,211,408,DCA_02,0.7492914989795353,0.43864193864017786,MEDIUM,RECOVERED
C8610,6577,72,340,DCA_01,0.8821072863853221,0.4385743134801985,MEDIUM,IN_PROGRESS
C8611,21002,363,744,DCA_02,0.5380433642106235,0.44662953402018934,MEDIUM,RECOVERED
C8612,51711,96,445,DCA_01,0.7699729910298201,0.5168610271236588,MEDIUM,RECOVERED
C8613,40451,84,863,DCA_01,0.6189734053160914,0.23021612338053865,LOW,RECOVERED
C8614,50103,228,475,DCA_01,0.7262670566835673,0.5313274185804671,MEDIUM,IN_PROGRESS
C8615,29647,299,578,DCA_01,0.6033259579423188,0.48147400709762034,MEDIUM,RECOVERED
C8616,35831,236,679,DCA_02,0.7541679900829883,0.46268202694313965,MEDIUM,RECOVERED
C8617,97498,293,464,DCA_02,0.5687507891637668,0.5426652496455164,MEDIUM,IN_PROGRESS
C8618,96119,222,785,DCA_02,0.6441775487963692,0.3246444794797805,MEDIUM,RECOVERED
C8619,67830,223,864,DCA_01,0.7543968224507789,0.3304755784872915,MEDIUM,IN_PROGRESS
C8620,81632,281,660,DCA_02,0.4213533989461304,0.4203862274856658,MEDIUM,IN_PROGRESS
C8621,37833,221,472,DCA_02,0.5640447656369383,0.4547395196822881,MEDIUM,IN_PROGRESS
C8622,93864,216,476,DCA_02,0.6730923513133747,0.5415214916611832,MEDIUM,RECOVERED
C8623,25398,231,348,DCA_01,0.4370675890333282,0.5242522147557043,MEDIUM,RECOVERED
C8624,62554,169,410,DCA_01,0.7515783855004887,0.5166907716093699,MEDIUM,IN_PROGRESS
C8625,51755,329,509,DCA_02,0.8066434782458485,0.5607143746394682,MEDIUM,IN_PROGRESS
C8626,18706,42,454,DCA_01,0.4816636547809296,0.42806944280848247,MEDIUM,RECOVERED
C8627,23340,258,572,DCA_02,0.7667315005301405,0.4430602755633374,MEDIUM,IN_PROGRESS
C8628,65994,196,855,DCA_02,0.7231000673802166,0.2256083631601351,LOW,RECOVERED
C8629,64884,96,882,DCA_01,0.6054392394315526,0.18104835917626594,LOW,IN_PROGRESS
C8630,85361,317,754,DCA_01,0.4824940660224048,0.375514308956335,MEDIUM,IN_PROGRESS
C8631,18482,14,615,DCA_01,0.8774391811420941,0.26685330776590643,LOW,IN_PROGRESS
C8632,55225,113,514,DCA_02,0.632005488731223,0.4057238264353782,MEDIUM,RECOVERED
C8633,59849,77,629,DCA_01,0.4918217261425792,0.3695165177894022,MEDIUM,RECOVERED
C8634,75854,277,443,DCA_01,0.7590821228841846,0.5416749390502864,MEDIUM,IN_PROGRESS
C8635,42256,320,653,DCA_01,0.7039489777747734,0.5120951071513211,MEDIUM,IN_PROGRESS
C8636,82110,160,580,DCA_02,0.808098994950357,0.36466933436185556,MEDIUM,IN_PROGRESS
C8637,15650,313,621,DCA_02,0.8980483558512236,0.43125798131815696,MEDIUM,IN_PROGRESS
C8638,47118,119,605,DCA_02,0.4224335831394623,0.36525387103663165,MEDIUM,IN_PROGRESS
C8639,29930,161,778,DCA_01,0.7696578794637647,0.35254024014042895,MEDIUM,RECOVERED
C8640,86707,308,689,DCA_01,0.8945654445533605,0.4686661812678715,MEDIUM,RECOVERED
C8641,12801,351,363,DCA_01,0.669115819481049,0.6567379460396034,HIGH,RECOVERED
C8642,52360,146,564,DCA_02,0.7578510271212155,0.4528221311920092,MEDIUM,RECOVERED
C8643,88908,163,305,DCA_01,0.6205552574961659,0.6371705532706757,HIGH,RECOVERED
C8644,17559,179,467,DCA_01,0.578386857004257,0.467238201944142,MEDIUM,RECOVERED
C8645,33334,89,654,DCA_01,0.7482290459184522,0.2906128369528458,LOW,RECOVERED
C8646,14288,223,472,DCA_01,0.8940447020537786,0.5150408004352074,MEDIUM,IN_PROGRESS
C8647,23398,266,418,DCA_02,0.445833207842657,0.5966909726507152,MEDIUM,IN_PROGRESS
C8648,77230,239,525,DCA_02,0.6110607402109693,0.465942509498095,MEDIUM,RECOVERED
C8649,13191,308,473,DCA_01,0.8703094014652242,0.5401291549764298,MEDIUM,RECOVERED
C8650,19051,34,428,DCA_01,0.4563991462739041,0.3354384185313455,MEDIUM,RECOVERED
C8651,62715,167,486,DCA_01,0.7254666557734424,0.44644477607911914,MEDIUM,RECOVERED
C8652,11737,125,362,DCA_02,0.6150824053149357,0.46345573431747833,MEDIUM,IN_PROGRESS
C8653,66140,224,573,DCA_02,0.5884462087396061,0.4056432844548602,MEDIUM,IN_PROGRESS
C8654,26251,150,897,DCA_02,0.5047198870439091,0.22331677978160214,LOW,RECOVERED
C8655,51975,189,509,DCA_02,0.4881671363455845,0.446610558946274,MEDIUM,IN_PROGRESS
C8656,6147,43,492,DCA_01,0.6581433498394955,0.41980833319542343,MEDIUM,RECOVERED
C8657,51508,29,831,DCA_02,0.5887186065793875,0.23105849684751623,LOW,RECOVERED
C8658,53224,362,481,DCA_02,0.6457721919355036,0.5973182811249639,MEDIUM,RECOVERED
C8659,20643,120,859,DCA_01,0.4979687293163236,0.2297902627470073,LOW,RECOVERED
C8660,39967,337,527,DCA_02,0.5751008760353173,0.4912066028026906,MEDIUM,RECOVERED
C8661,99850,31,865,DCA_02,0.8982088354266154,0.23885690437931262,LOW,RECOVERED
C8662,41733,181,388,DCA_02,0.5840354140574787,0.5151897408452404,MEDIUM,IN_PROGRESS
C8663,85003,162,443,DCA_02,0.6063545810300995,0.45398377181294425,MEDIUM,RECOVERED
C8664,35808,128,549,DCA_01,0.4099380311234936,0.4613090742594568,MEDIUM,RECOVERED
C8665,68288,255,524,DCA_01,0.5904128984252648,0.4533029200537174,MEDIUM,RECOVERED
C8666,59959,294,467,DCA_01,0.7816956705563812,0.5531496825070636,MEDIUM,RECOVERED
C8667,2849,357,409,DCA_01,0.6577983980286555,0.6734031563892837,HIGH,RECOVERED
C8668,69178,254,472,DCA_01,0.7285227081771213,0.521824625399716,MEDIUM,IN_PROGRESS
C8669,68136,130,810,DCA_01,0.6782760692211556,0.33346182047906925,MEDIUM,RECOVERED
C8670,61740,12,596,DCA_01,0.4527455301871274,0.3430404024550181,MEDIUM,IN_PROGRESS
C8671,87322,35,542,DCA_02,0.5660721957074049,0.43038252189937365,MEDIUM,RECOVERED
C8672,45565,198,508,DCA_01,0.7471165410086816,0.421142069671007,MEDIUM,IN_PROGRESS
C8673,21183,248,542,DCA_02,0.6739694521499596,0.4505453444752645,MEDIUM,RECOVERED
C8674,2132,110,553,DCA_02,0.7374805344975297,0.3792842577588127,MEDIUM,RECOVERED
C8675,39259,328,381,DCA_01,0.5800902441265434,0.5735651197370142,MEDIUM,IN_PROGRESS
C8676,97612,245,733,DCA_01,0.4968445421796257,0.40383163965460245,MEDIUM,IN_PROGRESS
C8677,64668,250,774,DCA_02,0.8149070184331167,0.41239276491609467,MEDIUM,RECOVERED
C8678,39563,317,842,DCA_02,0.5881505796955282,0.4183882924207022,MEDIUM,RECOVERED
C8679,93227,163,303,DCA_01,0.7275054970416315,0.5763639484327923,MEDIUM,IN_PROGRESS
C8680,11931,48,493,DCA_01,0.5906231814686037,0.38293810660168814,MEDIUM,IN_PROGRESS
C8681,74169,71,355,DCA_02,0.8636267786382696,0.37726568862079546,MEDIUM,RECOVERED
C8682,51639,134,560,DCA_01,0.895969657312409,0.3726683182853441,MEDIUM,RECOVERED
C8683,59901,239,892,DCA_01,0.7244644003261997,0.3092888394267507,MEDIUM,RECOVERED
C8684,2044,68,865,DCA_02,0.7010756045359443,0.17640392719486253,LOW,RECOVERED
C8685,47691,278,679,DCA_02,0.8204134897932851,0.384861802588937,MEDIUM,IN_PROGRESS
C8686,25363,32,786,DCA_02,0.6581158976256944,0.20456242199651753,LOW,IN_PROGRESS
C8687,47694,123,395,DCA_02,0.8347529502614532,0.5603256162316943,MEDIUM,RECOVERED
C8688,2582,22,635,DCA_01,0.6064691440241625,0.22947320874517385,LOW,IN_PROGRESS
C8689,80910,155,628,DCA_02,0.41594854413264,0.4000765059416923,MEDIUM,IN_PROGRESS
C8690,67844,110,795,DCA_01,0.8632951688527803,0.3469502775828954,MEDIUM,RECOVERED
C8691,22301,271,818,DCA_02,0.7607642355442308,0.3414024364503677,MEDIUM,RECOVERED
C8692,75329,300,424,DCA_01,0.6553835604680978,0.5120862753656297,MEDIUM,IN_PROGRESS
C8693,2620,115,559,DCA_02,0.8724468689663257,0.33536277611557486,MEDIUM,RECOVERED
C8694,63224,220,881,DCA_01,0.843384022293587,0.2830434070376149,LOW,RECOVERED
C8695,57655,230,849,DCA_02,0.4542129886415832,0.2599922172601169,LOW,RECOVERED
C8696,96419,252,307,DCA_01,0.7121987224332104,0.6222248176421913,HIGH,RECOVERED
C8697,38534,249,862,DCA_01,0.6690520688680024,0.3003875616132866,MEDIUM,RECOVERED
C8698,40390,9,672,DCA_01,0.7882368858664341,0.3124214379772937,MEDIUM,RECOVERED
C8699,72629,34,521,DCA_02,0.5503839660170303,0.36229587980466926,MEDIUM,IN_PROGRESS
C8700,56856,228,830,DCA_01,0.4040578262168453,0.3634517688572969,MEDIUM,RECOVERED
C8701,50252,73,649,DCA_01,0.492699800538231,0.24480673564730582,LOW,RECOVERED
C8702,56809,301,330,DCA_02,0.5054702919836027,0.6216882772145979,HIGH,IN_PROGRESS
C8703,23259,212,891,DCA_02,0.5457081858731848,0.27153591008316846,LOW,IN_PROGRESS
C8704,21655,72,657,DCA_01,0.5851964241544367,0.29173756678511165,LOW,RECOVERED
C8705,34005,58,321,DCA_01,0.7532773969649513,0.3819459113035262,MEDIUM,RECOVERED
C8706,32629,220,588,DCA_01,0.4371224374854691,0.4536998829841775,MEDIUM,RECOVERED
C8707,24610,275,513,DCA_01,0.6432736378304791,0.5221488449528823,MEDIUM,RECOVERED
C8708,58184,249,464,DCA_01,0.6493218406865942,0.5024747890981074,MEDIUM,RECOVERED
C8709,22602,16,439,DCA_01,0.7079348927801544,0.3908026947142066,MEDIUM,IN_PROGRESS
C8710,86945,75,669,DCA_01,0.5552737286463028,0.3209062494792556,MEDIUM,RECOVERED
C8711,12110,106,619,DCA_01,0.5298944477530253,0.37625109842376336,MEDIUM,RECOVERED
C8712,7073,136,708,DCA_02,0.641942455348528,0.35715657898333986,MEDIUM,RECOVERED
C8713,81818,74,737,DCA_01,0.7298039944637895,0.31764893767235325,MEDIUM,RECOVERED
C8714,11195,254,312,DCA_02,0.4222960356479761,0.5961033391603205,MEDIUM,IN_PROGRESS
C8715,2537,18,800,DCA_02,0.546790920825525,0.26779065496115584,LOW,RECOVERED
C8716,18138,43,325,DCA_02,0.7936551574666175,0.4439927622932216,MEDIUM,RECOVERED
C8717,45328,50,833,DCA_02,0.6420947710100886,0.2352923183019977,LOW,RECOVERED
C8718,47202,3,375,DCA_01,0.8759129017004955,0.37208712051101134,MEDIUM,IN_PROGRESS
C8719,41164,232,665,DCA_01,0.8337708646337012,0.33996130103701094,MEDIUM,RECOVERED
C8720,90743,219,790,DCA_01,0.5719724893509976,0.26505778505758315,LOW,RECOVERED
C8721,55659,59,391,DCA_02,0.7631354977476139,0.42104142727887683,MEDIUM,RECOVERED
C8722,87155,284,565,DCA_02,0.5371542430778895,0.45326900358551525,MEDIUM,IN_PROGRESS
C8723,50692,302,859,DCA_01,0.4876482449300434,0.33409656112904407,MEDIUM,RECOVERED
C8724,25845,64,798,DCA_01,0.8405101832232102,0.3140951289996198,MEDIUM,IN_PROGRESS
C8725,90846,70,469,DCA_01,0.5751246400190833,0.4149265181626831,MEDIUM,IN_PROGRESS
C8726,31562,303,645,DCA_02,0.501709021334317,0.5465086002757009,MEDIUM,RECOVERED
C8727,29036,142,527,DCA_02,0.8824882498244134,0.37181305753042937,MEDIUM,IN_PROGRESS
C8728,61752,202,502,DCA_02,0.4155144031452512,0.46209265617225803,MEDIUM,RECOVERED
C8729,75233,207,745,DCA_01,0.5834496748549014,0.4145656333348884,MEDIUM,IN_PROGRESS
C8730,84049,221,817,DCA_01,0.4192089470978927,0.2881566741478243,LOW,RECOVERED
C8731,69681,362,431,DCA_02,0.6520501484625538,0.582411145452312,MEDIUM,RECOVERED
C8732,28818,246,544,DCA_01,0.6005877105696094,0.432165678017027,MEDIUM,RECOVERED
C8733,31544,81,390,DCA_02,0.7603344360436866,0.47835447212290194,MEDIUM,RECOVERED
C8734,63532,251,425,DCA_01,0.8770172443456785,0.5976672737180448,MEDIUM,RECOVERED
C8735,79636,51,771,DCA_01,0.6598444195718249,0.21376703743616243,LOW,RECOVERED
C8736,58705,285,541,DCA_01,0.5426997887229338,0.4955709346835102,MEDIUM,RECOVERED
C8737,21104,346,801,DCA_02,0.8360878194031318,0.4670015532799955,MEDIUM,IN_PROGRESS
C8738,70603,204,686,DCA_02,0.7022698903761351,0.42929215328699677,MEDIUM,IN_PROGRESS
C8739,60025,25,306,DCA_01,0.6767422731073331,0.4046596814702673,MEDIUM,RECOVERED
C8740,97264,41,387,DCA_01,0.4942873307952914,0.46240883725942883,MEDIUM,RECOVERED
C8741,33317,69,897,DCA_01,0.4202957567355548,0.20336503662591177,LOW,IN_PROGRESS
C8742,32416,4,444,DCA_01,0.6307024724163307,0.41325505013545183,MEDIUM,RECOVERED
C8743,43012,240,750,DCA_02,0.6640234634736334,0.34279528154189887,MEDIUM,RECOVERED
C8744,69045,361,630,DCA_02,0.4635468624625682,0.5135517143511521,MEDIUM,IN_PROGRESS
C8745,22400,31,463,DCA_01,0.429698314498811,0.4058278976661114,MEDIUM,IN_PROGRESS
C8746,49270,117,641,DCA_02,0.5080401748924273,0.3624220218466867,MEDIUM,RECOVERED
C8747,73069,195,300,DCA_02,0.4315491577008482,0.6155942521508371,HIGH,IN_PROGRESS
C8748,50833,90,419,DCA_01,0.4280691334234494,0.4178754987184985,MEDIUM,RECOVERED
C8749,64644,178,878,DCA_02,0.6220831147105502,0.2385607285589152,LOW,RECOVERED
C8750,81206,145,763,DCA_01,0.8051220926820541,0.30007615058725,MEDIUM,RECOVERED
C8751,70468,202,761,DCA_02,0.7319941138319259,0.3819748518516023,MEDIUM,IN_PROGRESS
C8752,60473,322,348,DCA_02,0.7397068286391115,0.6197486959575449,HIGH,IN_PROGRESS
C8753,46809,344,626,DCA_01,0.5312182818841538,0.4635869544518745,MEDIUM,RECOVERED
C8754,39328,203,773,DCA_01,0.405552092469991,0.3815535723336685,MEDIUM,IN_PROGRESS
C8755,37784,24,667,DCA_02,0.6253232956736133,0.2546047263227841,LOW,RECOVERED
C8756,24723,355,586,DCA_02,0.5885620759365837,0.5557496847096282,MEDIUM,IN_PROGRESS
C8757,61646,105,323,DCA_02,0.873617499632519,0.5669879909538116,MEDIUM,IN_PROGRESS
C8758,67255,275,592,DCA_01,0.4360097561896734,0.42003838291577233,MEDIUM,RECOVERED
C8759,1074,322,748,DCA_02,0.7882096614239436,0.36036227052755065,MEDIUM,RECOVERED
C8760,27498,60,362,DCA_01,0.5927080887884038,0.5022746688584379,MEDIUM,IN_PROGRESS
C8761,66522,15,867,DCA_02,0.8148099137347218,0.23597464428793358,LOW,RECOVERED
C8762,97881,85,757,DCA_02,0.6474539481635468,0.25912355445893176,LOW,RECOVERED
C8763,21541,197,829,DCA_02,0.810250904272645,0.3281012528853293,MEDIUM,RECOVERED
C8764,46929,235,712,DCA_02,0.6334241840765225,0.3891081281953881,MEDIUM,RECOVERED
C8765,27028,344,888,DCA_01,0.6009297542612428,0.34940253058669946,MEDIUM,IN_PROGRESS
C8766,30545,263,559,DCA_02,0.8818542493149351,0.42163327900195346,MEDIUM,IN_PROGRESS
C8767,80569,6,483,DCA_02,0.5844290470801665,0.3859844721868767,MEDIUM,RECOVERED
C8768,32673,289,347,DCA_01,0.8026500137461086,0.6653076123768331,HIGH,IN_PROGRESS
C8769,31974,58,446,DCA_02,0.4335163011531626,0.39582928122196737,MEDIUM,IN_PROGRESS
C8770,59899,145,891,DCA_01,0.4313243090208968,0.21958795162890232,LOW,RECOVERED
C8771,24097,42,708,DCA_01,0.6190540968529685,0.23500801454529452,LOW,RECOVERED
C8772,94144,350,739,DCA_02,0.6927850867406384,0.44355920855676156,MEDIUM,IN_PROGRESS
C8773,65824,200,757,DCA_01,0.7042664923905952,0.3609348625517975,MEDIUM,IN_PROGRESS
C8774,24525,174,528,DCA_01,0.4181930432109,0.4315414713564316,MEDIUM,IN_PROGRESS
C8775,58804,335,583,DCA_02,0.7483699770022223,0.5345343893758905,MEDIUM,RECOVERED
C8776,16043,95,872,DCA_02,0.4649630000535582,0.20180692506461073,LOW,RECOVERED
C8777,42846,217,644,DCA_02,0.8776724899898609,0.42383199073497735,MEDIUM,IN_PROGRESS
C8778,78261,111,900,DCA_01,0.5667743773385534,0.21001025515913496,LOW,RECOVERED
C8779,51227,353,563,DCA_01,0.5307225157426472,0.5299453228438602,MEDIUM,IN_PROGRESS
C8780,54028,180,677,DCA_01,0.5456330086846919,0.3450686269502584,MEDIUM,RECOVERED
C8781,38383,163,402,DCA_01,0.8686767201803519,0.5703017612022068,MEDIUM,IN_PROGRESS
C8782,30483,119,899,DCA_02,0.6414206052589555,0.272586051555218,LOW,RECOVERED
C8783,8265,325,322,DCA_02,0.6173398752959529,0.6074744910606342,HIGH,RECOVERED
C8784,23763,228,592,DCA_01,0.682949109057641,0.37332871615353824,MEDIUM,RECOVERED
C8785,76652,145,566,DCA_01,0.8653809515204886,0.3304886016237365,MEDIUM,RECOVERED
C8786,16733,308,828,DCA_01,0.5541699314648538,0.3769245186944884,MEDIUM,IN_PROGRESS
C8787,92038,142,775,DCA_01,0.490410005195604,0.2331461406118236,LOW,RECOVERED
C8788,38420,122,750,DCA_02,0.6977454663906248,0.28914305260767326,LOW,RECOVERED
C8789,10247,285,584,DCA_02,0.6458373861439617,0.49716320084513366,MEDIUM,IN_PROGRESS
C8790,24840,226,612,DCA_02,0.4309841327508318,0.4269608841997494,MEDIUM,IN_PROGRESS
C8791,66149,360,461,DCA_02,0.6609686624337205,0.5780466038834913,MEDIUM,IN_PROGRESS
C8792,22058,257,889,DCA_02,0.6812089380917854,0.3171336664502611,MEDIUM,IN_PROGRESS
C8793,35929,285,421,DCA_02,0.7470753050889413,0.6059053089618422,HIGH,IN_PROGRESS
C8794,85171,165,780,DCA_02,0.8977710397961992,0.24902081069305426,LOW,RECOVERED
C8795,92164,221,411,DCA_02,0.6107904742504574,0.4705895815616101,MEDIUM,RECOVERED
C8796,32362,69,538,DCA_01,0.6551016364936987,0.3813253251027,MEDIUM,RECOVERED
C8797,87489,309,509,DCA_02,0.4375011560126724,0.562742453422874,MEDIUM,RECOVERED
C8798,85664,224,648,DCA_02,0.8157940337850502,0.3587012378076415,MEDIUM,IN_PROGRESS
C8799,48356,124,810,DCA_01,0.4490778986370173,0.253391748966873,LOW,RECOVERED
C8800,78597,344,301,DCA_01,0.8669150111467034,0.6562030546268687,HIGH,RECOVERED
C8801,7041,339,760,DCA_01,0.5742501709885619,0.3574250345264852,MEDIUM,RECOVERED
C8802,79209,12,781,DCA_02,0.5687912340080601,0.22938438951876938,LOW,IN_PROGRESS
C8803,62954,52,885,DCA_02,0.5643044903474703,0.20333228520993996,LOW,RECOVERED
C8804,62869,129,540,DCA_02,0.8752447979162707,0.44735238211506645,MEDIUM,RECOVERED
C8805,22059,135,353,DCA_02,0.8900539033928789,0.48647359821834224,MEDIUM,RECOVERED
C8806,45722,145,766,DCA_01,0.8866202083766028,0.2671836277216523,LOW,IN_PROGRESS
C8807,18548,127,408,DCA_02,0.7523935750021614,0.41087221750945013,MEDIUM,RECOVERED
C8808,16078,226,579,DCA_01,0.4555290798799327,0.4112587112403988,MEDIUM,IN_PROGRESS
C8809,6419,71,356,DCA_02,0.5931811135635727,0.370023733136263,MEDIUM,IN_PROGRESS
C8810,36490,273,513,DCA_01,0.544654606976767,0.46372391580457517,MEDIUM,IN_PROGRESS
C8811,77086,187,807,DCA_02,0.7541947692182138,0.3317878417853857,MEDIUM,RECOVERED
C8812,59760,3,327,DCA_01,0.6463272427550659,0.4735114360669447,MEDIUM,IN_PROGRESS
C8813,31337,285,503,DCA_02,0.7082506743860719,0.5250384359253445,MEDIUM,IN_PROGRESS
C8814,2468,22,844,DCA_02,0.404365537866194,0.2152382873853056,LOW,RECOVERED
C8815,25309,166,608,DCA_02,0.7914320310469993,0.3910170532802142,MEDIUM,RECOVERED
C8816,67344,310,827,DCA_02,0.8760259183422312,0.4368463264961039,MEDIUM,RECOVERED
C8817,91283,363,642,DCA_02,0.7346866446613473,0.5616324316724814,MEDIUM,RECOVERED
C8818,73255,246,517,DCA_01,0.8259686983751218,0.44900178782850897,MEDIUM,RECOVERED
C8819,82899,234,888,DCA_02,0.6391251943458292,0.3208086924426208,MEDIUM,RECOVERED
C8820,29718,325,386,DCA_01,0.4101040396443356,0.6380706763929563,HIGH,IN_PROGRESS
C8821,95337,158,330,DCA_02,0.8952346111586063,0.5904285467982261,MEDIUM,IN_PROGRESS
C8822,38841,151,399,DCA_01,0.4294160749963212,0.5125279789288966,MEDIUM,RECOVERED
C8823,74548,213,614,DCA_01,0.4963871018902218,0.5085826299331847,MEDIUM,RECOVERED
C8824,84565,218,794,DCA_02,0.4262200752924701,0.3872531589839172,MEDIUM,IN_PROGRESS
C8825,47660,246,770,DCA_01,0.7124792002644925,0.37750520162371515,MEDIUM,RECOVERED
C8826,51281,303,814,DCA_02,0.6916154513493199,0.33498996101130485,MEDIUM,RECOVERED
C8827,1767,276,630,DCA_02,0.5048348270872833,0.4025220243022142,MEDIUM,IN_PROGRESS
C8828,4895,151,493,DCA_02,0.878326620650216,0.5007478810551056,MEDIUM,IN_PROGRESS
C8829,59026,196,490,DCA_01,0.8567431478648351,0.44757448631164964,MEDIUM,RECOVERED
C8830,43968,21,551,DCA_01,0.5399050292956742,0.31308866432487537,MEDIUM,RECOVERED
C8831,41097,257,300,DCA_01,0.7294323820364064,0.6713525729158567,HIGH,IN_PROGRESS
C8832,16332,17,758,DCA_02,0.8276166685874615,0.23433195057484835,LOW,IN_PROGRESS
C8833,15621,51,389,DCA_01,0.5798990532984175,0.4691706713397442,MEDIUM,RECOVERED
C8834,77870,270,817,DCA_01,0.5267912453385788,0.39648756451069556,MEDIUM,RECOVERED
C8835,19174,315,782,DCA_01,0.5280949712007077,0.38143851972858545,MEDIUM,RECOVERED
C8836,41502,83,415,DCA_01,0.8102282437644693,0.4352790995993967,MEDIUM,RECOVERED
C8837,37674,306,372,DCA_02,0.6315351087198648,0.6456116283906973,HIGH,RECOVERED
C8838,38260,124,455,DCA_02,0.7576690158872402,0.36750219460532196,MEDIUM,RECOVERED
C8839,43498,290,368,DCA_01,0.725150394218179,0.5838333902363856,MEDIUM,IN_PROGRESS
C8840,68609,262,770,DCA_02,0.5531128517272901,0.4236289209296866,MEDIUM,RECOVERED
C8841,50464,49,791,DCA_01,0.5040383515292857,0.24801399467925744,LOW,IN_PROGRESS
C8842,72805,6,599,DCA_02,0.462892755089024,0.2338245241529453,LOW,RECOVERED
C8843,65919,117,443,DCA_02,0.4119428092146252,0.4247699852430241,MEDIUM,RECOVERED
C8844,55469,118,505,DCA_02,0.4406282084893459,0.3323080190701496,MEDIUM,RECOVERED
C8845,18194,263,706,DCA_02,0.5281233372299783,0.4105103293282173,MEDIUM,IN_PROGRESS
C8846,27811,353,879,DCA_01,0.7567998029153209,0.33965232605929807,MEDIUM,IN_PROGRESS
C8847,73377,129,596,DCA_02,0.4774594680955186,0.3843819822252672,MEDIUM,IN_PROGRESS
C8848,44723,171,881,DCA_02,0.6616976879149566,0.3201999439818991,MEDIUM,IN_PROGRESS
C8849,76235,27,828,DCA_02,0.5225660341872765,0.26789337176065087,LOW,RECOVERED
C8850,77298,199,436,DCA_01,0.6559048908920928,0.5399171080228009,MEDIUM,RECOVERED
C8851,60238,314,518,DCA_02,0.7750055877332455,0.5167257976245052,MEDIUM,RECOVERED
C8852,3147,345,817,DCA_02,0.5329905647283437,0.3506993311402843,MEDIUM,RECOVERED
C8853,99919,97,747,DCA_01,0.5739494058668473,0.3058498544876098,MEDIUM,RECOVERED
C8854,39445,17,431,DCA_02,0.7615002839791627,0.3812252170769518,MEDIUM,RECOVERED
C8855,54803,173,662,DCA_01,0.6731690479829975,0.376066639015487,MEDIUM,RECOVERED
C8856,62108,101,643,DCA_01,0.4472833132264867,0.3327089926073473,MEDIUM,IN_PROGRESS
C8857,3013,186,317,DCA_01,0.779077134623424,0.5749100208373031,MEDIUM,RECOVERED
C8858,86617,184,715,DCA_02,0.5387194962840638,0.4149559342067667,MEDIUM,RECOVERED
C8859,83410,215,859,DCA_02,0.5925288672709357,0.3437822953872789,MEDIUM,RECOVERED
C8860,54502,251,840,DCA_01,0.5225884621450229,0.4011387294144527,MEDIUM,IN_PROGRESS
C8861,38755,216,452,DCA_02,0.6716785102359029,0.4905119320739364,MEDIUM,RECOVERED
C8862,9733,29,631,DCA_02,0.7538841513123115,0.241509432817126,LOW,IN_PROGRESS
C8863,10479,102,618,DCA_01,0.8016081807052668,0.38046896252266804,MEDIUM,IN_PROGRESS
C8864,76361,123,498,DCA_02,0.8610611384133562,0.46541598695725583,MEDIUM,IN_PROGRESS
C8865,22304,54,825,DCA_01,0.5796083258269829,0.2056293960538328,LOW,IN_PROGRESS
C8866,36694,283,309,DCA_02,0.8663071153332993,0.5897305044025573,MEDIUM,RECOVERED
C8867,82171,102,438,DCA_02,0.7084773721424027,0.5056210291738954,MEDIUM,IN_PROGRESS
C8868,87296,117,466,DCA_01,0.5947972719962435,0.4825071084489342,MEDIUM,IN_PROGRESS
C8869,10490,104,446,DCA_01,0.8436470243489095,0.46108483934829814,MEDIUM,IN_PROGRESS
C8870,22252,45,702,DCA_02,0.6898147526504461,0.2746238053382236,LOW,RECOVERED
C8871,7862,114,744,DCA_02,0.6271417643398851,0.35782702101751174,MEDIUM,RECOVERED
C8872,70959,343,369,DCA_01,0.4057507751635679,0.6649536132320506,HIGH,RECOVERED
C8873,11450,31,627,DCA_01,0.7587539450457933,0.31779511674460237,MEDIUM,IN_PROGRESS
C8874,57022,164,528,DCA_01,0.4386739973494209,0.41941418844932676,MEDIUM,IN_PROGRESS
C8875,62991,189,618,DCA_01,0.5446964140109671,0.46612375471900025,MEDIUM,IN_PROGRESS
C8876,41927,293,335,DCA_02,0.8808471712580177,0.5609486313357515,MEDIUM,IN_PROGRESS
C8877,89090,195,554,DCA_01,0.4776065525615257,0.48640193120457265,MEDIUM,IN_PROGRESS
C8878,50853,292,612,DCA_01,0.555892177936623,0.5378676250439525,MEDIUM,IN_PROGRESS
C8879,32826,261,634,DCA_01,0.8661696799025767,0.42466739341490456,MEDIUM,RECOVERED
C8880,43879,207,319,DCA_02,0.5688419090534369,0.5895088958195602,MEDIUM,RECOVERED
C8881,58265,52,597,DCA_02,0.5643374877768306,0.34676964497687446,MEDIUM,RECOVERED
C8882,73361,49,320,DCA_02,0.7239772934490853,0.3922632739847072,MEDIUM,RECOVERED
C8883,78990,6,777,DCA_01,0.4656786199324206,0.2283248688710774,LOW,RECOVERED
C8884,90787,224,771,DCA_02,0.8863758548635717,0.34663439841454524,MEDIUM,RECOVERED
C8885,87184,23,769,DCA_02,0.5375113225272002,0.2106100605726331,LOW,IN_PROGRESS
C8886,41736,145,648,DCA_01,0.7928444160038949,0.3960861630403535,MEDIUM,RECOVERED
C8887,25530,110,889,DCA_02,0.5438071750108815,0.2998692553634392,LOW,RECOVERED
C8888,79052,212,685,DCA_02,0.5376862047142468,0.34253385697365557,MEDIUM,IN_PROGRESS
C8889,48058,300,845,DCA_02,0.4287563540302075,0.3292844170059318,MEDIUM,IN_PROGRESS
C8890,75094,41,745,DCA_01,0.4596603298596585,0.204703130495006,LOW,RECOVERED
C8891,75255,172,398,DCA_01,0.6609836547237837,0.5609417810690925,MEDIUM,RECOVERED
C8892,5886,186,354,DCA_02,0.6884215910545213,0.5221934473751848,MEDIUM,RECOVERED
C8893,94721,214,302,DCA_02,0.8079217605320034,0.500502367879432,MEDIUM,IN_PROGRESS
C8894,38387,306,631,DCA_01,0.4301075948229592,0.42768322474558973,MEDIUM,RECOVERED
C8895,22575,52,734,DCA_02,0.5780750928373825,0.26996427467773565,LOW,RECOVERED
C8896,40643,70,785,DCA_01,0.500079425326911,0.1933845032387549,LOW,RECOVERED
C8897,11100,196,518,DCA_01,0.5789387553609099,0.4981554016402784,MEDIUM,RECOVERED
C8898,61356,151,510,DCA_01,0.5771533331252581,0.48644982280057425,MEDIUM,RECOVERED
C8899,8856,109,795,DCA_01,0.5771398853768626,0.2038503529824044,LOW,RECOVERED
C8900,39169,118,531,DCA_02,0.5548167169041933,0.40210985988451464,MEDIUM,IN_PROGRESS
C8901,29804,95,899,DCA_02,0.7819890488369796,0.22313414020652622,LOW,RECOVERED
C8902,36790,256,447,DCA_01,0.7448531434779049,0.5962371654271701,MEDIUM,RECOVERED
C8903,31988,44,506,DCA_01,0.5707346143075512,0.3870875649081046,MEDIUM,IN_PROGRESS
C8904,77448,67,659,DCA_02,0.4732440512099294,0.2895753621808732,LOW,RECOVERED
C8905,39506,156,718,DCA_01,0.6591401836704962,0.27510546765381605,LOW,RECOVERED
C8906,88904,323,716,DCA_01,0.8594238101524259,0.49533292587461997,MEDIUM,RECOVERED
C8907,68306,206,852,DCA_02,0.4617796704299511,0.2992056600277939,LOW,IN_PROGRESS
C8908,13305,274,481,DCA_02,0.7765149239749489,0.5155586975706807,MEDIUM,IN_PROGRESS
C8909,10969,155,855,DCA_02,0.6996895310670594,0.21805758745904835,LOW,RECOVERED
C8910,13404,179,509,DCA_02,0.6942950625221365,0.45550137419080416,MEDIUM,IN_PROGRESS
C8911,9989,60,549,DCA_01,0.8673285865227385,0.3203348751927293,MEDIUM,RECOVERED
C8912,66305,74,811,DCA_01,0.8779702936488707,0.26303463378644076,LOW,RECOVERED
C8913,36983,49,895,DCA_02,0.5219198694279004,0.18268615828267531,LOW,RECOVERED
C8914,40462,271,438,DCA_01,0.804238516361184,0.5698302069095957,MEDIUM,IN_PROGRESS
C8915,20360,73,530,DCA_01,0.7103996140767539,0.33850366300201484,MEDIUM,IN_PROGRESS
C8916,86657,196,311,DCA_01,0.6044227950375791,0.5673924910593182,MEDIUM,IN_PROGRESS
C8917,27287,179,572,DCA_02,0.732810654913693,0.3744522911555598,MEDIUM,RECOVERED
C8918,66472,48,787,DCA_02,0.877983388138965,0.26987277707022184,LOW,RECOVERED
C8919,62313,72,389,DCA_01,0.6584376684136999,0.47702379772765857,MEDIUM,RECOVERED
C8920,35160,113,324,DCA_02,0.870039918299424,0.4697103166813641,MEDIUM,IN_PROGRESS
C8921,7789,245,837,DCA_02,0.7214436178401193,0.3127318086303744,MEDIUM,RECOVERED
C8922,28181,309,871,DCA_01,0.6414546204022411,0.3436048422589404,MEDIUM,RECOVERED
C8923,15385,159,359,DCA_02,0.7220852201057122,0.44569033851733186,MEDIUM,RECOVERED
C8924,83597,274,470,DCA_02,0.7012705225303043,0.5361591624057855,MEDIUM,IN_PROGRESS
C8925,66641,268,887,DCA_01,0.6108486704680309,0.32781827292489163,MEDIUM,RECOVERED
C8926,45247,304,746,DCA_02,0.6812301717289928,0.3768724697083602,MEDIUM,RECOVERED
C8927,87673,30,893,DCA_02,0.7516243364805392,0.20390940131026802,LOW,IN_PROGRESS
C8928,6544,97,309,DCA_01,0.8194331462049353,0.4998491389113864,MEDIUM,RECOVERED
C8929,14275,251,542,DCA_02,0.5521653679113594,0.4688903815364125,MEDIUM,IN_PROGRESS
C8930,64248,7,477,DCA_01,0.4073239635021476,0.35799324780377784,MEDIUM,RECOVERED
C8931,35550,92,556,DCA_02,0.6756089509482366,0.3762294101323167,MEDIUM,RECOVERED
C8932,54693,113,609,DCA_02,0.6446420846098635,0.3356695233724709,MEDIUM,RECOVERED
C8933,20641,259,815,DCA_02,0.4270994016013839,0.3469147554700528,MEDIUM,IN_PROGRESS
C8934,72749,107,514,DCA_01,0.7162532050086776,0.4240637028541241,MEDIUM,RECOVERED
C8935,81021,63,329,DCA_02,0.8707001786715431,0.48512343751207065,MEDIUM,RECOVERED
C8936,16605,358,645,DCA_02,0.6011158930005509,0.46069234477693366,MEDIUM,IN_PROGRESS
C8937,51713,271,364,DCA_01,0.8471800946134762,0.5945918339199836,MEDIUM,IN_PROGRESS
C8938,21390,199,452,DCA_01,0.8065506790959229,0.4479208499715607,MEDIUM,RECOVERED
C8939,76403,347,339,DCA_01,0.4808581439371152,0.7170403133361961,HIGH,RECOVERED
C8940,59466,337,325,DCA_02,0.7936399173850706,0.6960680568231292,HIGH,IN_PROGRESS
C8941,4981,146,572,DCA_01,0.6583530407696924,0.38383809063488694,MEDIUM,IN_PROGRESS
C8942,10493,61,458,DCA_02,0.8593142602156598,0.3734654608384792,MEDIUM,IN_PROGRESS
C8943,72218,120,880,DCA_01,0.4947131177297074,0.24409949933333042,LOW,RECOVERED
C8944,72318,61,300,DCA_02,0.4625232232073804,0.47320194610434807,MEDIUM,IN_PROGRESS
C8945,96335,309,378,DCA_02,0.5206401997760051,0.5885358241865557,MEDIUM,IN_PROGRESS
C8946,17984,26,527,DCA_01,0.4298133552236506,0.3434044544566318,MEDIUM,RECOVERED
C8947,23760,115,626,DCA_01,0.5600400494159203,0.34458143302180966,MEDIUM,RECOVERED
C8948,92529,40,857,DCA_01,0.5415044490064127,0.25667721694449064,LOW,RECOVERED
C8949,2524,344,800,DCA_02,0.6081075496688939,0.4421447341498901,MEDIUM,RECOVERED
C8950,50402,116,774,DCA_01,0.6314886014580259,0.2254615981628394,LOW,RECOVERED
C8951,92656,136,654,DCA_01,0.4723602742575543,0.3342660483580159,MEDIUM,RECOVERED
C8952,66614,277,423,DCA_01,0.7096869643186988,0.5093310139235139,MEDIUM,RECOVERED
C8953,36891,299,723,DCA_01,0.5117836994049973,0.40329322701658177,MEDIUM,RECOVERED
C8954,92009,21,551,DCA_01,0.4609643344731236,0.3168101378432695,MEDIUM,RECOVERED
C8955,40832,31,813,DCA_02,0.754405546337652,0.24012688076039113,LOW,IN_PROGRESS
C8956,46836,247,806,DCA_02,0.4113676317414252,0.34695769689731115,MEDIUM,IN_PROGRESS
C8957,74953,27,785,DCA_01,0.5841829703221549,0.2044876003770726,LOW,RECOVERED
C8958,14362,73,777,DCA_01,0.4722016397160093,0.2994706514695158,LOW,RECOVERED
C8959,67745,97,882,DCA_01,0.8413963509974366,0.22417073708891921,LOW,RECOVERED
C8960,38921,161,632,DCA_02,0.8122291980996684,0.3321584698348501,MEDIUM,RECOVERED
C8961,71434,346,531,DCA_02,0.4302633511797556,0.49760547803439714,MEDIUM,IN_PROGRESS
C8962,19562,300,841,DCA_02,0.6752255348700953,0.4275298408803263,MEDIUM,IN_PROGRESS
C8963,65510,299,329,DCA_01,0.5476777701800284,0.6738892048709649,HIGH,RECOVERED
C8964,77407,287,472,DCA_01,0.496272769180076,0.45784714937330795,MEDIUM,RECOVERED
C8965,8610,212,767,DCA_01,0.5557693180603718,0.3663973122263914,MEDIUM,IN_PROGRESS
C8966,93918,76,775,DCA_01,0.8079436796394934,0.2506217107969646,LOW,IN_PROGRESS
C8967,16791,143,616,DCA_01,0.4289276854389384,0.3195647648592288,MEDIUM,RECOVERED
C8968,59047,34,696,DCA_01,0.7241166920392632,0.2329196863054399,LOW,RECOVERED
C8969,68906,336,424,DCA_02,0.8566850726615611,0.6216464056766069,HIGH,IN_PROGRESS
C8970,20665,4,379,DCA_01,0.6240281737032012,0.3719725646758524,MEDIUM,RECOVERED
C8971,71246,328,826,DCA_02,0.8507569650941905,0.4384357615769746,MEDIUM,RECOVERED
C8972,66864,98,822,DCA_02,0.8534002145371162,0.28019294416434426,LOW,IN_PROGRESS
C8973,47451,217,695,DCA_01,0.7047978860112258,0.3282036288184823,MEDIUM,RECOVERED
C8974,87148,28,388,DCA_02,0.6279202667193011,0.416136249988874,MEDIUM,RECOVERED
C8975,46890,201,302,DCA_01,0.7688318245138618,0.5940153444264851,MEDIUM,RECOVERED
C8976,7794,273,835,DCA_01,0.8581113192707737,0.36207922393257685,MEDIUM,RECOVERED
C8977,33888,314,900,DCA_02,0.7400176722048329,0.3245772694675113,MEDIUM,IN_PROGRESS
C8978,7749,127,820,DCA_02,0.5048035902578307,0.3015430766974563,MEDIUM,IN_PROGRESS
C8979,47531,202,857,DCA_02,0.810027873226921,0.37077197038355103,MEDIUM,RECOVERED
C8980,21608,9,370,DCA_01,0.875766679912082,0.3970804460144559,MEDIUM,RECOVERED
C8981,81986,287,438,DCA_01,0.6051374395856473,0.5312813311077411,MEDIUM,IN_PROGRESS
C8982,70211,88,309,DCA_01,0.7487948384417115,0.5192951867189947,MEDIUM,IN_PROGRESS
C8983,84996,318,814,DCA_02,0.6590831745178625,0.4181118972877724,MEDIUM,IN_PROGRESS
C8984,57017,19,830,DCA_02,0.4560045934806218,0.20162520702987097,LOW,RECOVERED
C8985,58676,81,429,DCA_01,0.5749210071491797,0.4748736899941841,MEDIUM,RECOVERED
C8986,12560,107,700,DCA_02,0.4819148042462446,0.3550398504916201,MEDIUM,IN_PROGRESS
C8987,55401,311,520,DCA_01,0.7367866791782756,0.4885579873222725,MEDIUM,RECOVERED
C8988,51468,230,736,DCA_02,0.6910473495664964,0.3547465558665741,MEDIUM,RECOVERED
C8989,33463,112,699,DCA_01,0.4167672010418146,0.3050848126581034,MEDIUM,RECOVERED
C8990,32663,220,412,DCA_01,0.430803457132731,0.613660831034568,HIGH,RECOVERED
C8991,69706,123,751,DCA_02,0.5303962411098304,0.28058795740158116,LOW,IN_PROGRESS
C8992,59773,244,854,DCA_01,0.7724297660716002,0.27484005417432733,LOW,IN_PROGRESS
C8993,34123,178,517,DCA_01,0.4634180500302453,0.4219887717249714,MEDIUM,IN_PROGRESS
C8994,95346,65,357,DCA_01,0.5023870505291974,0.44244580852630055,MEDIUM,IN_PROGRESS
C8995,10718,3,412,DCA_01,0.853813197434436,0.35160030886739313,MEDIUM,IN_PROGRESS
C8996,63637,207,421,DCA_02,0.6730687523012142,0.528658053761633,MEDIUM,RECOVERED
C8997,1028,21,707,DCA_02,0.71042482123861,0.2654676271951256,LOW,RECOVERED
C8998,63370,293,759,DCA_02,0.6278830726825397,0.4409932188427381,MEDIUM,IN_PROGRESS
C8999,48599,15,384,DCA_01,0.5498854952604482,0.4503517697219225,MEDIUM,RECOVERED
C9000,18397,343,699,DCA_01,0.5245651426614939,0.4568879905427635,MEDIUM,IN_PROGRESS
C9001,46406,206,655,DCA_02,0.6946097931306758,0.3119742762057284,MEDIUM,IN_PROGRESS
C9002,48657,202,398,DCA_01,0.6354876483004608,0.5585104806605448,MEDIUM,IN_PROGRESS
C9003,68560,120,820,DCA_02,0.6015165617950052,0.226582131704975,LOW,RECOVERED
C9004,14503,137,817,DCA_01,0.747192582177172,0.29726739461722673,LOW,RECOVERED
C9005,55943,300,407,DCA_01,0.6020770791134953,0.6463576176747148,HIGH,IN_PROGRESS
C9006,76839,295,451,DCA_01,0.4183651904682038,0.5524792848389724,MEDIUM,IN_PROGRESS
C9007,83674,25,326,DCA_02,0.8198349666689486,0.3966979968811356,MEDIUM,IN_PROGRESS
C9008,26345,312,418,DCA_01,0.5592017204611837,0.5964844613514031,MEDIUM,IN_PROGRESS
C9009,51390,234,399,DCA_02,0.8732008674587066,0.5463078791968801,MEDIUM,RECOVERED
C9010,96041,121,302,DCA_02,0.8397790466553576,0.5588861765800526,MEDIUM,RECOVERED
C9011,60557,90,628,DCA_02,0.516958122121572,0.3746934553689497,MEDIUM,RECOVERED
C9012,66054,320,828,DCA_01,0.8827355074472218,0.3393967496195177,MEDIUM,RECOVERED
C9013,2906,200,405,DCA_02,0.8267803797319626,0.5568533336873603,MEDIUM,IN_PROGRESS
C9014,41167,180,529,DCA_02,0.8925082268261295,0.42927340269384906,MEDIUM,IN_PROGRESS
C9015,8961,345,603,DCA_02,0.7389742275705402,0.5359714537208887,MEDIUM,RECOVERED
C9016,27140,76,476,DCA_01,0.8653633746221212,0.44014327891594573,MEDIUM,RECOVERED
C9017,59701,137,383,DCA_01,0.7450465610258574,0.5112743675048758,MEDIUM,IN_PROGRESS
C9018,78567,138,562,DCA_01,0.8275466952254455,0.380867073693517,MEDIUM,IN_PROGRESS
C9019,81664,10,495,DCA_01,0.7052146463397034,0.35528265897085165,MEDIUM,IN_PROGRESS
C9020,82199,201,548,DCA_02,0.8645871862899811,0.3737161771494798,MEDIUM,RECOVERED
C9021,82218,318,681,DCA_02,0.6590434528147284,0.4648561578071413,MEDIUM,IN_PROGRESS
C9022,81729,346,757,DCA_02,0.7682843628295624,0.44280886490433946,MEDIUM,RECOVERED
C9023,29561,219,708,DCA_01,0.8584802260465889,0.35316746050087,MEDIUM,RECOVERED
C9024,51568,60,380,DCA_02,0.6111950593719506,0.49556431102050313,MEDIUM,RECOVERED
C9025,74302,147,711,DCA_02,0.4132010374518057,0.2931089042630636,LOW,RECOVERED
C9026,96380,107,505,DCA_02,0.4565235569687258,0.4760385562686129,MEDIUM,IN_PROGRESS
C9027,95968,38,687,DCA_02,0.8859557208749673,0.27469513579591476,LOW,RECOVERED
C9028,30504,134,698,DCA_01,0.8366012706119166,0.32162769305733974,MEDIUM,IN_PROGRESS
C9029,38146,221,307,DCA_01,0.6417087198981682,0.5961530088169607,MEDIUM,IN_PROGRESS
C9030,41297,303,816,DCA_02,0.8804497060341587,0.39058433502522216,MEDIUM,RECOVERED
C9031,87394,133,749,DCA_01,0.492802772887811,0.29170058299400947,LOW,IN_PROGRESS
C9032,69607,334,775,DCA_02,0.4554831837485973,0.40832852352067517,MEDIUM,RECOVERED
C9033,17939,53,641,DCA_01,0.7007200389576573,0.34204340766062313,MEDIUM,RECOVERED
C9034,91467,62,372,DCA_01,0.5910601485173904,0.3859244659593527,MEDIUM,IN_PROGRESS
C9035,51715,23,420,DCA_02,0.5698848179785034,0.4275679255215853,MEDIUM,IN_PROGRESS
C9036,45460,44,601,DCA_01,0.7670759475824058,0.2643033599837451,LOW,RECOVERED
C9037,67576,308,533,DCA_01,0.4750065674601464,0.5356141272521345,MEDIUM,IN_PROGRESS
C9038,69222,46,365,DCA_01,0.7892245113950579,0.45013646986833666,MEDIUM,RECOVERED
C9039,13666,147,529,DCA_02,0.5797248079670982,0.4697520683920755,MEDIUM,IN_PROGRESS
C9040,63119,216,842,DCA_02,0.8933687789793652,0.2833765345527306,LOW,RECOVERED
C9041,36321,340,350,DCA_02,0.8043730434492924,0.6376316507848065,HIGH,IN_PROGRESS
C9042,2779,47,628,DCA_01,0.7231117810490479,0.34294319460471745,MEDIUM,RECOVERED
C9043,14186,347,686,DCA_02,0.5147231349670528,0.5290234463637622,MEDIUM,RECOVERED
C9044,17459,308,337,DCA_02,0.878213230006987,0.6275054400183313,HIGH,RECOVERED
C9045,87246,24,472,DCA_02,0.4164550198835501,0.3468695529778213,MEDIUM,IN_PROGRESS
C9046,88755,145,792,DCA_02,0.511674890004667,0.32475676821474475,MEDIUM,RECOVERED
C9047,6057,89,754,DCA_01,0.4183878545185605,0.2675253501352931,LOW,IN_PROGRESS
C9048,61663,174,340,DCA_01,0.8832580898709099,0.5258809579260206,MEDIUM,RECOVERED
C9049,19733,64,428,DCA_02,0.8357247598230131,0.3949902808771364,MEDIUM,RECOVERED
C9050,20157,119,353,DCA_01,0.8760538329007015,0.576180782067383,MEDIUM,RECOVERED
C9051,36030,223,385,DCA_01,0.7575174928832946,0.5974412576790455,MEDIUM,IN_PROGRESS
C9052,20613,156,568,DCA_01,0.4137120328983991,0.3504201851720705,MEDIUM,IN_PROGRESS
C9053,84028,178,595,DCA_02,0.8657510201628174,0.46277716362725163,MEDIUM,IN_PROGRESS
C9054,87282,320,320,DCA_01,0.6104763858404084,0.6622012721205486,HIGH,IN_PROGRESS
C9055,6188,342,514,DCA_02,0.5841004345273726,0.5183553400163126,MEDIUM,IN_PROGRESS
C9056,30680,56,724,DCA_01,0.5420661814698263,0.25327327069483785,LOW,IN_PROGRESS
C9057,61119,59,488,DCA_02,0.5433989136418621,0.4186188018439818,MEDIUM,IN_PROGRESS
C9058,75400,220,460,DCA_02,0.800314276009457,0.536747941626226,MEDIUM,RECOVERED
C9059,56718,185,840,DCA_01,0.5281897391845651,0.240861728164532,LOW,RECOVERED
C9060,37445,47,680,DCA_02,0.5110810287192586,0.34316652149251703,MEDIUM,RECOVERED
C9061,6796,102,543,DCA_01,0.749009813919427,0.46349971100935883,MEDIUM,IN_PROGRESS
C9062,48218,44,482,DCA_02,0.5437315330203396,0.3358179876610793,MEDIUM,RECOVERED
C9063,40131,15,843,DCA_02,0.4065654688265379,0.26132158120281535,LOW,RECOVERED
C9064,9123,236,847,DCA_01,0.865883193538328,0.30126824739343394,MEDIUM,RECOVERED
C9065,9222,361,392,DCA_01,0.5567819434917491,0.6077699510703511,HIGH,RECOVERED
C9066,25074,51,667,DCA_01,0.7821887259340494,0.22448689886760254,LOW,RECOVERED
C9067,30825,309,458,DCA_01,0.6344936636607413,0.5928991160066388,MEDIUM,RECOVERED
C9068,37839,34,697,DCA_01,0.4670399092782296,0.2822653209661611,LOW,IN_PROGRESS
C9069,69322,124,479,DCA_02,0.7309641192368023,0.4853798314124923,MEDIUM,IN_PROGRESS
C9070,57321,77,737,DCA_02,0.5157799134816721,0.3360241086657939,MEDIUM,RECOVERED
C9071,26988,123,672,DCA_01,0.5439589374675158,0.2583382483068206,LOW,RECOVERED
C9072,36507,205,605,DCA_01,0.4162031820313139,0.4616878763155433,MEDIUM,IN_PROGRESS
C9073,99644,228,678,DCA_02,0.4082016750568535,0.39963094250736886,MEDIUM,IN_PROGRESS
C9074,96251,70,517,DCA_01,0.6568097286071785,0.36919079827301815,MEDIUM,RECOVERED
C9075,24806,230,628,DCA_01,0.4288974544412346,0.4741806333725912,MEDIUM,IN_PROGRESS
C9076,37901,21,642,DCA_02,0.504708786002129,0.25484398197039726,LOW,RECOVERED
C9077,18043,108,462,DCA_01,0.8619035758835504,0.3413205306869729,MEDIUM,RECOVERED
C9078,76761,364,457,DCA_02,0.4414277293007427,0.5794741915884238,MEDIUM,IN_PROGRESS
C9079,10752,241,409,DCA_02,0.5453947493108495,0.5269973053570915,MEDIUM,RECOVERED
C9080,69993,251,866,DCA_01,0.7632640810690847,0.32070446230276417,MEDIUM,IN_PROGRESS
C9081,43616,135,649,DCA_02,0.8421625437317448,0.31950778033602667,MEDIUM,RECOVERED
C9082,53127,90,664,DCA_01,0.423105574758813,0.3994275174793438,MEDIUM,IN_PROGRESS
C9083,75777,79,314,DCA_02,0.4927197597046698,0.5446832719438517,MEDIUM,IN_PROGRESS
C9084,1453,177,452,DCA_02,0.5939417200690454,0.5043171723252615,MEDIUM,IN_PROGRESS
C9085,76432,298,831,DCA_01,0.5804971176015454,0.3171328273571753,MEDIUM,IN_PROGRESS
C9086,88362,308,699,DCA_01,0.5442628674027196,0.37767954074070875,MEDIUM,RECOVERED
C9087,11976,102,351,DCA_01,0.5211537951606054,0.503697482345826,MEDIUM,IN_PROGRESS
C9088,71404,361,768,DCA_01,0.5343294173860224,0.36376646046187744,MEDIUM,IN_PROGRESS
C9089,82932,335,620,DCA_02,0.4667127886060891,0.5660754733389526,MEDIUM,IN_PROGRESS
C9090,98170,112,895,DCA_02,0.4816633112685706,0.22060439306256419,LOW,RECOVERED
C9091,78707,181,666,DCA_01,0.7033834499094633,0.3636845222690106,MEDIUM,RECOVERED
C9092,90647,104,785,DCA_01,0.546095560880324,0.3143479127045593,MEDIUM,RECOVERED
C9093,34688,16,315,DCA_02,0.5998426351880941,0.4212884155306381,MEDIUM,IN_PROGRESS
C9094,87840,96,710,DCA_02,0.6059831953531578,0.3514301351636595,MEDIUM,RECOVERED
C9095,94789,293,573,DCA_02,0.4548687483555108,0.5402564999016205,MEDIUM,IN_PROGRESS
C9096,97516,146,888,DCA_01,0.8097468949282431,0.28075505428117264,LOW,RECOVERED
C9097,3017,302,605,DCA_02,0.878179833836267,0.4535613092770623,MEDIUM,RECOVERED
C9098,8957,2,391,DCA_02,0.5317709286461552,0.33267905924850416,MEDIUM,RECOVERED
C9099,5792,119,757,DCA_01,0.5472050928575558,0.22962820249247484,LOW,RECOVERED
C9100,56982,343,569,DCA_01,0.7465769066091075,0.613710619337462,HIGH,IN_PROGRESS
C9101,14237,94,351,DCA_02,0.4402941906177081,0.46291668828076027,MEDIUM,IN_PROGRESS
C9102,52586,191,420,DCA_01,0.8536614678859369,0.5375751157734538,MEDIUM,IN_PROGRESS
C9103,82787,3,349,DCA_01,0.4602946536157962,0.44802929636129696,MEDIUM,IN_PROGRESS
C9104,20252,111,774,DCA_01,0.7660312354552156,0.3122122321199927,MEDIUM,RECOVERED
C9105,11707,177,791,DCA_02,0.545757537963087,0.3442860168109303,MEDIUM,RECOVERED
C9106,35206,257,679,DCA_02,0.5616323591401416,0.4318836787795757,MEDIUM,RECOVERED
C9107,95276,361,686,DCA_01,0.4704223226438553,0.57074197029986,MEDIUM,IN_PROGRESS
C9108,4543,22,588,DCA_02,0.723168914496478,0.29744903530565037,LOW,RECOVERED
C9109,45135,220,753,DCA_01,0.797497180601549,0.33090704189410125,MEDIUM,RECOVERED
C9110,36031,173,670,DCA_01,0.8751207877360414,0.3816804491704604,MEDIUM,IN_PROGRESS
C9111,43929,224,483,DCA_01,0.5657747173157743,0.43856674641831384,MEDIUM,IN_PROGRESS
C9112,66747,65,504,DCA_02,0.7105904550919135,0.4125340814509346,MEDIUM,RECOVERED
C9113,58851,277,471,DCA_01,0.6074964741406766,0.4718734960295161,MEDIUM,IN_PROGRESS
C9114,56311,249,521,DCA_01,0.6789218363703932,0.5121799487267602,MEDIUM,RECOVERED
C9115,66867,260,467,DCA_01,0.4814658646135501,0.5707676627989476,MEDIUM,IN_PROGRESS
C9116,89780,131,543,DCA_02,0.6908764455235729,0.39870219333447743,MEDIUM,RECOVERED
C9117,58196,113,517,DCA_01,0.8245411346149234,0.4904985356740017,MEDIUM,IN_PROGRESS
C9118,74705,286,355,DCA_01,0.8318265771097622,0.5724967257520066,MEDIUM,RECOVERED
C9119,58894,287,874,DCA_02,0.6416946638028118,0.2961531364761948,LOW,RECOVERED
C9120,88640,211,466,DCA_01,0.5178732327232278,0.4785712684987141,MEDIUM,RECOVERED
C9121,15591,20,818,DCA_02,0.8183394870373314,0.18082845836009143,LOW,RECOVERED
C9122,98247,215,441,DCA_01,0.899714258416233,0.5152892504122214,MEDIUM,RECOVERED
C9123,49893,310,424,DCA_01,0.5885798209626453,0.6452002571233854,HIGH,IN_PROGRESS
C9124,1727,251,389,DCA_01,0.8621843525827011,0.5472893394087672,MEDIUM,IN_PROGRESS
C9125,22359,271,610,DCA_01,0.8917300620666997,0.48785470178097046,MEDIUM,RECOVERED
C9126,44822,180,670,DCA_02,0.5978066429010527,0.44177772796344594,MEDIUM,RECOVERED
C9127,89534,194,515,DCA_02,0.7581422084751737,0.416567228936525,MEDIUM,RECOVERED
C9128,11929,313,740,DCA_02,0.6905462515895343,0.4768879471597339,MEDIUM,RECOVERED
C9129,61091,79,485,DCA_01,0.7610968443483561,0.4288165981940132,MEDIUM,RECOVERED
C9130,81378,180,452,DCA_01,0.4770763672959755,0.4971810461237426,MEDIUM,RECOVERED
C9131,24519,163,395,DCA_02,0.5833599198285757,0.46499972913494825,MEDIUM,RECOVERED
C9132,18393,202,635,DCA_02,0.4313990203765668,0.37719313245886354,MEDIUM,RECOVERED
C9133,35318,14,814,DCA_02,0.7066080683735623,0.24523370884817375,LOW,RECOVERED
C9134,75531,347,448,DCA_02,0.8633482144513615,0.508732259196104,MEDIUM,IN_PROGRESS
C9135,95192,246,831,DCA_02,0.6801416228162127,0.34581499919527914,MEDIUM,RECOVERED
C9136,48934,14,701,DCA_02,0.4351658102651444,0.25478325601614304,LOW,RECOVERED
C9137,82103,99,630,DCA_02,0.8651886999495759,0.32300707104491144,MEDIUM,RECOVERED
C9138,29840,33,526,DCA_01,0.4664824553232317,0.3203345948894617,MEDIUM,IN_PROGRESS
C9139,90367,257,657,DCA_01,0.841470714519848,0.4489638828073669,MEDIUM,RECOVERED
C9140,14265,34,887,DCA_01,0.7571136228757617,0.1817782964873218,LOW,RECOVERED
C9141,6424,19,615,DCA_01,0.7181838776358866,0.277861073265228,LOW,RECOVERED
C9142,21625,152,335,DCA_02,0.6934237988124836,0.44503310357485326,MEDIUM,IN_PROGRESS
C9143,80622,260,808,DCA_02,0.4655746074207301,0.3437139582254888,MEDIUM,RECOVERED
C9144,30187,164,777,DCA_01,0.6504218761873579,0.26137279671544356,LOW,IN_PROGRESS
C9145,36929,77,727,DCA_01,0.4983465191770313,0.32845315785658324,MEDIUM,RECOVERED
C9146,62892,314,749,DCA_01,0.6858919360486546,0.4165511416078499,MEDIUM,RECOVERED
C9147,21539,137,389,DCA_02,0.6236718722028602,0.4864710221566574,MEDIUM,RECOVERED
C9148,57630,359,840,DCA_01,0.7398377808947472,0.34624362224941085,MEDIUM,IN_PROGRESS
C9149,91639,208,475,DCA_02,0.8912485149311049,0.4498620020379557,MEDIUM,RECOVERED
C9150,94410,242,719,DCA_02,0.580507701807861,0.47418892787116895,MEDIUM,RECOVERED
C9151,10215,67,470,DCA_02,0.7083567481699815,0.3967861655247583,MEDIUM,RECOVERED
C9152,40385,116,693,DCA_02,0.8322034632667977,0.3063716579896941,MEDIUM,RECOVERED
C9153,88580,202,565,DCA_02,0.4464633167754553,0.417410452944458,MEDIUM,RECOVERED
C9154,78462,250,803,DCA_02,0.8001230306337231,0.3667920406272369,MEDIUM,RECOVERED
C9155,98037,278,433,DCA_02,0.5197124853651516,0.5380139281067089,MEDIUM,IN_PROGRESS
C9156,96310,112,325,DCA_02,0.6701380092954188,0.5415395432057795,MEDIUM,RECOVERED
C9157,26008,331,576,DCA_01,0.8957507192674921,0.5250909507519699,MEDIUM,IN_PROGRESS
C9158,49928,234,399,DCA_02,0.89202603938413,0.49082557879917155,MEDIUM,RECOVERED
C9159,84096,176,741,DCA_02,0.5578988197407975,0.3075740108410022,MEDIUM,RECOVERED
C9160,90876,143,724,DCA_01,0.4658814780819833,0.2698125669694599,LOW,RECOVERED
C9161,25976,32,329,DCA_02,0.8690925183814472,0.5114273551682782,MEDIUM,IN_PROGRESS
C9162,28626,181,795,DCA_02,0.8467647174994635,0.3369476069194409,MEDIUM,RECOVERED
C9163,99256,67,490,DCA_02,0.7080159481187087,0.33345057398185884,MEDIUM,RECOVERED
C9164,60789,4,486,DCA_02,0.4162051944187617,0.3324256714833532,MEDIUM,IN_PROGRESS
C9165,5700,286,439,DCA_01,0.7756401620459465,0.5620454258057412,MEDIUM,RECOVERED
C9166,64645,269,619,DCA_02,0.4804276066207007,0.4847967254795794,MEDIUM,IN_PROGRESS
C9167,74396,236,668,DCA_02,0.8715106358502535,0.3548193801216337,MEDIUM,IN_PROGRESS
C9168,8526,277,596,DCA_02,0.6175630348985401,0.47396334536780604,MEDIUM,IN_PROGRESS
C9169,40500,41,499,DCA_02,0.7075578040866755,0.3538253198277753,MEDIUM,RECOVERED
C9170,69049,121,678,DCA_02,0.540539969302838,0.3522234424446753,MEDIUM,RECOVERED
C9171,74366,275,379,DCA_01,0.637537941205321,0.6255278727159226,HIGH,RECOVERED
C9172,81317,231,746,DCA_02,0.7773177516098018,0.3673882131337922,MEDIUM,RECOVERED
C9173,60117,304,800,DCA_02,0.6460082812356016,0.4339906105510035,MEDIUM,IN_PROGRESS
C9174,57096,86,558,DCA_01,0.823598664734469,0.37343054528545694,MEDIUM,RECOVERED
C9175,8910,63,843,DCA_02,0.7565137179997865,0.23033050398338795,LOW,RECOVERED
C9176,82383,192,420,DCA_02,0.4386797861522731,0.42370730867514883,MEDIUM,IN_PROGRESS
C9177,72185,293,354,DCA_02,0.7034177021477057,0.6056320735930127,HIGH,RECOVERED
C9178,51248,31,792,DCA_02,0.7062997163301572,0.24808891626850016,LOW,IN_PROGRESS
C9179,75656,330,317,DCA_02,0.5904491761955415,0.6118714609773164,HIGH,RECOVERED
C9180,2951,146,608,DCA_02,0.5613619637708357,0.3554778885331479,MEDIUM,RECOVERED
C9181,66212,107,409,DCA_02,0.4314437970051525,0.4549532363592035,MEDIUM,RECOVERED
C9182,76701,359,630,DCA_01,0.6230782392192785,0.52997170190212,MEDIUM,IN_PROGRESS
C9183,80888,110,872,DCA_01,0.5682982289257306,0.20452225669239033,LOW,IN_PROGRESS
C9184,76282,276,563,DCA_01,0.8755314048421254,0.4848166369115391,MEDIUM,RECOVERED
C9185,95533,210,567,DCA_01,0.7370871909226757,0.4266109410498068,MEDIUM,IN_PROGRESS
C9186,42954,139,734,DCA_01,0.6300307052838416,0.2765473815196092,LOW,RECOVERED
C9187,90719,86,749,DCA_02,0.7773059903109426,0.30177386320847177,MEDIUM,RECOVERED
C9188,9804,44,596,DCA_01,0.7893848187957632,0.282516705397728,LOW,RECOVERED
C9189,93705,82,436,DCA_01,0.6402279457872433,0.4099897101824298,MEDIUM,IN_PROGRESS
C9190,1595,64,889,DCA_01,0.4378789010368787,0.22316226279742646,LOW,IN_PROGRESS
C9191,30592,343,696,DCA_02,0.7902755661242395,0.5238391494702348,MEDIUM,IN_PROGRESS
C9192,41643,321,483,DCA_02,0.4451420213939217,0.5543699208006237,MEDIUM,IN_PROGRESS
C9193,63665,55,711,DCA_02,0.823753413252544,0.3133528251909481,MEDIUM,RECOVERED
C9194,21823,74,900,DCA_01,0.5670784463043081,0.2043988977797716,LOW,RECOVERED
C9195,6972,129,619,DCA_02,0.7191204822141904,0.36066303208248185,MEDIUM,RECOVERED
C9196,16882,256,875,DCA_01,0.770202226456026,0.3107318037652286,MEDIUM,IN_PROGRESS
C9197,67394,231,625,DCA_01,0.4175962326630003,0.3827348479691226,MEDIUM,RECOVERED
C9198,72055,137,866,DCA_01,0.5923071529225992,0.32054868348295695,MEDIUM,RECOVERED
C9199,24769,351,716,DCA_01,0.7020715039996971,0.5181619737108095,MEDIUM,RECOVERED
C9200,26020,355,389,DCA_02,0.8240721236484705,0.6156328527355346,HIGH,IN_PROGRESS
C9201,43748,112,740,DCA_02,0.7588848415902046,0.31267134229048343,MEDIUM,RECOVERED
C9202,86374,308,374,DCA_01,0.8480705821044734,0.6608298960679176,HIGH,IN_PROGRESS
C9203,45912,146,873,DCA_02,0.4413613355772885,0.25032426554849196,LOW,RECOVERED
C9204,13879,33,566,DCA_02,0.4359110011029058,0.37578241360561504,MEDIUM,IN_PROGRESS
C9205,34798,260,611,DCA_01,0.7567624703879863,0.5355310866022738,MEDIUM,IN_PROGRESS
C9206,90826,87,782,DCA_02,0.599264120498908,0.30590100469394876,MEDIUM,RECOVERED
C9207,47073,331,327,DCA_01,0.6408156306254698,0.6004934307349947,HIGH,IN_PROGRESS
C9208,76791,265,641,DCA_02,0.7021580178045113,0.44841035800754936,MEDIUM,RECOVERED
C9209,67983,320,725,DCA_01,0.8929707308736554,0.4274310651299009,MEDIUM,RECOVERED
C9210,44005,30,834,DCA_01,0.4335830777684671,0.22215967737665754,LOW,RECOVERED
C9211,95731,232,709,DCA_02,0.4544474447130925,0.405988509273273,MEDIUM,RECOVERED
C9212,3850,76,584,DCA_01,0.8146566178072387,0.3297613962318846,MEDIUM,RECOVERED
C9213,29400,129,405,DCA_02,0.4102621305781177,0.48223580664895394,MEDIUM,RECOVERED
C9214,12953,271,803,DCA_02,0.6252274203642021,0.32598379699452007,MEDIUM,IN_PROGRESS
C9215,24535,89,345,DCA_02,0.787059144815918,0.43239519371885105,MEDIUM,RECOVERED
C9216,76536,170,746,DCA_01,0.4976344105170465,0.35157945684577496,MEDIUM,RECOVERED
C9217,76039,128,443,DCA_02,0.4935050565327873,0.3811752348880839,MEDIUM,RECOVERED
C9218,82029,174,836,DCA_02,0.55512617216634,0.28970497394381045,LOW,IN_PROGRESS
C9219,5055,26,361,DCA_01,0.4750051694574724,0.379271238380279,MEDIUM,RECOVERED
C9220,39170,61,381,DCA_02,0.7392764268609453,0.3653215430139558,MEDIUM,RECOVERED
C9221,98944,67,635,DCA_02,0.5000687757487334,0.32034568086585913,MEDIUM,RECOVERED
C9222,29251,26,510,DCA_01,0.513428769522907,0.41390592188598196,MEDIUM,RECOVERED
C9223,5532,83,699,DCA_02,0.6874675740458969,0.24245185525339208,LOW,RECOVERED
C9224,5924,364,646,DCA_02,0.883670539198022,0.5134642063516026,MEDIUM,IN_PROGRESS
C9225,49037,60,497,DCA_02,0.8569412861842707,0.42142134979685797,MEDIUM,RECOVERED
C9226,79082,39,676,DCA_01,0.8322483648134611,0.22007128334968873,LOW,RECOVERED
C9227,93115,123,461,DCA_02,0.6654619166639104,0.5316645878231898,MEDIUM,IN_PROGRESS
C9228,72621,292,507,DCA_01,0.5488759078528604,0.5522474191831599,MEDIUM,IN_PROGRESS
C9229,78926,277,726,DCA_02,0.7528835891366328,0.4701383452179302,MEDIUM,RECOVERED
C9230,79816,304,343,DCA_02,0.5947886398895992,0.615401439519542,HIGH,IN_PROGRESS
C9231,90654,282,790,DCA_01,0.7889544917156046,0.4168210536950153,MEDIUM,IN_PROGRESS
C9232,71400,191,578,DCA_01,0.4080957427886569,0.4035310109507393,MEDIUM,RECOVERED
C9233,93385,292,445,DCA_02,0.664770020483401,0.6478944739167829,HIGH,IN_PROGRESS
C9234,94102,152,368,DCA_01,0.5686752474986861,0.512966029175415,MEDIUM,RECOVERED
C9235,11702,233,821,DCA_02,0.5245245529178895,0.32734512314330333,MEDIUM,IN_PROGRESS
C9236,16385,146,410,DCA_01,0.7309184188121884,0.4959050979295435,MEDIUM,RECOVERED
C9237,10336,271,848,DCA_02,0.7291866668055551,0.3821128920953466,MEDIUM,IN_PROGRESS
C9238,66421,335,892,DCA_01,0.4185335889717975,0.3083229232907829,MEDIUM,RECOVERED
C9239,32225,134,354,DCA_01,0.8738494430079438,0.49800366190485057,MEDIUM,RECOVERED
C9240,37021,171,522,DCA_02,0.5809265180752599,0.444871521606651,MEDIUM,RECOVERED
C9241,4782,28,874,DCA_02,0.8587039071994921,0.17692955908041752,LOW,RECOVERED
C9242,89877,136,823,DCA_02,0.69185999408504,0.29382582677949765,LOW,IN_PROGRESS
C9243,90630,241,445,DCA_01,0.7262952364366924,0.4766121776805672,MEDIUM,IN_PROGRESS
C9244,50111,344,563,DCA_01,0.8802577891599896,0.5399279569695925,MEDIUM,IN_PROGRESS
C9245,90402,228,843,DCA_01,0.8110986398329871,0.33007781384389145,MEDIUM,RECOVERED
C9246,85585,287,767,DCA_01,0.4700175050151242,0.3629326084267448,MEDIUM,IN_PROGRESS
C9247,43719,303,860,DCA_02,0.4026104812966671,0.35824421305602905,MEDIUM,RECOVERED
C9248,97528,34,486,DCA_02,0.5542936901708776,0.29696565052769086,LOW,RECOVERED
C9249,50037,2,642,DCA_01,0.6442687971938118,0.24608527694806714,LOW,RECOVERED
C9250,81103,362,398,DCA_02,0.7660749455816973,0.6327066852441965,HIGH,RECOVERED
C9251,4513,195,605,DCA_02,0.7305241901863508,0.40533516936653713,MEDIUM,RECOVERED
C9252,14335,94,498,DCA_01,0.5564280857050384,0.34726349942310053,MEDIUM,IN_PROGRESS
C9253,45140,328,453,DCA_02,0.6709979945816784,0.5777273528107503,MEDIUM,IN_PROGRESS
C9254,81373,308,395,DCA_01,0.725466658012387,0.650624834909993,HIGH,RECOVERED
C9255,78658,135,874,DCA_02,0.6568751010219014,0.2384311691780121,LOW,RECOVERED
C9256,35840,204,658,DCA_01,0.7444871480211154,0.4736438049165901,MEDIUM,IN_PROGRESS
C9257,32007,250,698,DCA_01,0.6426091269741678,0.3782083863915351,MEDIUM,RECOVERED
C9258,57947,147,675,DCA_02,0.6648425034918066,0.3165220380775726,MEDIUM,RECOVERED
C9259,94220,346,627,DCA_01,0.8703876463986804,0.5067221607028577,MEDIUM,RECOVERED
C9260,27393,348,571,DCA_02,0.5945790638146409,0.4717655704429756,MEDIUM,RECOVERED
C9261,58480,254,896,DCA_01,0.777853665563832,0.35318032345462147,MEDIUM,RECOVERED
C9262,89290,334,594,DCA_01,0.5673382730829131,0.5681424050710878,MEDIUM,IN_PROGRESS
C9263,87335,176,694,DCA_01,0.5659272676954802,0.3467934226471463,MEDIUM,RECOVERED
C9264,10107,125,771,DCA_02,0.8633357984375376,0.29413639399730884,LOW,RECOVERED
C9265,6993,251,847,DCA_01,0.749335752711325,0.3399544034173412,MEDIUM,IN_PROGRESS
C9266,97341,131,317,DCA_01,0.8644791439887858,0.5481219441653402,MEDIUM,IN_PROGRESS
C9267,94650,50,376,DCA_02,0.8972907310047628,0.4819696261572294,MEDIUM,RECOVERED
C9268,53066,93,348,DCA_02,0.4001015825972002,0.41588201422781146,MEDIUM,RECOVERED
C9269,43942,310,797,DCA_01,0.8915751245143044,0.3757685960740984,MEDIUM,IN_PROGRESS
C9270,17138,220,725,DCA_01,0.4504353598392978,0.425183923256915,MEDIUM,RECOVERED
C9271,45527,334,855,DCA_02,0.4352057399689477,0.36926044996847207,MEDIUM,RECOVERED
C9272,10190,334,428,DCA_01,0.7839049023777886,0.6422941496791537,HIGH,RECOVERED
C9273,93259,20,818,DCA_01,0.5750923003102529,0.2623631227977491,LOW,RECOVERED
C9274,79422,205,603,DCA_01,0.8589059682500261,0.3898231646312972,MEDIUM,IN_PROGRESS
C9275,56698,91,411,DCA_01,0.6722532844658088,0.43722063080864915,MEDIUM,RECOVERED
C9276,83315,355,662,DCA_01,0.5930558218756719,0.5094616555326155,MEDIUM,RECOVERED
C9277,94710,173,365,DCA_02,0.4367186867966255,0.5499674403513075,MEDIUM,RECOVERED
C9278,30086,189,330,DCA_01,0.632317925888352,0.5685392387903176,MEDIUM,IN_PROGRESS
C9279,18322,312,594,DCA_02,0.538948867025006,0.4145102459951172,MEDIUM,IN_PROGRESS
C9280,84569,2,618,DCA_02,0.4383065505506377,0.29311839065408973,LOW,RECOVERED
C9281,86610,361,313,DCA_01,0.7351942648870737,0.6651631607904889,HIGH,IN_PROGRESS
C9282,4435,168,869,DCA_02,0.8886684417488588,0.3392194934317341,MEDIUM,IN_PROGRESS
C9283,54331,24,541,DCA_01,0.5894572426982727,0.3759686096165985,MEDIUM,IN_PROGRESS
C9284,29942,68,652,DCA_01,0.5486324602975836,0.27267188423733235,LOW,RECOVERED
C9285,60635,194,547,DCA_02,0.4449800951552543,0.4615220798504506,MEDIUM,RECOVERED
C9286,30059,84,767,DCA_01,0.5115726105525394,0.3132205176397015,MEDIUM,RECOVERED
C9287,58557,207,687,DCA_01,0.5424861248992029,0.33797477907399043,MEDIUM,RECOVERED
C9288,53389,49,741,DCA_02,0.5720878064180324,0.3357213900666224,MEDIUM,IN_PROGRESS
C9289,54014,32,641,DCA_02,0.7169835241222424,0.22794996250795363,LOW,IN_PROGRESS
C9290,33826,317,815,DCA_01,0.457436339031937,0.377171917606428,MEDIUM,RECOVERED
C9291,31297,170,344,DCA_02,0.4292119567115917,0.48844839874225976,MEDIUM,IN_PROGRESS
C9292,44890,129,718,DCA_02,0.8652909086461038,0.26986543649171923,LOW,IN_PROGRESS
C9293,22322,102,502,DCA_02,0.7995943459062502,0.41901178105112624,MEDIUM,RECOVERED
C9294,36739,35,838,DCA_01,0.5391110434576782,0.16298379842739918,LOW,RECOVERED
C9295,10719,307,685,DCA_01,0.7193960949103422,0.45980525657103366,MEDIUM,RECOVERED
C9296,80553,199,659,DCA_01,0.6962461398999529,0.328008735356237,MEDIUM,IN_PROGRESS
C9297,9314,301,767,DCA_02,0.7715052917666847,0.44276139049056285,MEDIUM,IN_PROGRESS
C9298,94831,77,504,DCA_02,0.8296472393584635,0.35962247308976847,MEDIUM,RECOVERED
C9299,76164,321,546,DCA_01,0.578876025163678,0.4748872314495529,MEDIUM,IN_PROGRESS
C9300,78028,14,348,DCA_02,0.7304159913626618,0.42222823896929584,MEDIUM,RECOVERED
C9301,37113,349,665,DCA_01,0.8010204536954953,0.43469345052071584,MEDIUM,IN_PROGRESS
C9302,16357,131,552,DCA_01,0.7496471524378547,0.43727261636256,MEDIUM,IN_PROGRESS
C9303,99865,238,377,DCA_01,0.8610677942672783,0.5645346132298406,MEDIUM,IN_PROGRESS
C9304,21365,280,716,DCA_02,0.6473437263592994,0.4576790809664161,MEDIUM,IN_PROGRESS
C9305,40029,65,334,DCA_02,0.8013202966476092,0.3911743730055105,MEDIUM,RECOVERED
C9306,2737,138,737,DCA_02,0.8548706989205651,0.28566680550923884,LOW,RECOVERED
C9307,75632,269,611,DCA_01,0.6785264374404264,0.5010688058248813,MEDIUM,RECOVERED
C9308,86474,228,442,DCA_01,0.4086467663716864,0.5201741441066998,MEDIUM,IN_PROGRESS
C9309,79218,201,496,DCA_02,0.8090041843304263,0.5055094031003198,MEDIUM,IN_PROGRESS
C9310,28499,142,559,DCA_02,0.8230169857448935,0.4102104983770344,MEDIUM,IN_PROGRESS
C9311,47157,100,665,DCA_02,0.5999253303927263,0.27649849415015415,LOW,RECOVERED
C9312,57247,138,895,DCA_02,0.5145390367405054,0.2874692357917237,LOW,IN_PROGRESS
C9313,42034,168,491,DCA_01,0.8890746334710317,0.4718490724383162,MEDIUM,RECOVERED
C9314,1294,99,786,DCA_02,0.6758117911964592,0.23032508585669942,LOW,IN_PROGRESS
C9315,99072,311,833,DCA_02,0.6580898427549162,0.4072338783590037,MEDIUM,IN_PROGRESS
C9316,25596,319,323,DCA_01,0.8730371471193841,0.5950123151350325,MEDIUM,RECOVERED
C9317,99185,327,374,DCA_02,0.6040485561480027,0.665700431491528,HIGH,RECOVERED
C9318,12434,355,693,DCA_02,0.8240679991123203,0.4304343796823178,MEDIUM,IN_PROGRESS
C9319,59382,66,757,DCA_02,0.7503255423448729,0.29059574451856673,LOW,RECOVERED
C9320,39098,335,409,DCA_02,0.8838576860619047,0.6250151451348749,HIGH,RECOVERED
C9321,5655,329,389,DCA_02,0.614325471275676,0.5829886390818877,MEDIUM,RECOVERED
C9322,84029,47,336,DCA_02,0.8538129441584237,0.426011790636451,MEDIUM,IN_PROGRESS
C9323,47228,337,862,DCA_01,0.6844403585795442,0.35808115850212785,MEDIUM,IN_PROGRESS
C9324,4771,231,871,DCA_01,0.637938236212039,0.30068531710941016,MEDIUM,RECOVERED
C9325,75099,308,883,DCA_01,0.5528317722651306,0.3443179118396582,MEDIUM,RECOVERED
C9326,57799,146,606,DCA_01,0.6763490081590708,0.46569834063652293,MEDIUM,IN_PROGRESS
C9327,63257,207,361,DCA_02,0.6862759729786267,0.5619483630924568,MEDIUM,RECOVERED
C9328,18558,146,604,DCA_02,0.849195568003813,0.37776976716506805,MEDIUM,RECOVERED
C9329,59436,152,478,DCA_01,0.7520310646421604,0.48397035749401895,MEDIUM,RECOVERED
C9330,93103,279,839,DCA_02,0.8132368289242032,0.2925983653333354,LOW,RECOVERED
C9331,33376,140,743,DCA_01,0.7845650182018595,0.3364080337749433,MEDIUM,RECOVERED
C9332,88458,151,818,DCA_02,0.5383232767514905,0.34319778442936866,MEDIUM,IN_PROGRESS
C9333,78924,21,876,DCA_02,0.5028987825300884,0.2457058321537302,LOW,RECOVERED
C9334,30332,254,335,DCA_01,0.5292406778610195,0.6330915073298657,HIGH,RECOVERED
C9335,47737,64,777,DCA_02,0.4732897121876671,0.28986032996073396,LOW,RECOVERED
C9336,90031,218,372,DCA_01,0.5929809617462314,0.5967785391883333,MEDIUM,IN_PROGRESS
C9337,74970,72,329,DCA_02,0.7269503572884641,0.44716210031828385,MEDIUM,RECOVERED
C9338,52952,162,602,DCA_01,0.6684887461526019,0.3507218503497824,MEDIUM,RECOVERED
C9339,21991,130,646,DCA_01,0.7396071643626595,0.3568797795774685,MEDIUM,IN_PROGRESS
C9340,28472,69,810,DCA_02,0.578049226692843,0.3125846149300302,MEDIUM,IN_PROGRESS
C9341,60946,225,816,DCA_01,0.5026388932921799,0.2726778583354459,LOW,IN_PROGRESS
C9342,27849,246,364,DCA_02,0.5013790742395955,0.5675013525294275,MEDIUM,IN_PROGRESS
C9343,2541,68,752,DCA_02,0.7004312733533579,0.26383226598637155,LOW,RECOVERED
C9344,3765,107,828,DCA_02,0.482147379495715,0.3041919760208247,MEDIUM,RECOVERED
C9345,44074,109,668,DCA_01,0.5985835861530996,0.29051753897851684,LOW,RECOVERED
C9346,30283,328,336,DCA_02,0.5064163713880221,0.6854080521554882,HIGH,RECOVERED
C9347,1769,103,680,DCA_02,0.7313801923644727,0.3816454813717731,MEDIUM,IN_PROGRESS
C9348,18806,141,518,DCA_01,0.7077104193898525,0.42474630227677856,MEDIUM,RECOVERED
C9349,91518,65,545,DCA_01,0.5905624833887698,0.3948919200976132,MEDIUM,RECOVERED
C9350,3972,134,849,DCA_01,0.4643587597672526,0.2737480739752559,LOW,RECOVERED
C9351,19256,199,550,DCA_02,0.5059084072233376,0.4277462235738302,MEDIUM,RECOVERED
C9352,19653,155,864,DCA_02,0.6361045294011667,0.31626112754893865,MEDIUM,IN_PROGRESS
C9353,87669,79,645,DCA_02,0.8860412122170849,0.3318523694215083,MEDIUM,RECOVERED
C9354,40339,250,771,DCA_02,0.5353873807521017,0.32342329020182126,MEDIUM,IN_PROGRESS
C9355,26757,87,860,DCA_02,0.4955951784529462,0.24148079986934823,LOW,IN_PROGRESS
C9356,43399,304,421,DCA_02,0.5103417091216856,0.5791408873487376,MEDIUM,RECOVERED
C9357,45013,241,625,DCA_01,0.7540695680839795,0.49572604081554006,MEDIUM,IN_PROGRESS
C9358,98605,88,827,DCA_01,0.8573420826977607,0.2113481280576862,LOW,RECOVERED
C9359,15706,324,420,DCA_01,0.4375858119596247,0.5559943067378272,MEDIUM,IN_PROGRESS
C9360,39231,172,438,DCA_02,0.7746442707856092,0.569070984055493,MEDIUM,IN_PROGRESS
C9361,28909,357,386,DCA_02,0.6473033398297496,0.5753745948837622,MEDIUM,RECOVERED
C9362,77631,17,429,DCA_01,0.8125952333506536,0.36833494740472894,MEDIUM,RECOVERED
C9363,58572,223,551,DCA_02,0.6107526613853802,0.49095104188874583,MEDIUM,IN_PROGRESS
C9364,86879,294,659,DCA_01,0.4026081258383963,0.4621426300074172,MEDIUM,IN_PROGRESS
C9365,64767,310,729,DCA_01,0.7413981883647857,0.4563592149302246,MEDIUM,IN_PROGRESS
C9366,27469,219,346,DCA_01,0.8039857157436532,0.6333117399962975,HIGH,RECOVERED
C9367,2313,234,890,DCA_01,0.8510105470765774,0.2640038389267022,LOW,IN_PROGRESS
C9368,8847,248,800,DCA_01,0.6845256445475172,0.27693251732863344,LOW,IN_PROGRESS
C9369,51222,52,724,DCA_02,0.4610242506215728,0.2533772761164623,LOW,RECOVERED
C9370,75702,15,674,DCA_02,0.5849173221127779,0.2481613119348548,LOW,RECOVERED
C9371,10930,324,410,DCA_02,0.792125122560556,0.6130212013095764,HIGH,RECOVERED
C9372,4285,112,526,DCA_02,0.6472064827740074,0.3895475994110392,MEDIUM,IN_PROGRESS
C9373,36863,184,338,DCA_01,0.7496222440902508,0.565033184652791,MEDIUM,IN_PROGRESS
C9374,17704,360,434,DCA_01,0.4023448416793995,0.6183330506744253,HIGH,IN_PROGRESS
C9375,19705,7,594,DCA_02,0.4365011698687179,0.3081159265970671,MEDIUM,IN_PROGRESS
C9376,1555,51,333,DCA_02,0.7405818092243175,0.49656832182337407,MEDIUM,RECOVERED
C9377,22323,314,727,DCA_02,0.545100940469657,0.4670355986933681,MEDIUM,IN_PROGRESS
C9378,71968,241,367,DCA_01,0.5940933438539457,0.5711354669791769,MEDIUM,IN_PROGRESS
C9379,67922,245,498,DCA_01,0.7210664558872459,0.46766886082869485,MEDIUM,RECOVERED
C9380,54915,186,859,DCA_02,0.4560072467983871,0.24237089116252386,LOW,RECOVERED
C9381,11619,287,558,DCA_02,0.8163541776453086,0.5232482122298626,MEDIUM,RECOVERED
C9382,73390,92,436,DCA_01,0.4722171300815925,0.4482930361156975,MEDIUM,IN_PROGRESS
C9383,60274,106,680,DCA_01,0.7666412720256339,0.3007006737315757,MEDIUM,IN_PROGRESS
C9384,74173,13,823,DCA_02,0.54637568452198,0.16182555796183495,LOW,RECOVERED
C9385,22225,146,537,DCA_02,0.5299854830658433,0.3298549426653412,MEDIUM,RECOVERED
C9386,27739,119,583,DCA_02,0.8106323494924377,0.3208656092267861,MEDIUM,RECOVERED
C9387,48708,203,757,DCA_01,0.6761008731266852,0.3504724311320464,MEDIUM,RECOVERED
C9388,54019,141,886,DCA_01,0.502748892487447,0.2563600835862876,LOW,RECOVERED
C9389,77154,115,434,DCA_01,0.4012731254556589,0.4218737659910442,MEDIUM,IN_PROGRESS
C9390,8373,152,381,DCA_02,0.8865174396999007,0.46984164950104934,MEDIUM,RECOVERED
C9391,36281,57,894,DCA_02,0.6156930945612986,0.23800190358231488,LOW,IN_PROGRESS
C9392,21187,157,508,DCA_01,0.5987113974459315,0.45596512525503463,MEDIUM,IN_PROGRESS
C9393,68863,310,702,DCA_02,0.4251572931089311,0.35442801117696354,MEDIUM,RECOVERED
C9394,98927,133,487,DCA_02,0.8472017346754814,0.5245442106373908,MEDIUM,IN_PROGRESS
C9395,85085,163,792,DCA_01,0.4702938479685914,0.3646216921908808,MEDIUM,RECOVERED
C9396,40220,275,554,DCA_01,0.5677278558049041,0.5427762200115083,MEDIUM,RECOVERED
C9397,8642,183,622,DCA_01,0.6105519474929,0.37743576730016726,MEDIUM,RECOVERED
C9398,80971,77,724,DCA_02,0.8050528743900334,0.22807042012790502,LOW,RECOVERED
C9399,56556,325,714,DCA_01,0.5797333160703559,0.47380589930508643,MEDIUM,RECOVERED
C9400,34760,44,466,DCA_02,0.6657312711764066,0.4486408561296258,MEDIUM,RECOVERED
C9401,39192,206,889,DCA_02,0.6143657348207865,0.2719804867190847,LOW,IN_PROGRESS
C9402,5381,38,784,DCA_01,0.5559223475648305,0.19797929488701826,LOW,IN_PROGRESS
C9403,97583,318,735,DCA_02,0.8731515424544765,0.4075662528072804,MEDIUM,IN_PROGRESS
C9404,20558,22,831,DCA_02,0.7984384054132556,0.19890996530982508,LOW,RECOVERED
C9405,31782,73,780,DCA_01,0.4871764799873987,0.21815368506735788,LOW,RECOVERED
C9406,5782,241,479,DCA_01,0.6773531674437616,0.5056083781799148,MEDIUM,RECOVERED
C9407,92417,154,370,DCA_02,0.7982800595412443,0.4796860140930651,MEDIUM,RECOVERED
C9408,55712,237,740,DCA_01,0.6898949863143538,0.422718392454815,MEDIUM,IN_PROGRESS
C9409,95945,5,438,DCA_01,0.6468896459979655,0.3987932933940046,MEDIUM,RECOVERED
C9410,20462,221,401,DCA_02,0.4360296987199361,0.5021310600921536,MEDIUM,IN_PROGRESS
C9411,61030,310,767,DCA_02,0.4530333442532498,0.45605825865223015,MEDIUM,RECOVERED
C9412,69519,86,582,DCA_02,0.522619767600341,0.3746654942934097,MEDIUM,IN_PROGRESS
C9413,57411,177,328,DCA_01,0.6566983455974224,0.4906670921138542,MEDIUM,RECOVERED
C9414,56206,259,317,DCA_01,0.8936483422842731,0.6344040352802945,HIGH,IN_PROGRESS
C9415,98469,220,807,DCA_01,0.801133096038406,0.33308169025097156,MEDIUM,IN_PROGRESS
C9416,47950,38,900,DCA_02,0.4550255002321494,0.1856086774778043,LOW,IN_PROGRESS
C9417,3523,142,319,DCA_02,0.7586296968494222,0.4539881554824394,MEDIUM,RECOVERED
C9418,61926,235,625,DCA_01,0.8052356695863642,0.41791948220443975,MEDIUM,IN_PROGRESS
C9419,10677,203,655,DCA_02,0.6071316391706053,0.4098188970403879,MEDIUM,RECOVERED
C9420,76828,329,732,DCA_01,0.5650738116882446,0.43900505768102893,MEDIUM,IN_PROGRESS
C9421,16089,294,698,DCA_01,0.6923075520188287,0.35035683367877735,MEDIUM,IN_PROGRESS
C9422,5581,172,317,DCA_02,0.6595767774842272,0.5097625732620638,MEDIUM,IN_PROGRESS
C9423,12907,125,849,DCA_02,0.5326068028984515,0.24618943160134477,LOW,RECOVERED
C9424,6609,326,675,DCA_02,0.5986889152914701,0.4854212467143426,MEDIUM,IN_PROGRESS
C9425,52153,65,900,DCA_01,0.6722187581447625,0.25653445076462655,LOW,RECOVERED
C9426,51539,281,639,DCA_01,0.6899621831343707,0.45700184570791824,MEDIUM,IN_PROGRESS
C9427,45143,272,449,DCA_02,0.6658747608189763,0.5752472882532746,MEDIUM,IN_PROGRESS
C9428,23936,244,532,DCA_02,0.823053755543613,0.45295516319343443,MEDIUM,RECOVERED
C9429,51182,15,403,DCA_01,0.415872519893653,0.42405445259100527,MEDIUM,RECOVERED
C9430,96042,226,520,DCA_02,0.5664918402206102,0.47801560932914666,MEDIUM,RECOVERED
C9431,14163,131,325,DCA_02,0.7749168069233316,0.5663756424602605,MEDIUM,IN_PROGRESS
C9432,60758,195,363,DCA_01,0.7258913015842661,0.604773695010721,HIGH,RECOVERED
C9433,47057,293,553,DCA_01,0.8591333145909306,0.4145236102354867,MEDIUM,IN_PROGRESS
C9434,13537,209,548,DCA_01,0.6940105143711781,0.4209683595868168,MEDIUM,IN_PROGRESS
C9435,23419,113,430,DCA_02,0.7190754531035284,0.44702099392869454,MEDIUM,IN_PROGRESS
C9436,43578,244,329,DCA_01,0.7524735800613849,0.587058087363457,MEDIUM,RECOVERED
C9437,75991,166,309,DCA_01,0.4931002995631212,0.4866925960830346,MEDIUM,IN_PROGRESS
C9438,75599,191,388,DCA_02,0.7766220058817326,0.5704897945755589,MEDIUM,RECOVERED
C9439,1834,257,729,DCA_01,0.5499448192705011,0.3313400536480613,MEDIUM,RECOVERED
C9440,33214,327,446,DCA_01,0.6122505900328202,0.5906130853010414,MEDIUM,RECOVERED
C9441,93934,218,426,DCA_02,0.4070032507863083,0.5361336981392495,MEDIUM,IN_PROGRESS
C9442,3413,359,423,DCA_02,0.8217829655417646,0.6075500393970761,HIGH,RECOVERED
C9443,10505,275,640,DCA_01,0.8767464470627826,0.44690864802957064,MEDIUM,RECOVERED
C9444,3105,52,817,DCA_02,0.4300954755923956,0.18590174982612007,LOW,RECOVERED
C9445,69104,158,350,DCA_02,0.717600089885057,0.6090144115007701,HIGH,RECOVERED
C9446,59408,363,697,DCA_02,0.8803893380790514,0.4502532455729634,MEDIUM,RECOVERED
C9447,38679,55,613,DCA_02,0.70345039412991,0.3679837723855026,MEDIUM,IN_PROGRESS
C9448,80731,14,813,DCA_01,0.7989754935940375,0.2217547957094912,LOW,RECOVERED
C9449,66131,269,801,DCA_02,0.4590643924169159,0.32034914221251254,MEDIUM,RECOVERED
C9450,65280,340,829,DCA_01,0.5224248864312144,0.4321761649546487,MEDIUM,IN_PROGRESS
C9451,16762,90,718,DCA_01,0.5728674279606316,0.29830084265381385,LOW,RECOVERED
C9452,59703,27,493,DCA_02,0.8905833248276895,0.3410469414645335,MEDIUM,RECOVERED
C9453,82434,89,611,DCA_01,0.7908889851824109,0.27961220779710105,LOW,RECOVERED
C9454,64079,41,598,DCA_02,0.84283143474732,0.319204677133924,MEDIUM,RECOVERED
C9455,22577,304,628,DCA_02,0.6435382098425309,0.42175721740729366,MEDIUM,IN_PROGRESS
C9456,2214,268,775,DCA_01,0.7584026781166883,0.3428078568238372,MEDIUM,RECOVERED
C9457,87339,138,883,DCA_01,0.7657824714337864,0.279208132871111,LOW,RECOVERED
C9458,49114,6,416,DCA_01,0.6844615304225602,0.38665420799300954,MEDIUM,RECOVERED
C9459,90234,242,563,DCA_01,0.8389845753521825,0.41319984517325126,MEDIUM,RECOVERED
C9460,64230,162,816,DCA_01,0.4791256129789944,0.30800894985847793,MEDIUM,RECOVERED
C9461,33980,180,818,DCA_02,0.4287598449325577,0.2701123948827092,LOW,IN_PROGRESS
C9462,68194,297,320,DCA_01,0.5520282478446656,0.5550017486172628,MEDIUM,IN_PROGRESS
C9463,78806,6,776,DCA_01,0.4441359052978424,0.25247715705828766,LOW,IN_PROGRESS
C9464,38792,271,848,DCA_02,0.4301580813277224,0.30862377107612515,MEDIUM,RECOVERED
C9465,46807,272,472,DCA_02,0.6095448984468856,0.5953367973355743,MEDIUM,IN_PROGRESS
C9466,23301,156,361,DCA_02,0.5002528423457266,0.5188245445690846,MEDIUM,RECOVERED
C9467,6141,85,505,DCA_01,0.795073748563619,0.43040683921463496,MEDIUM,RECOVERED
C9468,14777,200,478,DCA_01,0.6898921929827566,0.4571956849711102,MEDIUM,RECOVERED
C9469,39346,10,641,DCA_02,0.5802964252182032,0.273348998489226,LOW,IN_PROGRESS
C9470,55703,138,739,DCA_01,0.5432720709039387,0.29551667560035033,LOW,IN_PROGRESS
C9471,95977,242,374,DCA_02,0.681569078430133,0.4814857878662898,MEDIUM,IN_PROGRESS
C9472,48819,201,589,DCA_02,0.6170010493799538,0.466440695240104,MEDIUM,RECOVERED
C9473,29469,156,856,DCA_01,0.4278675901186595,0.27733268611002215,LOW,RECOVERED
C9474,4845,275,443,DCA_01,0.7325953055913166,0.5676293333975262,MEDIUM,IN_PROGRESS
C9475,24290,225,507,DCA_01,0.6498787938616443,0.5550534841494532,MEDIUM,RECOVERED
C9476,31699,68,571,DCA_02,0.538449797511386,0.3350879480526252,MEDIUM,RECOVERED
C9477,45252,184,714,DCA_01,0.545207551768078,0.31060976399760565,MEDIUM,IN_PROGRESS
C9478,99682,195,696,DCA_01,0.6263922966399251,0.3496955753138531,MEDIUM,RECOVERED
C9479,4293,42,683,DCA_02,0.8137962310278174,0.2536108278511515,LOW,RECOVERED
C9480,58089,151,560,DCA_01,0.6115252901573349,0.37425572544709806,MEDIUM,RECOVERED
C9481,17608,84,466,DCA_02,0.819790415790576,0.3740245400008877,MEDIUM,RECOVERED
C9482,67273,134,317,DCA_01,0.6124316067697642,0.5342618202593753,MEDIUM,RECOVERED
C9483,17619,309,546,DCA_02,0.8149565829317444,0.4458884396655348,MEDIUM,RECOVERED
C9484,79006,354,595,DCA_01,0.8657649820921764,0.4989090178785899,MEDIUM,IN_PROGRESS
C9485,88908,298,713,DCA_01,0.4102869392938968,0.3633914366914974,MEDIUM,IN_PROGRESS
C9486,82653,30,619,DCA_02,0.4311252061111937,0.32637696568764396,MEDIUM,IN_PROGRESS
C9487,15779,9,853,DCA_01,0.4670096478728794,0.2605209542425352,LOW,RECOVERED
C9488,52040,170,480,DCA_01,0.4610602396830438,0.4082281775758816,MEDIUM,RECOVERED
C9489,95830,290,595,DCA_01,0.6272389416833237,0.4762220156027267,MEDIUM,RECOVERED
C9490,57325,168,360,DCA_02,0.7820170357724517,0.5033299455690683,MEDIUM,RECOVERED
C9491,22630,344,508,DCA_02,0.8806642075833111,0.6080914377654663,HIGH,RECOVERED
C9492,13178,145,465,DCA_02,0.6088904069838939,0.5346528074514889,MEDIUM,IN_PROGRESS
C9493,20935,228,599,DCA_01,0.7442405682820247,0.34828117039983875,MEDIUM,IN_PROGRESS
C9494,48258,306,650,DCA_01,0.717753455907282,0.44036027437311953,MEDIUM,IN_PROGRESS
C9495,23784,76,360,DCA_02,0.5965917673159212,0.482811483365997,MEDIUM,RECOVERED
C9496,64722,223,562,DCA_02,0.7605617594516711,0.39884217934212085,MEDIUM,RECOVERED
C9497,24027,177,423,DCA_01,0.6959755416794458,0.4799603897668945,MEDIUM,IN_PROGRESS
C9498,97544,189,537,DCA_01,0.7799697605687967,0.4685110569660922,MEDIUM,IN_PROGRESS
C9499,58853,302,841,DCA_01,0.4968243517845967,0.34188980849391826,MEDIUM,RECOVERED
C9500,68359,46,389,DCA_02,0.5801356926349246,0.43053160091423937,MEDIUM,RECOVERED
C9501,73388,17,438,DCA_02,0.7356109568916647,0.39772795635768543,MEDIUM,RECOVERED
C9502,79608,66,661,DCA_01,0.4624017312564586,0.33054585109279633,MEDIUM,IN_PROGRESS
C9503,77669,360,712,DCA_02,0.7851987839945578,0.5076951148342118,MEDIUM,RECOVERED
C9504,16111,261,392,DCA_01,0.4667198861381076,0.5291789580741539,MEDIUM,IN_PROGRESS
C9505,33312,123,433,DCA_01,0.5622270755171024,0.39793068866750936,MEDIUM,IN_PROGRESS
C9506,25161,231,503,DCA_01,0.5187643366674675,0.5066116524256792,MEDIUM,IN_PROGRESS
C9507,68313,125,337,DCA_01,0.4304927808085679,0.4878347947632501,MEDIUM,IN_PROGRESS
C9508,51374,112,756,DCA_01,0.5353284184452265,0.32511532960190803,MEDIUM,IN_PROGRESS
C9509,25014,272,833,DCA_01,0.8557556046418673,0.3147841895009871,MEDIUM,RECOVERED
C9510,81308,81,737,DCA_01,0.4134643234743884,0.2777248957073185,LOW,RECOVERED
C9511,47389,246,523,DCA_02,0.4084144653557434,0.48799567637650554,MEDIUM,IN_PROGRESS
C9512,19161,347,467,DCA_01,0.7521334239571931,0.5150883415480962,MEDIUM,RECOVERED
C9513,8490,328,406,DCA_01,0.5834349574884317,0.6214116772540618,HIGH,IN_PROGRESS
C9514,25502,215,679,DCA_02,0.5148705394374122,0.4130884593314723,MEDIUM,IN_PROGRESS
C9515,36757,352,323,DCA_02,0.6544360756070943,0.6871380560557221,HIGH,RECOVERED
C9516,42111,235,810,DCA_01,0.5333377684752992,0.35602293949861163,MEDIUM,IN_PROGRESS
C9517,99273,82,606,DCA_02,0.5960089612664097,0.3285894628076035,MEDIUM,IN_PROGRESS
C9518,84245,294,657,DCA_02,0.7576681943465473,0.45021749755418694,MEDIUM,IN_PROGRESS
C9519,59645,310,669,DCA_02,0.4584535322415197,0.4448416143669226,MEDIUM,RECOVERED
C9520,60055,76,470,DCA_01,0.8798281039806283,0.447176341656948,MEDIUM,RECOVERED
C9521,9998,15,880,DCA_01,0.4212643421345268,0.22053652453931993,LOW,RECOVERED
C9522,29906,220,521,DCA_02,0.8032686776641143,0.5025045083285127,MEDIUM,RECOVERED
C9523,71192,230,742,DCA_02,0.7622955969757053,0.4058836797427463,MEDIUM,IN_PROGRESS
C9524,51477,265,452,DCA_01,0.5410447885637867,0.49619198852777635,MEDIUM,IN_PROGRESS
C9525,37901,264,675,DCA_02,0.4591614257761285,0.34655350286811015,MEDIUM,RECOVERED
C9526,92271,110,580,DCA_01,0.8261874690971243,0.323822542799171,MEDIUM,RECOVERED
C9527,53021,307,518,DCA_01,0.7398058132084668,0.47705094259115255,MEDIUM,IN_PROGRESS
C9528,30092,200,785,DCA_02,0.5454406117674846,0.34394755913984165,MEDIUM,RECOVERED
C9529,2242,226,809,DCA_02,0.4084645858351367,0.3182315072654053,MEDIUM,IN_PROGRESS
C9530,2831,185,634,DCA_01,0.8692451711840231,0.34297320274255816,MEDIUM,RECOVERED
C9531,51721,31,709,DCA_02,0.6021265832299809,0.20319596892270853,LOW,RECOVERED
C9532,29511,102,353,DCA_01,0.4881334234946485,0.5108955909823549,MEDIUM,RECOVERED
C9533,73782,259,374,DCA_02,0.8559169726716911,0.6080569561415561,HIGH,RECOVERED
C9534,98003,99,648,DCA_01,0.5795103221762868,0.36539968991622196,MEDIUM,RECOVERED
C9535,19302,339,692,DCA_02,0.6316258204987987,0.5225339467188831,MEDIUM,IN_PROGRESS
C9536,56568,299,853,DCA_01,0.7493093316919576,0.4136285580560217,MEDIUM,RECOVERED
C9537,4232,285,456,DCA_02,0.809709413517196,0.5875700606220589,MEDIUM,IN_PROGRESS
C9538,52507,266,380,DCA_02,0.450088874373274,0.5563824448454971,MEDIUM,RECOVERED
C9539,77508,140,507,DCA_01,0.8493369520219013,0.4702783487155905,MEDIUM,IN_PROGRESS
C9540,11683,302,385,DCA_01,0.8662698590617687,0.5708858046924825,MEDIUM,RECOVERED
C9541,24664,286,746,DCA_01,0.5296348633320598,0.39451438189823995,MEDIUM,IN_PROGRESS
C9542,34172,350,476,DCA_02,0.6486939699709771,0.6084481114745741,HIGH,RECOVERED
C9543,84641,216,810,DCA_01,0.8289376671062147,0.299770388459739,LOW,IN_PROGRESS
C9544,65340,32,438,DCA_01,0.643674165934359,0.35124529620928,MEDIUM,RECOVERED
C9545,88236,303,401,DCA_01,0.6409872857089771,0.5807624941486653,MEDIUM,IN_PROGRESS
C9546,12017,88,772,DCA_01,0.7092615949246386,0.3392105793933544,MEDIUM,IN_PROGRESS
C9547,37613,63,841,DCA_02,0.7837196563484186,0.23609273956627808,LOW,RECOVERED
C9548,87130,279,493,DCA_01,0.7328086928978519,0.5407893091218824,MEDIUM,RECOVERED
C9549,77920,74,785,DCA_01,0.7132833209532028,0.28324614830799955,LOW,IN_PROGRESS
C9550,31348,306,613,DCA_02,0.5858356671714182,0.4984866558347807,MEDIUM,RECOVERED
C9551,17448,124,546,DCA_01,0.715036852814679,0.4569109826927509,MEDIUM,RECOVERED
C9552,10491,269,737,DCA_02,0.4516364365266507,0.35495315789103965,MEDIUM,IN_PROGRESS
C9553,79648,285,372,DCA_02,0.6047790584249362,0.5531288331164774,MEDIUM,RECOVERED
C9554,97557,121,368,DCA_02,0.4941756413957402,0.527361760224081,MEDIUM,IN_PROGRESS
C9555,59759,346,451,DCA_01,0.6687839208746901,0.6735085214104721,HIGH,IN_PROGRESS
C9556,45553,212,393,DCA_02,0.5310225938787902,0.575330843391052,MEDIUM,RECOVERED
C9557,1968,148,734,DCA_01,0.6529674109148759,0.3306569675623071,MEDIUM,IN_PROGRESS
C9558,1368,78,730,DCA_01,0.7886625158949501,0.257179949079953,LOW,IN_PROGRESS
C9559,74960,14,756,DCA_02,0.6169963472786464,0.18928761480512302,LOW,RECOVERED
C9560,36010,136,729,DCA_02,0.5093643315003997,0.3402754710992677,MEDIUM,RECOVERED
C9561,55154,304,528,DCA_01,0.5114908372389484,0.5548729620783108,MEDIUM,IN_PROGRESS
C9562,36851,280,329,DCA_02,0.8531272240990357,0.5886552949723185,MEDIUM,IN_PROGRESS
C9563,26496,79,634,DCA_01,0.7904523823124723,0.3442322668888298,MEDIUM,IN_PROGRESS
C9564,31936,243,868,DCA_01,0.4182863338149396,0.2821561107893218,LOW,RECOVERED
C9565,79858,193,476,DCA_01,0.8713614041291857,0.4458812022203027,MEDIUM,RECOVERED
C9566,68005,242,867,DCA_02,0.4562825936074153,0.31428252198680795,MEDIUM,RECOVERED
C9567,38493,51,708,DCA_01,0.7264711926110274,0.28156335824949696,LOW,RECOVERED
C9568,70795,232,536,DCA_02,0.6757515407887255,0.4527121761160777,MEDIUM,RECOVERED
C9569,37390,259,577,DCA_02,0.4233364239177818,0.46672604680050533,MEDIUM,RECOVERED
C9570,11292,218,376,DCA_01,0.547586637635796,0.5442706465903411,MEDIUM,IN_PROGRESS
C9571,93377,206,839,DCA_02,0.7879268017931702,0.33488262530618007,MEDIUM,RECOVERED
C9572,29365,314,457,DCA_02,0.5534399202311554,0.5727687410387365,MEDIUM,RECOVERED
C9573,18207,311,466,DCA_02,0.6401661969045209,0.5903240595121843,MEDIUM,IN_PROGRESS
C9574,23912,120,484,DCA_02,0.7489752712536264,0.41806017466267653,MEDIUM,RECOVERED
C9575,81771,80,688,DCA_02,0.4357864219364805,0.3020358315069005,MEDIUM,RECOVERED
C9576,57572,42,311,DCA_01,0.8163028567448978,0.46670978864830104,MEDIUM,RECOVERED
C9577,20276,21,468,DCA_02,0.4207905899107997,0.3194445468986431,MEDIUM,IN_PROGRESS
C9578,98459,10,725,DCA_01,0.5311937242317317,0.25195064264183265,LOW,RECOVERED
C9579,6534,313,748,DCA_01,0.781533632814345,0.36437250377909125,MEDIUM,RECOVERED
C9580,93005,153,793,DCA_01,0.855937575848509,0.2922548084736505,LOW,RECOVERED
C9581,36670,312,748,DCA_02,0.7801718576003018,0.44416698405770516,MEDIUM,RECOVERED
C9582,63147,294,405,DCA_01,0.5134996793991919,0.5304537152556408,MEDIUM,RECOVERED
C9583,99099,86,726,DCA_01,0.8928619103903187,0.29836488305542785,LOW,RECOVERED
C9584,37486,113,397,DCA_01,0.6066671137398569,0.45336638582250655,MEDIUM,RECOVERED
C9585,66557,189,525,DCA_02,0.5882256055172023,0.4319085492700959,MEDIUM,RECOVERED
C9586,35268,112,746,DCA_01,0.8326177497740719,0.2991472903699729,LOW,RECOVERED
C9587,82335,175,775,DCA_02,0.4331044882114033,0.33663011552787614,MEDIUM,IN_PROGRESS
C9588,27336,310,502,DCA_02,0.678040714414905,0.4924614246902963,MEDIUM,RECOVERED
C9589,4641,302,596,DCA_01,0.8828129260665323,0.5251695546311645,MEDIUM,RECOVERED
C9590,88132,4,315,DCA_01,0.4500651679489013,0.40173982439393185,MEDIUM,RECOVERED
C9591,33959,222,677,DCA_01,0.6704245255555485,0.3574198849326895,MEDIUM,IN_PROGRESS
C9592,14306,221,635,DCA_01,0.4662283085041531,0.46132159335151945,MEDIUM,IN_PROGRESS
C9593,47182,171,319,DCA_02,0.8449889817328774,0.48952053576706156,MEDIUM,IN_PROGRESS
C9594,75123,318,739,DCA_02,0.6938741932963077,0.3943030271754796,MEDIUM,RECOVERED
C9595,57326,213,543,DCA_02,0.5173016919066643,0.52304667573119,MEDIUM,RECOVERED
C9596,97895,253,543,DCA_02,0.5535215066083482,0.4534305423465532,MEDIUM,RECOVERED
C9597,22498,124,691,DCA_01,0.6583154866444049,0.31881793946021464,MEDIUM,RECOVERED
C9598,71198,128,561,DCA_01,0.7626740529795895,0.4147399277239576,MEDIUM,RECOVERED
C9599,28197,213,519,DCA_02,0.6437471051961066,0.5203591170896129,MEDIUM,IN_PROGRESS
C9600,21719,112,307,DCA_02,0.4946329719149491,0.5181204045661516,MEDIUM,IN_PROGRESS
C9601,91201,85,745,DCA_01,0.7540656084190032,0.2905644878237309,LOW,IN_PROGRESS
C9602,26032,4,313,DCA_02,0.4591818655391632,0.5124985117304552,MEDIUM,IN_PROGRESS
C9603,60624,65,686,DCA_02,0.8047036495110947,0.2680558156014158,LOW,RECOVERED
C9604,79177,318,321,DCA_02,0.5978000584525573,0.7183695661518075,HIGH,IN_PROGRESS
C9605,42964,346,524,DCA_01,0.7263552926313139,0.5274289391092984,MEDIUM,IN_PROGRESS
C9606,31028,120,534,DCA_01,0.5723500769206028,0.3790844926870717,MEDIUM,IN_PROGRESS
C9607,55646,243,640,DCA_02,0.7345367657752386,0.3819798040016368,MEDIUM,IN_PROGRESS
C9608,82187,137,433,DCA_01,0.8445934556925726,0.443385815473759,MEDIUM,RECOVERED
C9609,9536,247,477,DCA_02,0.7507021349275539,0.5090273709032891,MEDIUM,IN_PROGRESS
C9610,57747,45,855,DCA_01,0.7357044923142947,0.20989824965488335,LOW,RECOVERED
C9611,46712,146,819,DCA_02,0.7787054059812646,0.2611914710195046,LOW,RECOVERED
C9612,7273,176,838,DCA_02,0.6501060052889317,0.29009575643516416,LOW,RECOVERED
C9613,72820,42,736,DCA_01,0.5101463352472138,0.25539945456717406,LOW,RECOVERED
C9614,92228,297,350,DCA_01,0.8077610250595519,0.6172667637113961,HIGH,RECOVERED
C9615,75353,89,742,DCA_01,0.7242409984143556,0.28762669645151395,LOW,IN_PROGRESS
C9616,95491,218,880,DCA_02,0.556910440270989,0.300431795971672,MEDIUM,IN_PROGRESS
C9617,93091,228,580,DCA_01,0.537935083913708,0.5176235393619628,MEDIUM,RECOVERED
C9618,86914,298,343,DCA_02,0.6499644649088452,0.5756824843733819,MEDIUM,IN_PROGRESS
C9619,51830,291,664,DCA_02,0.5036528266439432,0.47388244040014815,MEDIUM,IN_PROGRESS
C9620,18127,67,568,DCA_01,0.8391194160794686,0.3735814969672304,MEDIUM,RECOVERED
C9621,84488,251,864,DCA_01,0.7942866353985999,0.37157280929203307,MEDIUM,RECOVERED
C9622,12539,41,592,DCA_01,0.5541574826555784,0.3360121164029215,MEDIUM,IN_PROGRESS
C9623,47761,99,493,DCA_01,0.4247017738022602,0.4039039342040056,MEDIUM,RECOVERED
C9624,47219,306,670,DCA_01,0.4259340447675869,0.38667760366788984,MEDIUM,IN_PROGRESS
C9625,15692,360,851,DCA_02,0.5485598790274447,0.4389810636887317,MEDIUM,IN_PROGRESS
C9626,84656,342,377,DCA_01,0.4737537121488872,0.6887297353048585,HIGH,IN_PROGRESS
C9627,14334,79,488,DCA_01,0.8366661239617843,0.4570048311381848,MEDIUM,RECOVERED
C9628,29615,301,689,DCA_02,0.6103914070381558,0.45462585758551133,MEDIUM,IN_PROGRESS
C9629,8903,199,324,DCA_02,0.574013246526748,0.5360677169650925,MEDIUM,IN_PROGRESS
C9630,29527,147,601,DCA_01,0.5089495475987706,0.3989592322413147,MEDIUM,IN_PROGRESS
C9631,16629,106,657,DCA_01,0.8206005109464576,0.34331159085828833,MEDIUM,IN_PROGRESS
C9632,59008,193,393,DCA_02,0.7962335002715557,0.6079501089135513,HIGH,IN_PROGRESS
C9633,84276,122,850,DCA_01,0.5921632647965065,0.21133744980261382,LOW,RECOVERED
C9634,27708,77,635,DCA_02,0.4846789251704546,0.3388411120439965,MEDIUM,IN_PROGRESS
C9635,11860,312,463,DCA_02,0.8759941236305011,0.5609383990351673,MEDIUM,IN_PROGRESS
C9636,18438,112,640,DCA_02,0.5579299992404846,0.31029605671397753,MEDIUM,RECOVERED
C9637,68300,349,866,DCA_02,0.7855458609418539,0.38866977397558355,MEDIUM,RECOVERED
C9638,72545,297,371,DCA_02,0.6315247848161072,0.5998270299917445,MEDIUM,RECOVERED
C9639,21842,170,341,DCA_01,0.7908229825021923,0.5164204452041795,MEDIUM,RECOVERED
C9640,61213,6,710,DCA_02,0.640804623055106,0.25224136008984643,LOW,RECOVERED
C9641,43372,197,320,DCA_01,0.8627799019241663,0.5684784216814966,MEDIUM,IN_PROGRESS
C9642,99971,98,300,DCA_01,0.8002116870211187,0.4482670353017709,MEDIUM,RECOVERED
C9643,69906,329,871,DCA_01,0.530144518861543,0.38377817090304145,MEDIUM,RECOVERED
C9644,39744,230,375,DCA_02,0.6151888876025629,0.5295627075755778,MEDIUM,RECOVERED
C9645,58442,168,697,DCA_01,0.4502949031971188,0.29166406897018715,LOW,IN_PROGRESS
C9646,86990,297,387,DCA_02,0.8517356565848605,0.5977650961442079,MEDIUM,IN_PROGRESS
C9647,4650,265,893,DCA_01,0.4346481609789105,0.3304796863002989,MEDIUM,RECOVERED
C9648,46117,8,316,DCA_01,0.4091208041226657,0.5065577550740556,MEDIUM,IN_PROGRESS
C9649,92244,172,628,DCA_01,0.6482165326067313,0.43199488862592206,MEDIUM,IN_PROGRESS
C9650,53772,360,509,DCA_01,0.7015645532464705,0.5779783151471455,MEDIUM,IN_PROGRESS
C9651,4190,195,682,DCA_02,0.5116071961534637,0.4295305792242081,MEDIUM,IN_PROGRESS
C9652,49113,269,864,DCA_01,0.6852745423732125,0.3317647294238203,MEDIUM,RECOVERED
C9653,9789,19,445,DCA_02,0.8477809405553718,0.417204852396292,MEDIUM,RECOVERED
C9654,33125,354,752,DCA_02,0.7130575744478158,0.44327528668657934,MEDIUM,RECOVERED
C9655,99695,352,692,DCA_01,0.6278704181276531,0.5390551516652273,MEDIUM,RECOVERED
C9656,18459,49,609,DCA_02,0.4722144921955914,0.28927548136466774,LOW,RECOVERED
C9657,36418,356,791,DCA_01,0.4844708646611436,0.43076766629695007,MEDIUM,RECOVERED
C9658,48085,338,729,DCA_01,0.6421773508043098,0.3964660440924015,MEDIUM,RECOVERED
C9659,19768,158,300,DCA_01,0.631560679298133,0.5437084821492937,MEDIUM,IN_PROGRESS
C9660,50961,66,340,DCA_01,0.6611943328607384,0.48442369208651315,MEDIUM,RECOVERED
C9661,82099,347,884,DCA_02,0.6539452140130321,0.37137750519734203,MEDIUM,IN_PROGRESS
C9662,28885,59,511,DCA_02,0.5706394480157303,0.330415535932408,MEDIUM,RECOVERED
C9663,88421,309,632,DCA_02,0.7479318150271038,0.49670247168688586,MEDIUM,RECOVERED
C9664,62082,308,745,DCA_02,0.5061055584593948,0.3505688441732605,MEDIUM,RECOVERED
C9665,7895,337,603,DCA_01,0.8261644176973958,0.5092032185625042,MEDIUM,RECOVERED
C9666,51311,159,854,DCA_01,0.4971980580455518,0.2489050280170516,LOW,IN_PROGRESS
C9667,90494,271,453,DCA_02,0.6079436997871059,0.49088379942480764,MEDIUM,IN_PROGRESS
C9668,68067,121,822,DCA_01,0.5053717228460666,0.29387459926599435,LOW,IN_PROGRESS
C9669,72017,254,324,DCA_01,0.7092264025090934,0.6012476974615224,HIGH,RECOVERED
C9670,24932,261,324,DCA_01,0.6388188702864183,0.591208037830693,MEDIUM,RECOVERED
C9671,22360,135,895,DCA_02,0.5871569923875639,0.21021016715019336,LOW,IN_PROGRESS
C9672,55847,274,405,DCA_01,0.6375667412973919,0.5672084538860971,MEDIUM,IN_PROGRESS
C9673,91365,56,418,DCA_02,0.6106202269219877,0.3823077287212924,MEDIUM,RECOVERED
C9674,86468,331,407,DCA_01,0.8275827615471238,0.5441006412110689,MEDIUM,RECOVERED
C9675,39931,96,629,DCA_01,0.462133249431642,0.3403911534749726,MEDIUM,RECOVERED
C9676,56823,114,479,DCA_01,0.7965907106445581,0.4464905194562282,MEDIUM,RECOVERED
C9677,39032,357,430,DCA_01,0.7276647919454782,0.627095302788302,HIGH,IN_PROGRESS
C9678,82426,28,467,DCA_02,0.5741601886721646,0.3790664646854842,MEDIUM,IN_PROGRESS
C9679,19807,306,522,DCA_01,0.8595510305777215,0.43582222593781017,MEDIUM,IN_PROGRESS
C9680,12767,2,768,DCA_02,0.4884728103227966,0.258925368730087,LOW,RECOVERED
C9681,9071,212,577,DCA_01,0.5551441438782626,0.37864679941561397,MEDIUM,RECOVERED
C9682,54413,68,489,DCA_02,0.5874205332692244,0.4118509667320467,MEDIUM,RECOVERED
C9683,27149,128,830,DCA_01,0.7238981405453643,0.3168772749927502,MEDIUM,RECOVERED
C9684,16540,333,825,DCA_01,0.8732056725110268,0.31298946778096004,MEDIUM,RECOVERED
C9685,71248,24,489,DCA_02,0.6967239313639755,0.35677120315162625,MEDIUM,RECOVERED
C9686,92737,253,517,DCA_01,0.8281530428133854,0.5549057435637788,MEDIUM,IN_PROGRESS
C9687,86435,230,598,DCA_01,0.8524866448631665,0.4653470185629298,MEDIUM,IN_PROGRESS
C9688,20787,176,610,DCA_02,0.6332318563184306,0.38036664358730143,MEDIUM,IN_PROGRESS
C9689,21982,221,535,DCA_01,0.6362170633869705,0.4161484351763777,MEDIUM,RECOVERED
C9690,23606,36,467,DCA_01,0.5249988736382197,0.4629204698075533,MEDIUM,RECOVERED
C9691,11150,2,492,DCA_01,0.7007932571756832,0.36005768808681426,MEDIUM,RECOVERED
C9692,86929,361,541,DCA_02,0.4600139113321562,0.5668085713053123,MEDIUM,IN_PROGRESS
C9693,47936,274,461,DCA_01,0.7171643657338413,0.5461154031351025,MEDIUM,RECOVERED
C9694,94286,177,638,DCA_02,0.8464485548157668,0.33606902332672917,MEDIUM,RECOVERED
C9695,9593,264,754,DCA_02,0.7803928441054906,0.4066986585842145,MEDIUM,RECOVERED
C9696,18358,186,434,DCA_02,0.7245941886692278,0.5099782509212629,MEDIUM,IN_PROGRESS
C9697,83143,15,492,DCA_01,0.819201996748553,0.2817232671360127,LOW,RECOVERED
C9698,38381,279,701,DCA_02,0.7649075825527639,0.4474439803334116,MEDIUM,IN_PROGRESS
C9699,91347,194,691,DCA_02,0.6648310045239332,0.3214707666586948,MEDIUM,RECOVERED
C9700,29074,198,900,DCA_02,0.6605321849081192,0.31543662631300795,MEDIUM,RECOVERED
C9701,21595,349,341,DCA_02,0.4535015694322925,0.6574521888418228,HIGH,RECOVERED
C9702,45194,305,392,DCA_01,0.6172073734829983,0.6757384383544962,HIGH,RECOVERED
C9703,50377,64,514,DCA_02,0.6612247298500546,0.29607400768437775,LOW,IN_PROGRESS
C9704,27853,290,648,DCA_01,0.6349585119477605,0.49334582259934523,MEDIUM,IN_PROGRESS
C9705,74719,18,812,DCA_02,0.7880069390898488,0.21564726314654015,LOW,RECOVERED
C9706,21661,64,634,DCA_02,0.4804810161016972,0.3620422831034431,MEDIUM,RECOVERED
C9707,51493,362,698,DCA_02,0.7974494553072393,0.4921772137288237,MEDIUM,IN_PROGRESS
C9708,37495,330,463,DCA_01,0.7708313834114153,0.5837193316489249,MEDIUM,IN_PROGRESS
C9709,14703,358,405,DCA_01,0.8504111635919842,0.5636975821660983,MEDIUM,IN_PROGRESS
C9710,54080,251,531,DCA_02,0.5867274963371414,0.5064649321352488,MEDIUM,RECOVERED
C9711,31815,17,857,DCA_01,0.4882716945158075,0.2042302612574547,LOW,IN_PROGRESS
C9712,30565,141,832,DCA_01,0.7793142934836348,0.2681026399273514,LOW,IN_PROGRESS
C9713,64321,308,476,DCA_02,0.6942154258905242,0.6178457409431133,HIGH,IN_PROGRESS
C9714,59453,320,593,DCA_01,0.7562461741294769,0.467659746009515,MEDIUM,RECOVERED
C9715,89478,245,564,DCA_01,0.8983702354345826,0.47247103574127225,MEDIUM,RECOVERED
C9716,34161,290,819,DCA_02,0.4972698748108522,0.351264004186826,MEDIUM,IN_PROGRESS
C9717,56991,351,569,DCA_02,0.6055258027370689,0.5658204696837537,MEDIUM,IN_PROGRESS
C9718,10716,87,511,DCA_01,0.4963483963620845,0.39349836494418833,MEDIUM,RECOVERED
C9719,34349,199,462,DCA_01,0.830311593622035,0.5508489588693568,MEDIUM,IN_PROGRESS
C9720,48098,358,856,DCA_02,0.4084905126950987,0.40597087321968794,MEDIUM,RECOVERED
C9721,1132,161,352,DCA_01,0.4676115590669558,0.5129289129728971,MEDIUM,RECOVERED
C9722,52990,140,532,DCA_02,0.5239351354853878,0.39539368118328266,MEDIUM,IN_PROGRESS
C9723,69921,76,737,DCA_02,0.7856616019661951,0.279115216638561,LOW,IN_PROGRESS
C9724,37538,19,817,DCA_01,0.7142271014340242,0.21795878857680473,LOW,IN_PROGRESS
C9725,8213,330,343,DCA_02,0.5943061659718256,0.6075377429862212,HIGH,IN_PROGRESS
C9726,45223,50,815,DCA_02,0.4793501515922458,0.26453818144040353,LOW,RECOVERED
C9727,92655,232,874,DCA_01,0.5608043480131191,0.3143354488728177,MEDIUM,IN_PROGRESS
C9728,69371,295,391,DCA_01,0.7717101294404332,0.5460707145385439,MEDIUM,RECOVERED
C9729,69274,12,737,DCA_02,0.5909758495917417,0.2553092400428921,LOW,RECOVERED
C9730,5134,335,636,DCA_02,0.6312976661424373,0.43928974051693637,MEDIUM,RECOVERED
C9731,92428,15,593,DCA_02,0.7043130075841979,0.26755645066524414,LOW,RECOVERED
C9732,40601,28,563,DCA_01,0.8564437715851254,0.25475167731680415,LOW,IN_PROGRESS
C9733,74889,292,404,DCA_02,0.525052633671985,0.6041526385287747,HIGH,IN_PROGRESS
C9734,16690,321,523,DCA_02,0.6239982835548005,0.5140040756051398,MEDIUM,IN_PROGRESS
C9735,2909,250,718,DCA_02,0.5551606724603522,0.37991852549846716,MEDIUM,RECOVERED
C9736,92239,98,414,DCA_02,0.6330934624204628,0.40002175249161787,MEDIUM,RECOVERED
C9737,81032,303,534,DCA_01,0.7482307788364492,0.5550812515881527,MEDIUM,RECOVERED
C9738,13062,337,573,DCA_02,0.6410320477188567,0.5090064049219479,MEDIUM,RECOVERED
C9739,76386,39,529,DCA_01,0.8172681726582081,0.3363516508265647,MEDIUM,RECOVERED
C9740,94237,38,333,DCA_01,0.6766290496702521,0.5204649075889445,MEDIUM,RECOVERED
C9741,35731,300,687,DCA_01,0.5928825859530847,0.5110729409910901,MEDIUM,RECOVERED
C9742,6153,179,800,DCA_01,0.7911605330390711,0.35889424222151634,MEDIUM,IN_PROGRESS
C9743,11481,97,761,DCA_01,0.6156619515116888,0.23431244071616697,LOW,RECOVERED
C9744,67425,282,748,DCA_01,0.657776318069405,0.4476484194719498,MEDIUM,RECOVERED
C9745,64600,238,513,DCA_02,0.8973351807220902,0.4540782187434438,MEDIUM,IN_PROGRESS
C9746,85981,164,345,DCA_02,0.7932158645499954,0.5444541694936371,MEDIUM,IN_PROGRESS
C9747,72997,97,704,DCA_02,0.8275710928705371,0.26936555496691283,LOW,RECOVERED
C9748,29205,257,632,DCA_02,0.6964255140293568,0.4648745066404244,MEDIUM,RECOVERED
C9749,89887,309,539,DCA_02,0.5741082332789524,0.5126138291759882,MEDIUM,IN_PROGRESS
C9750,82542,262,553,DCA_01,0.8956348065711304,0.5724797446261808,MEDIUM,RECOVERED
C9751,45149,293,527,DCA_02,0.5220100480197553,0.5241805822168433,MEDIUM,IN_PROGRESS
C9752,50112,258,465,DCA_02,0.8364084730054231,0.4948070228280853,MEDIUM,IN_PROGRESS
C9753,11940,249,884,DCA_02,0.8556506673363071,0.3019384593906572,MEDIUM,RECOVERED
C9754,60010,245,810,DCA_02,0.8087773905735096,0.39031003233866945,MEDIUM,RECOVERED
C9755,77794,251,897,DCA_01,0.4570420082765643,0.2971286137716407,LOW,RECOVERED
C9756,25485,123,892,DCA_02,0.8270565035106658,0.24554471513256948,LOW,RECOVERED
C9757,90299,325,689,DCA_02,0.7318889698054041,0.43379750805017103,MEDIUM,IN_PROGRESS
C9758,2067,169,722,DCA_02,0.7404119873827153,0.36239008845287957,MEDIUM,RECOVERED
C9759,21607,175,710,DCA_02,0.793265788535304,0.32221846699081136,MEDIUM,RECOVERED
C9760,62597,269,880,DCA_02,0.6452686685812059,0.3413516460717647,MEDIUM,IN_PROGRESS
C9761,75554,204,746,DCA_02,0.5335786002875713,0.3374894220613751,MEDIUM,RECOVERED
C9762,49521,325,702,DCA_01,0.6874660886827264,0.4771084487306464,MEDIUM,IN_PROGRESS
C9763,16187,66,396,DCA_02,0.4543377274710438,0.4341689211020703,MEDIUM,IN_PROGRESS
C9764,4985,315,678,DCA_02,0.7374025526304823,0.43762126537188584,MEDIUM,IN_PROGRESS
C9765,44052,324,485,DCA_01,0.6414704673653049,0.5884403441840282,MEDIUM,RECOVERED
C9766,20563,59,543,DCA_02,0.6511654754647651,0.4372515365364912,MEDIUM,IN_PROGRESS
C9767,48322,219,802,DCA_01,0.4929110470097618,0.2652242166266313,LOW,RECOVERED
C9768,62245,266,587,DCA_02,0.4206414140027504,0.545344114091938,MEDIUM,IN_PROGRESS
C9769,52514,141,668,DCA_01,0.7056348922926678,0.35637216401103566,MEDIUM,RECOVERED
C9770,19608,236,364,DCA_02,0.7294154712420101,0.5287034933302072,MEDIUM,RECOVERED
C9771,68262,218,461,DCA_01,0.6491459762046909,0.5117814201769049,MEDIUM,RECOVERED
C9772,93118,15,896,DCA_02,0.7828656429731927,0.17259484959774274,LOW,RECOVERED
C9773,72327,302,870,DCA_01,0.6818581121288605,0.2914287077414588,LOW,IN_PROGRESS
C9774,58225,138,717,DCA_01,0.8240980084186071,0.3486025197482444,MEDIUM,IN_PROGRESS
C9775,74994,232,780,DCA_02,0.544059297456676,0.3208605813558588,MEDIUM,IN_PROGRESS
C9776,18221,89,568,DCA_01,0.5215541654515577,0.3810847239792018,MEDIUM,IN_PROGRESS
C9777,49506,77,866,DCA_02,0.5305726666984187,0.19634319401055222,LOW,RECOVERED
C9778,21968,136,489,DCA_01,0.415259237631666,0.43391180804365204,MEDIUM,RECOVERED
C9779,83606,110,705,DCA_02,0.8503120362524235,0.33166806978640095,MEDIUM,IN_PROGRESS
C9780,28937,353,788,DCA_01,0.8995932826235016,0.43386692938788707,MEDIUM,RECOVERED
C9781,63435,301,611,DCA_01,0.8082612747018258,0.5010968201180005,MEDIUM,IN_PROGRESS
C9782,50508,91,895,DCA_01,0.606298046744952,0.23867942106617313,LOW,IN_PROGRESS
C9783,42831,190,393,DCA_02,0.576966778055582,0.5108521747789622,MEDIUM,RECOVERED
C9784,43933,73,689,DCA_02,0.787341283933934,0.286341468416511,LOW,RECOVERED
C9785,48307,173,846,DCA_02,0.6549725544761107,0.35896365445442846,MEDIUM,IN_PROGRESS
C9786,49340,35,710,DCA_01,0.8697289248940202,0.2112597064631172,LOW,RECOVERED
C9787,87338,210,511,DCA_02,0.5397898227160189,0.46524594925565965,MEDIUM,IN_PROGRESS
C9788,44601,298,668,DCA_01,0.5619089932152959,0.38187494469732985,MEDIUM,RECOVERED
C9789,76956,133,467,DCA_01,0.8994124553576344,0.5208797880974645,MEDIUM,IN_PROGRESS
C9790,73178,283,313,DCA_02,0.8890873819678238,0.6915613712171338,HIGH,IN_PROGRESS
C9791,86311,198,885,DCA_02,0.842595877578675,0.27474666232713785,LOW,IN_PROGRESS
C9792,29754,32,863,DCA_02,0.6023143438100578,0.1730191443707053,LOW,IN_PROGRESS
C9793,44310,136,506,DCA_01,0.8188063675133712,0.49851310218587064,MEDIUM,IN_PROGRESS
C9794,70893,248,342,DCA_02,0.5416966016121152,0.6377156740649725,HIGH,IN_PROGRESS
C9795,87799,359,741,DCA_01,0.527377335376823,0.4763901063337087,MEDIUM,RECOVERED
C9796,49367,341,814,DCA_02,0.6732188290824725,0.43999189170151354,MEDIUM,IN_PROGRESS
C9797,14201,146,694,DCA_02,0.8301314465887787,0.33518569770488693,MEDIUM,RECOVERED
C9798,3739,334,537,DCA_01,0.4487366045200756,0.6082351808593405,HIGH,IN_PROGRESS
C9799,14231,143,830,DCA_01,0.6826529437918663,0.2612080274668509,LOW,IN_PROGRESS
C9800,43495,234,703,DCA_02,0.7048691784365387,0.37586833078020987,MEDIUM,IN_PROGRESS
C9801,22168,44,513,DCA_01,0.6898988803624571,0.4003606097861746,MEDIUM,RECOVERED
C9802,33624,32,867,DCA_01,0.5092486370288152,0.21134214394354933,LOW,RECOVERED
C9803,11635,231,673,DCA_01,0.4320645723765686,0.3648865117974587,MEDIUM,IN_PROGRESS
C9804,10964,28,431,DCA_02,0.8474959386609923,0.38627339337817346,MEDIUM,RECOVERED
C9805,28785,160,308,DCA_02,0.6872562025931714,0.5942069144850769,MEDIUM,RECOVERED
C9806,96046,333,452,DCA_02,0.7839522166027622,0.5741701285301282,MEDIUM,IN_PROGRESS
C9807,83797,207,730,DCA_01,0.5822185006490899,0.31205143835558935,MEDIUM,IN_PROGRESS
C9808,85790,18,782,DCA_02,0.4212511350067504,0.2595841454118878,LOW,RECOVERED
C9809,77928,103,604,DCA_02,0.5297826545925368,0.37522397112940686,MEDIUM,RECOVERED
C9810,13336,70,583,DCA_02,0.4366828296902701,0.3527696752750288,MEDIUM,RECOVERED
C9811,78475,119,771,DCA_02,0.4391206252406343,0.30872677487842104,MEDIUM,RECOVERED
C9812,28412,139,489,DCA_01,0.5072296724140589,0.49733417897649135,MEDIUM,RECOVERED
C9813,83212,160,827,DCA_01,0.7167890671374868,0.32595783184440696,MEDIUM,RECOVERED
C9814,76379,232,811,DCA_01,0.8088854594849952,0.34288668826341495,MEDIUM,RECOVERED
C9815,46591,148,642,DCA_02,0.8106785154636513,0.37413222785519573,MEDIUM,RECOVERED
C9816,62750,353,729,DCA_02,0.8688782644673264,0.39594537213340997,MEDIUM,RECOVERED
C9817,91648,243,333,DCA_02,0.7281907985071453,0.5260647670376384,MEDIUM,IN_PROGRESS
C9818,97134,35,770,DCA_01,0.4099304707927945,0.25530226450438565,LOW,IN_PROGRESS
C9819,36454,325,693,DCA_02,0.5887012175571562,0.4519226171723407,MEDIUM,RECOVERED
C9820,99537,355,794,DCA_01,0.4557302234371453,0.3404820309446357,MEDIUM,IN_PROGRESS
C9821,63672,239,812,DCA_02,0.7887323736099079,0.3769231512334742,MEDIUM,RECOVERED
C9822,28228,334,621,DCA_02,0.4598445521714963,0.4996778440445784,MEDIUM,RECOVERED
C9823,15429,149,414,DCA_01,0.4529612272877203,0.43567131944009196,MEDIUM,RECOVERED
C9824,85294,111,513,DCA_01,0.4141043158169804,0.36586773585797316,MEDIUM,IN_PROGRESS
C9825,68808,17,444,DCA_01,0.8777513909955974,0.43272104524686283,MEDIUM,RECOVERED
C9826,83886,226,858,DCA_01,0.7928550286515432,0.30829531025048085,MEDIUM,IN_PROGRESS
C9827,54015,140,477,DCA_02,0.5666554088435215,0.4330344255168752,MEDIUM,RECOVERED
C9828,89074,144,659,DCA_02,0.5882196683988512,0.4293297986633152,MEDIUM,RECOVERED
C9829,69936,260,584,DCA_02,0.4297142143561115,0.45981214313359353,MEDIUM,IN_PROGRESS
C9830,81907,217,544,DCA_02,0.4789584630133839,0.4502372098000239,MEDIUM,RECOVERED
C9831,58378,162,505,DCA_01,0.555725686910135,0.48650008546712864,MEDIUM,IN_PROGRESS
C9832,38310,92,883,DCA_02,0.5939339943663486,0.21968401987312813,LOW,RECOVERED
C9833,84683,174,641,DCA_01,0.7099882068351251,0.3512452435615241,MEDIUM,RECOVERED
C9834,69827,331,659,DCA_01,0.5751661751939849,0.4647279844512854,MEDIUM,RECOVERED
C9835,36256,205,798,DCA_01,0.8773002569171072,0.3086346667676221,MEDIUM,RECOVERED
C9836,77428,153,440,DCA_02,0.5713971049921871,0.5040517004126666,MEDIUM,IN_PROGRESS
C9837,39889,103,521,DCA_02,0.8707976799839467,0.35374702297068505,MEDIUM,IN_PROGRESS
C9838,52428,202,688,DCA_02,0.7649298459461285,0.43755780774072195,MEDIUM,IN_PROGRESS
C9839,38207,280,629,DCA_02,0.8499487704111708,0.4291186205268235,MEDIUM,IN_PROGRESS
C9840,51255,65,692,DCA_02,0.7515785924634999,0.32684069696747564,MEDIUM,RECOVERED
C9841,92531,117,657,DCA_02,0.6842920185107075,0.2933838381841076,LOW,IN_PROGRESS
C9842,6409,153,693,DCA_02,0.6545413919541259,0.35372540641399597,MEDIUM,IN_PROGRESS
C9843,43438,156,886,DCA_02,0.5456690858566865,0.2903498218406283,LOW,RECOVERED
C9844,96359,164,339,DCA_02,0.5490869932171956,0.559275948021789,MEDIUM,IN_PROGRESS
C9845,8869,82,572,DCA_02,0.511602922001714,0.3250482379478551,MEDIUM,RECOVERED
C9846,57862,6,719,DCA_02,0.5927704144607362,0.2557434767731004,LOW,IN_PROGRESS
C9847,88937,322,369,DCA_02,0.4634865040421853,0.7009400059248228,HIGH,IN_PROGRESS
C9848,26958,67,757,DCA_02,0.5938025327347994,0.2564506947925984,LOW,RECOVERED
C9849,77302,238,533,DCA_02,0.8168718734762321,0.48309422731566876,MEDIUM,IN_PROGRESS
C9850,20768,72,496,DCA_01,0.8351461431139346,0.4077309066813668,MEDIUM,RECOVERED
C9851,97330,95,808,DCA_01,0.7214151864618016,0.24615448442847476,LOW,RECOVERED
C9852,27145,304,835,DCA_01,0.5284049002765501,0.34401663742982713,MEDIUM,IN_PROGRESS
C9853,76622,326,446,DCA_01,0.5201747392617886,0.6262741779781729,HIGH,IN_PROGRESS
C9854,27442,78,873,DCA_02,0.5389644521646506,0.22532064984598577,LOW,RECOVERED
C9855,82948,67,758,DCA_02,0.6500196130103072,0.28693557136333236,LOW,IN_PROGRESS
C9856,26596,176,366,DCA_02,0.8882222394957158,0.5319795861917379,MEDIUM,RECOVERED
C9857,76791,321,329,DCA_01,0.4545922434841688,0.6190200431090109,HIGH,IN_PROGRESS
C9858,43406,172,406,DCA_01,0.650256047215898,0.5754653027752958,MEDIUM,IN_PROGRESS
C9859,41524,255,689,DCA_02,0.7411221807162245,0.3618003122361573,MEDIUM,RECOVERED
C9860,24332,63,705,DCA_02,0.5228304501278604,0.2566263932899313,LOW,RECOVERED
C9861,16764,302,420,DCA_02,0.8845561381348204,0.5399969803957949,MEDIUM,IN_PROGRESS
C9862,28563,246,310,DCA_02,0.5745108644139474,0.6170676196011706,HIGH,IN_PROGRESS
C9863,88675,192,883,DCA_02,0.8661778057745018,0.26501294711203305,LOW,RECOVERED
C9864,37370,329,646,DCA_01,0.6986777151653877,0.3894651980532996,MEDIUM,RECOVERED
C9865,6062,71,552,DCA_01,0.4020397163369124,0.3264361224596539,MEDIUM,RECOVERED
C9866,45645,229,418,DCA_01,0.5555560690498138,0.5507914551341777,MEDIUM,RECOVERED
C9867,8244,63,819,DCA_01,0.4107743223609799,0.19842855274859306,LOW,IN_PROGRESS
C9868,7372,297,514,DCA_02,0.5907378650231236,0.5324919322229951,MEDIUM,IN_PROGRESS
C9869,86501,245,379,DCA_01,0.8662670157300335,0.598053759749366,MEDIUM,RECOVERED
C9870,65471,7,718,DCA_02,0.789508510181227,0.2481656859161393,LOW,RECOVERED
C9871,17956,260,883,DCA_01,0.7100660654003337,0.32796544962417684,MEDIUM,RECOVERED
C9872,41473,89,588,DCA_02,0.6692760219651929,0.3488025101906497,MEDIUM,RECOVERED
C9873,14894,177,533,DCA_01,0.5862909615943548,0.3492337844382527,MEDIUM,RECOVERED
C9874,99918,204,560,DCA_01,0.5057698515653657,0.4430942146175081,MEDIUM,RECOVERED
C9875,70586,134,321,DCA_01,0.4312624589067743,0.4797190756297848,MEDIUM,RECOVERED
C9876,17709,82,377,DCA_01,0.4950733333624464,0.4191343328784495,MEDIUM,IN_PROGRESS
C9877,82258,21,313,DCA_01,0.5757600413653723,0.4634319003542593,MEDIUM,IN_PROGRESS
C9878,16210,128,447,DCA_02,0.6599955583147836,0.468204337642666,MEDIUM,RECOVERED
C9879,50510,195,329,DCA_02,0.5022019478339285,0.5018262024761607,MEDIUM,RECOVERED
C9880,39674,194,737,DCA_01,0.8871642952842038,0.2946040422730093,LOW,RECOVERED
C9881,18733,184,829,DCA_02,0.4384250733531453,0.31310747698563723,MEDIUM,IN_PROGRESS
C9882,21080,247,362,DCA_01,0.4473959018025303,0.573900387717288,MEDIUM,RECOVERED
C9883,54412,361,729,DCA_02,0.7413011809601624,0.41155536055229125,MEDIUM,RECOVERED
C9884,59971,360,434,DCA_02,0.7775307891486172,0.6792073929657512,HIGH,IN_PROGRESS
C9885,40709,324,456,DCA_02,0.8862257345312192,0.6037426549807405,HIGH,RECOVERED
C9886,60846,160,868,DCA_01,0.6652221107369192,0.29386713625456407,LOW,IN_PROGRESS
C9887,66480,194,553,DCA_01,0.4829669641311409,0.39712668984886756,MEDIUM,RECOVERED
C9888,53960,110,486,DCA_02,0.8689644773855958,0.5042903518640466,MEDIUM,RECOVERED
C9889,42152,66,678,DCA_01,0.8901171967043908,0.3357850896479342,MEDIUM,RECOVERED
C9890,28250,254,626,DCA_01,0.8617569538404174,0.4444456026457193,MEDIUM,RECOVERED
C9891,86765,283,498,DCA_01,0.8358280892523939,0.5818348837652825,MEDIUM,IN_PROGRESS
C9892,49137,60,470,DCA_02,0.4387870522921274,0.43523621303265136,MEDIUM,RECOVERED
C9893,83011,118,614,DCA_02,0.8274365578873882,0.3133457513984267,MEDIUM,RECOVERED
C9894,47412,44,305,DCA_01,0.8766134495033442,0.4134227048914534,MEDIUM,IN_PROGRESS
C9895,44876,210,555,DCA_01,0.6761572389214519,0.47649906350676463,MEDIUM,IN_PROGRESS
C9896,95547,36,619,DCA_01,0.7862939069823325,0.33170080134725444,MEDIUM,RECOVERED
C9897,74664,19,547,DCA_02,0.7304478203207216,0.3316572494748449,MEDIUM,RECOVERED
C9898,51227,91,303,DCA_01,0.5440290615743375,0.4372194477284951,MEDIUM,IN_PROGRESS
C9899,33450,301,812,DCA_01,0.693759904682776,0.350140253520243,MEDIUM,RECOVERED
C9900,85433,212,805,DCA_02,0.8446867258838534,0.38739768745197256,MEDIUM,RECOVERED
C9901,74704,222,330,DCA_02,0.6481926402795457,0.5101738129263567,MEDIUM,IN_PROGRESS
C9902,7861,217,574,DCA_01,0.6950726714182773,0.43613959490803633,MEDIUM,IN_PROGRESS
C9903,62914,223,624,DCA_01,0.665731862486886,0.48680915519461143,MEDIUM,IN_PROGRESS
C9904,64888,98,476,DCA_01,0.5412024386521139,0.39849032661363404,MEDIUM,RECOVERED
C9905,80286,19,586,DCA_01,0.7218315542293401,0.2948010572675893,LOW,RECOVERED
C9906,62293,297,378,DCA_01,0.6547350182268017,0.627563417696942,HIGH,IN_PROGRESS
C9907,83524,26,542,DCA_02,0.5162729973883753,0.31442268319549704,MEDIUM,RECOVERED
C9908,69515,28,800,DCA_01,0.8476890761598261,0.2294714999486086,LOW,RECOVERED
C9909,24524,64,504,DCA_01,0.8750228969679789,0.325072335852318,MEDIUM,RECOVERED
C9910,8065,324,759,DCA_01,0.4276863276408877,0.3289213028714981,MEDIUM,RECOVERED
C9911,38684,223,682,DCA_02,0.7111743784003066,0.33852253419634215,MEDIUM,RECOVERED
C9912,89720,80,632,DCA_01,0.6075228451225978,0.29496177306960136,LOW,IN_PROGRESS
C9913,34365,51,465,DCA_02,0.6629771551458121,0.397880404325032,MEDIUM,IN_PROGRESS
C9914,59876,102,460,DCA_01,0.5869148628874894,0.44615584200277836,MEDIUM,IN_PROGRESS
C9915,24704,176,305,DCA_01,0.6371792417939759,0.5665393967700992,MEDIUM,IN_PROGRESS
C9916,58857,10,504,DCA_01,0.5617169669048261,0.33856895576728374,MEDIUM,RECOVERED
C9917,6622,237,831,DCA_01,0.4588016389479001,0.33855067499726477,MEDIUM,IN_PROGRESS
C9918,84797,100,399,DCA_02,0.5510163183121735,0.49341500041962383,MEDIUM,IN_PROGRESS
C9919,94955,228,344,DCA_02,0.7351661318328968,0.6281080434041164,HIGH,RECOVERED
C9920,92141,64,756,DCA_02,0.425190761265992,0.32192423442832074,MEDIUM,IN_PROGRESS
C9921,95707,19,526,DCA_02,0.5913661930669547,0.34275674684815816,MEDIUM,IN_PROGRESS
C9922,88700,332,614,DCA_01,0.421149583514101,0.5131565563469487,MEDIUM,RECOVERED
C9923,80332,318,351,DCA_02,0.5781331342695625,0.6042793076470143,HIGH,RECOVERED
C9924,97856,141,445,DCA_02,0.4438058457548586,0.4130235457083212,MEDIUM,RECOVERED
C9925,67201,25,580,DCA_01,0.5698200486736495,0.2840224634415338,LOW,RECOVERED
C9926,33694,228,422,DCA_02,0.8190438473308899,0.5699621907032801,MEDIUM,RECOVERED
C9927,90766,89,770,DCA_01,0.7067043507675083,0.28052363192874397,LOW,RECOVERED
C9928,23995,92,596,DCA_02,0.741147212146656,0.30097277196663996,MEDIUM,RECOVERED
C9929,93320,42,811,DCA_02,0.6519000638632968,0.2345104224906296,LOW,RECOVERED
C9930,81141,295,801,DCA_01,0.8611908506932825,0.3461286420783132,MEDIUM,RECOVERED
C9931,83999,81,501,DCA_01,0.6705793191019312,0.39862430191426057,MEDIUM,IN_PROGRESS
C9932,9419,107,714,DCA_01,0.4521470440668602,0.24089989207863705,LOW,RECOVERED
C9933,48952,111,882,DCA_01,0.8665515303145235,0.2766626025273752,LOW,RECOVERED
C9934,34837,277,721,DCA_01,0.4665316839674034,0.47812324127491657,MEDIUM,IN_PROGRESS
C9935,71799,214,819,DCA_02,0.8995851709065404,0.32079659229150004,MEDIUM,RECOVERED
C9936,49877,231,372,DCA_02,0.6176921309079024,0.5479761860334981,MEDIUM,IN_PROGRESS
C9937,46687,306,644,DCA_02,0.4367427335426598,0.4976816088633401,MEDIUM,RECOVERED
C9938,38276,121,326,DCA_01,0.8320510527285645,0.4648725313477454,MEDIUM,RECOVERED
C9939,35523,134,468,DCA_02,0.4464414507482419,0.487004327313282,MEDIUM,RECOVERED
C9940,67055,306,884,DCA_01,0.4872161605059061,0.35070143525970265,MEDIUM,RECOVERED
C9941,55615,208,508,DCA_01,0.6086735260172162,0.5034775651767969,MEDIUM,IN_PROGRESS
C9942,97642,257,842,DCA_01,0.7380931354890786,0.39721740293183216,MEDIUM,IN_PROGRESS
C9943,11514,185,844,DCA_01,0.4605700082069579,0.34458231457715505,MEDIUM,RECOVERED
C9944,48456,286,609,DCA_02,0.7113125919551031,0.4262898444706821,MEDIUM,IN_PROGRESS
C9945,8233,363,479,DCA_02,0.7901931910015882,0.5519930659053254,MEDIUM,IN_PROGRESS
C9946,2102,180,737,DCA_02,0.4617480520732439,0.33486951568942847,MEDIUM,RECOVERED
C9947,67133,48,776,DCA_01,0.7237853059958992,0.24140165175139272,LOW,RECOVERED
C9948,47715,87,694,DCA_01,0.8794379407626485,0.248304301862881,LOW,RECOVERED
C9949,86193,19,841,DCA_02,0.8836975180712687,0.21819087498601208,LOW,RECOVERED
C9950,7256,46,893,DCA_02,0.4808313018852637,0.1928613095756394,LOW,RECOVERED
C9951,65800,56,356,DCA_02,0.7798520432812117,0.4289947136957776,MEDIUM,RECOVERED
C9952,95937,229,473,DCA_01,0.8233162173739252,0.5626371418543131,MEDIUM,IN_PROGRESS
C9953,42548,145,625,DCA_02,0.8444816190294573,0.3588567003780714,MEDIUM,RECOVERED
C9954,73090,92,621,DCA_02,0.561840709278799,0.40249970752179187,MEDIUM,IN_PROGRESS
C9955,79200,82,482,DCA_02,0.5350592247330237,0.4711002586565598,MEDIUM,RECOVERED
C9956,43367,225,534,DCA_01,0.4239305325791782,0.5019682679136699,MEDIUM,RECOVERED
C9957,90922,79,485,DCA_02,0.5997358904398034,0.40136127030747604,MEDIUM,RECOVERED
C9958,71382,150,565,DCA_01,0.4619782244521754,0.41511352414831393,MEDIUM,RECOVERED
C9959,27205,361,628,DCA_02,0.7931286575843985,0.41758998776681955,MEDIUM,RECOVERED
C9960,26570,283,664,DCA_02,0.4714832859342808,0.40363570691732076,MEDIUM,RECOVERED
C9961,31255,311,323,DCA_02,0.8094526749181141,0.6341675016254826,HIGH,IN_PROGRESS
C9962,22182,160,560,DCA_02,0.4538067807373555,0.38884062605045866,MEDIUM,RECOVERED
C9963,40373,316,654,DCA_01,0.6403077396305661,0.4614477501490697,MEDIUM,IN_PROGRESS
C9964,44019,156,495,DCA_01,0.5923171290115824,0.3885470304096865,MEDIUM,RECOVERED
C9965,63619,156,789,DCA_02,0.700771892308799,0.3094041953594714,MEDIUM,RECOVERED
C9966,17043,202,632,DCA_02,0.6593859283225765,0.34770139233735764,MEDIUM,RECOVERED
C9967,46532,341,620,DCA_02,0.6993132630775487,0.5308210352637523,MEDIUM,IN_PROGRESS
C9968,66936,342,746,DCA_02,0.400481842602032,0.41369774583067365,MEDIUM,IN_PROGRESS
C9969,20239,117,676,DCA_01,0.4637518086598739,0.287942577531657,LOW,RECOVERED
C9970,11416,154,502,DCA_01,0.6585600923757133,0.36908374515440934,MEDIUM,IN_PROGRESS
C9971,4412,364,389,DCA_01,0.5148330518433206,0.6705268028429603,HIGH,IN_PROGRESS
C9972,82976,331,476,DCA_02,0.4381585773374894,0.5748370932800879,MEDIUM,RECOVERED
C9973,25406,119,331,DCA_02,0.5088505423438976,0.5062180687714011,MEDIUM,RECOVERED
C9974,2875,199,542,DCA_02,0.7899297790905768,0.436602390180436,MEDIUM,RECOVERED
C9975,38066,263,369,DCA_02,0.6708470465174864,0.5911731434846095,MEDIUM,IN_PROGRESS
C9976,6752,184,370,DCA_02,0.4950384420783044,0.509593019491697,MEDIUM,IN_PROGRESS
C9977,87753,148,457,DCA_02,0.4079891860130495,0.4196435592369059,MEDIUM,IN_PROGRESS
C9978,79025,166,848,DCA_01,0.5787977968198379,0.26175822940164906,LOW,IN_PROGRESS
C9979,2353,75,625,DCA_01,0.578734795901209,0.3238743132975528,MEDIUM,RECOVERED
C9980,27986,236,334,DCA_02,0.767562604321955,0.5567317482544833,MEDIUM,RECOVERED
C9981,87907,314,779,DCA_01,0.859718090713064,0.3999664674280491,MEDIUM,RECOVERED
C9982,15691,272,759,DCA_02,0.5860070294841674,0.32902158021626104,MEDIUM,RECOVERED
C9983,70847,179,715,DCA_02,0.7440663404966181,0.39813302536548134,MEDIUM,IN_PROGRESS
C9984,49075,283,870,DCA_01,0.7174527687917786,0.3830804712456075,MEDIUM,IN_PROGRESS
C9985,11794,51,718,DCA_02,0.6110401422172727,0.21312378245971852,LOW,RECOVERED
C9986,69470,75,810,DCA_01,0.4329450402459586,0.2508064643187715,LOW,IN_PROGRESS
C9987,17406,144,667,DCA_02,0.6367322505521842,0.3517143100094354,MEDIUM,RECOVERED
C9988,76930,343,506,DCA_01,0.5770692778134917,0.5675776089660378,MEDIUM,RECOVERED
C9989,27872,188,660,DCA_01,0.6750971929253442,0.30740287892562657,MEDIUM,RECOVERED
C9990,42708,123,735,DCA_02,0.4626985392337146,0.340817610393524,MEDIUM,RECOVERED
C9991,21800,332,877,DCA_02,0.7621199014827118,0.40905004915062826,MEDIUM,IN_PROGRESS
C9992,44397,251,569,DCA_01,0.7938752169293386,0.49938610143999396,MEDIUM,RECOVERED
C9993,38909,296,532,DCA_01,0.5942308207715414,0.5242979695315919,MEDIUM,RECOVERED
C9994,22352,323,405,DCA_02,0.4876379304489302,0.598942565190187,MEDIUM,IN_PROGRESS
C9995,94848,130,317,DCA_01,0.7117890056263277,0.5796882765618149,MEDIUM,RECOVERED
C9996,16438,252,794,DCA_02,0.8779059837869452,0.379277980121409,MEDIUM,RECOVERED
C9997,89921,358,559,DCA_01,0.7502515847148524,0.5469786994242147,MEDIUM,RECOVERED
C9998,45999,180,784,DCA_02,0.4617411169848074,0.25256310577928787,LOW,IN_PROGRESS
C9999,19482,349,612,DCA_01,0.5986100490838907,0.4498191885982262,MEDIUM,RECOVERED
C10000,33471,110,401,DCA_02,0.8576844236449039,0.41775353250589065,MEDIUM,RECOVERED
